purchase_id,rating,body,is_holdout,reviewed_at
1,4,순이에게 주려고 피부를 자꾸 긁어서 찾아봤어요. 잘 먹어서 다행이에요. 한창때라 그런지 급여량이 넉넉히 필요해요. 떨어지면 다시 주문하려고요.,0,2026-05-29 11:25:43
2,4,감자에게 주려고 치석이 껴서 알아보다 샀어요. 그릇을 비우는 걸 보니 마음이 놓여요. 떨어지면 다시 주문하려고요.,0,2026-02-07 02:09:11
3,5,감자에게 주려고 피부를 자꾸 긁어서 찾아봤어요. 정신없이 먹어요. 주변에도 추천하고 있어요.,0,2026-05-31 14:40:10
4,3,아톰에게 주려고 털 상태가 계속 신경 쓰였어요. 그럭저럭 먹는 편이에요. 보관이 편한 점이 좋아요. 한창때라 그런지 급여량이 넉넉히 필요해요. 가격을 보고 재구매를 정하려고요.,0,2026-06-27 03:43:12
5,2,아톰에게 주려고 신장 수치가 걱정돼서요. 억지로 먹이는 느낌이라 아쉬워요. 한 번 더 줘보고 결정하려 합니다.,0,2026-08-16 08:29:30
6,5,아톰에게 주려고 살이 붙어서 고민하다 골랐어요. 정신없이 먹어요. 입이 작은 아이인데 알맞은 크기예요. 한창때라 그런지 급여량이 넉넉히 필요해요. 수수 알레르기가 있어 원료를 하나하나 확인하고 샀어요. 주변에도 추천하고 있어요.,0,2025-11-17 13:47:53
7,5,달이에게 주려고 작게 끊어 주기 좋아 보여 골랐어요. 봉지 소리만 나도 달려옵니다. 주변에도 추천하고 있어요.,0,2026-08-07 05:27:15
8,4,달이에게 주려고 피부를 자꾸 긁어서 찾아봤어요. 그릇을 비우는 걸 보니 마음이 놓여요. 한창때라 그런지 급여량이 넉넉히 필요해요. 견과류이 들어간 걸 먹으면 긁어서 성분표부터 봤습니다. 다음에도 살 것 같아요.,0,2025-09-02 14:41:38
9,5,달이에게 주려고 소화가 편한 걸 고르고 싶었어요. 봉지 소리만 나도 달려옵니다. 한 봉지로 같이 먹입니다. 한창때라 그런지 급여량이 넉넉히 필요해요. 견과류이 들어간 걸 먹으면 긁어서 성분표부터 봤습니다. 바로 재구매했습니다.,0,2025-08-30 22:33:21
10,4,달이에게 주려고 먹던 사료가 안 맞는 것 같아 바꿔봤어요. 그릇을 비우는 걸 보니 마음이 놓여요. 알갱이가 단단해 오래 씹어요. 덩치가 있어 양이 금방 줄어요. 견과류이 들어간 걸 먹으면 긁어서 성분표부터 봤습니다. 다음에도 살 것 같아요.,0,2025-11-19 16:17:38
11,3,달이에게 주려고 수제라 믿음이 가서 골랐어요. 주면 먹기는 하는데 열광하진 않아요. 바삭해서 손에 묻지 않아요. 가격을 보고 재구매를 정하려고요.,0,2025-12-06 21:24:41
12,4,달이에게 주려고 살이 붙어서 고민하다 골랐어요. 잘 먹어서 다행이에요. 알갱이가 단단해 오래 씹어요. 덩치가 있어 양이 금방 줄어요. 한창때라 그런지 급여량이 넉넉히 필요해요. 떨어지면 다시 주문하려고요.,0,2026-02-24 00:15:44
13,4,밤비에게 주려고 산책 뒤에 다리를 아껴주고 싶었어요. 잘 먹어서 다행이에요. 가볍고 부스러기가 적어요. 한창때라 그런지 급여량이 넉넉히 필요해요. 곤충단백 알레르기가 있어 원료를 하나하나 확인하고 샀어요. 다음에도 살 것 같아요.,0,2026-08-17 05:08:11
14,5,밤비에게 주려고 주식을 바꿔볼까 해서 골랐어요. 봉지 소리만 나도 달려옵니다. 알갱이가 단단해 오래 씹어요. 곤충단백이 들어간 걸 먹으면 긁어서 성분표부터 봤습니다. 주변에도 추천하고 있어요.,0,2026-04-14 23:42:11
15,4,베리에게 주려고 소화가 편한 걸 고르고 싶었어요. 그릇을 비우는 걸 보니 마음이 놓여요. 알갱이가 단단해 오래 씹어요. 땅콩 알레르기가 있어 원료를 하나하나 확인하고 샀어요. 떨어지면 다시 주문하려고요.,0,2026-03-23 05:58:38
16,5,가을에게 주려고 신장 수치가 걱정돼서요. 정신없이 먹어요. 보관이 편한 점이 좋아요. 한 번에 먹기 딱 좋은 크기예요. 소고기 알레르기가 있어 원료를 하나하나 확인하고 샀어요. 주변에도 추천하고 있어요.,0,2026-02-01 09:01:42
17,5,망고에게 주려고 피부를 자꾸 긁어서 찾아봤어요. 정신없이 먹어요. 바삭해서 손에 묻지 않아요. 한 번에 먹기 딱 좋은 크기예요. 계란이 들어간 걸 먹으면 긁어서 성분표부터 봤습니다. 주변에도 추천하고 있어요.,0,2026-08-10 06:46:06
18,3,망고에게 주려고 훈련 보상용으로 샀어요. 그럭저럭 먹는 편이에요. 한 봉지로 같이 먹입니다. 무난해서 당분간은 이걸로 갑니다.,0,2026-07-26 03:27:11
19,5,밤비에게 주려고 훈련 보상용으로 샀어요. 봉지 소리만 나도 달려옵니다. 작은 아이 입에도 부담이 없어요. 주변에도 추천하고 있어요.,0,2025-11-29 05:47:42
20,5,밤비에게 주려고 물을 잘 안 마시는 편이라 신경 쓰였어요. 정신없이 먹어요. 알갱이가 단단해 오래 씹어요. 한창때라 그런지 급여량이 넉넉히 필요해요. 주변에도 추천하고 있어요.,0,2026-08-08 03:44:35
21,5,밤비에게 주려고 관절이 약해 보여 걱정이었어요. 봉지 소리만 나도 달려옵니다. 보관이 편한 점이 좋아요. 작은 아이 입에도 부담이 없어요. 한창때라 그런지 급여량이 넉넉히 필요해요. 주변에도 추천하고 있어요.,0,2026-05-24 12:00:52
22,3,밤비에게 주려고 치석이 껴서 알아보다 샀어요. 주면 먹기는 하는데 열광하진 않아요. 가격을 보고 재구매를 정하려고요.,0,2026-07-28 18:24:35
23,5,모카에게 주려고 양치를 싫어해서 대신할 걸 찾았어요. 정신없이 먹어요. 보관이 편한 점이 좋아요. 작은 아이 입에도 부담이 없어요. 주변에도 추천하고 있어요.,0,2025-07-06 18:54:08
24,5,모카에게 주려고 산책 뒤에 다리를 아껴주고 싶었어요. 봉지 소리만 나도 달려옵니다. 한창때라 그런지 급여량이 넉넉히 필요해요. 주변에도 추천하고 있어요.,0,2026-06-25 15:10:17
25,5,모카에게 주려고 살이 붙어서 고민하다 골랐어요. 봉지 소리만 나도 달려옵니다. 알갱이가 단단해 오래 씹어요. 작은 아이 입에도 부담이 없어요. 아직 어려서 조금씩 나눠 급여하고 있어요. 주변에도 추천하고 있어요.,0,2025-07-03 00:21:11
26,4,모카에게 주려고 먹던 사료가 안 맞는 것 같아 바꿔봤어요. 그릇을 비우는 걸 보니 마음이 놓여요. 떨어지면 다시 주문하려고요.,0,2025-12-14 04:34:32
27,5,몽이에게 주려고 털 상태가 계속 신경 쓰였어요. 봉지 소리만 나도 달려옵니다. 신선한 느낌이 들어요. 한 번에 먹기 딱 좋은 크기예요. 한창때라 그런지 급여량이 넉넉히 필요해요. 주변에도 추천하고 있어요.,0,2026-07-12 06:56:27
28,2,몽이에게 주려고 물을 잘 안 마시는 편이라 신경 쓰였어요. 억지로 먹이는 느낌이라 아쉬워요. 한 번에 먹기 딱 좋은 크기예요. 한창때라 그런지 급여량이 넉넉히 필요해요. 호밀이 들어간 걸 먹으면 긁어서 성분표부터 봤습니다. 재구매는 조금 더 고민해보려고요.,0,2026-07-12 22:57:34
29,1,몽이에게 주려고 관절이 약해 보여 걱정이었어요. 거의 입도 안 댔어요. 한 번에 먹기 딱 좋은 크기예요. 한창때라 그런지 급여량이 넉넉히 필요해요. 다른 제품을 다시 찾아봐야겠어요.,0,2026-07-13 14:21:57
30,4,몽이에게 주려고 먹던 사료가 안 맞는 것 같아 바꿔봤어요. 그릇을 비우는 걸 보니 마음이 놓여요. 호밀이 들어간 걸 먹으면 긁어서 성분표부터 봤습니다. 떨어지면 다시 주문하려고요.,0,2026-07-14 10:23:34
31,5,몽이에게 주려고 신장 수치가 걱정돼서요. 정신없이 먹어요. 한 번에 먹기 딱 좋은 크기예요. 호밀이 들어간 걸 먹으면 긁어서 성분표부터 봤습니다. 주변에도 추천하고 있어요.,0,2026-07-28 04:12:31
32,4,몽이에게 주려고 새로운 간식을 찾다가 골랐어요. 잘 먹어서 다행이에요. 한 번에 먹기 딱 좋은 크기예요. 한창때라 그런지 급여량이 넉넉히 필요해요. 다음에도 살 것 같아요.,0,2026-07-30 00:46:28
33,5,슈슈에게 주려고 속이 자주 안 좋아서 찾아봤어요. 봉지 소리만 나도 달려옵니다. 주변에도 추천하고 있어요.,0,2026-07-12 20:27:20
34,1,슈슈에게 주려고 신장 수치가 걱정돼서요. 냄새만 맡고 돌아서네요. 입이 작은 아이인데 알맞은 크기예요. 재구매는 어려울 것 같아요.,0,2026-08-03 01:06:50
35,3,슈슈에게 주려고 작게 끊어 주기 좋아 보여 골랐어요. 주면 먹기는 하는데 열광하진 않아요. 가볍고 부스러기가 적어요. 소고기이 들어간 걸 먹으면 긁어서 성분표부터 봤습니다. 무난해서 당분간은 이걸로 갑니다.,0,2026-08-10 10:54:46
36,4,가을에게 주려고 피부를 자꾸 긁어서 찾아봤어요. 잘 먹어서 다행이에요. 부드러워서 잘 넘겨요. 작은 아이 입에도 부담이 없어요. 한창때라 그런지 급여량이 넉넉히 필요해요. 떨어지면 다시 주문하려고요.,0,2026-07-11 15:13:57
37,4,가을에게 주려고 물을 잘 안 마시는 편이라 신경 쓰였어요. 그릇을 비우는 걸 보니 마음이 놓여요. 둘 다 먹일 수 있어 편해요. 한창때라 그런지 급여량이 넉넉히 필요해요. 다음에도 살 것 같아요.,0,2026-07-15 21:39:51
38,5,가을에게 주려고 물을 잘 안 마시는 편이라 신경 쓰였어요. 정신없이 먹어요. 한창때라 그런지 급여량이 넉넉히 필요해요. 주변에도 추천하고 있어요.,0,2026-07-17 18:13:10
39,4,가을에게 주려고 주식을 바꿔볼까 해서 골랐어요. 그릇을 비우는 걸 보니 마음이 놓여요. 둘 다 먹일 수 있어 편해요. 작은 아이 입에도 부담이 없어요. 떨어지면 다시 주문하려고요.,0,2026-07-19 04:14:34
40,4,가을에게 주려고 속이 자주 안 좋아서 찾아봤어요. 그릇을 비우는 걸 보니 마음이 놓여요. 알갱이가 단단해 오래 씹어요. 작은 아이 입에도 부담이 없어요. 한창때라 그런지 급여량이 넉넉히 필요해요. 떨어지면 다시 주문하려고요.,0,2026-07-20 19:09:22
41,5,가을에게 주려고 신장 수치가 걱정돼서요. 봉지 소리만 나도 달려옵니다. 바삭해서 손에 묻지 않아요. 한창때라 그런지 급여량이 넉넉히 필요해요. 바로 재구매했습니다.,0,2026-07-29 00:18:30
42,3,가을에게 주려고 물을 잘 안 마시는 편이라 신경 쓰였어요. 그럭저럭 먹는 편이에요. 보관이 편한 점이 좋아요. 작은 아이 입에도 부담이 없어요. 가격을 보고 재구매를 정하려고요.,0,2026-08-01 13:15:06
43,5,가을에게 주려고 주식을 바꿔볼까 해서 골랐어요. 봉지 소리만 나도 달려옵니다. 보관이 편한 점이 좋아요. 한창때라 그런지 급여량이 넉넉히 필요해요. 주변에도 추천하고 있어요.,0,2026-08-04 18:24:13
44,3,치즈에게 주려고 주식을 바꿔볼까 해서 골랐어요. 그럭저럭 먹는 편이에요. 알갱이가 단단해 오래 씹어요. 무난해서 당분간은 이걸로 갑니다.,0,2026-08-21 16:12:03
45,2,치즈에게 주려고 먹던 사료가 안 맞는 것 같아 바꿔봤어요. 처음엔 먹다가 금방 남기더라고요. 부드러워서 잘 넘겨요. 한창때라 그런지 급여량이 넉넉히 필요해요. 곤충단백 알레르기가 있어 원료를 하나하나 확인하고 샀어요. 한 번 더 줘보고 결정하려 합니다.,0,2026-07-28 05:12:41
46,4,떡볶이에게 주려고 주식을 바꿔볼까 해서 골랐어요. 잘 먹어서 다행이에요. 보관이 편한 점이 좋아요. 작은 아이 입에도 부담이 없어요. 떨어지면 다시 주문하려고요.,0,2026-08-05 15:48:30
47,5,망고에게 주려고 관절이 약해 보여 걱정이었어요. 봉지 소리만 나도 달려옵니다. 알갱이가 단단해 오래 씹어요. 주변에도 추천하고 있어요.,0,2026-04-27 06:40:05
48,5,망고에게 주려고 새로운 간식을 찾다가 골랐어요. 정신없이 먹어요. 바로 재구매했습니다.,0,2026-05-23 21:00:15
49,5,망고에게 주려고 양치를 싫어해서 대신할 걸 찾았어요. 봉지 소리만 나도 달려옵니다. 한 번에 먹기 딱 좋은 크기예요. 바로 재구매했습니다.,0,2026-06-25 17:04:35
50,5,레오에게 주려고 첨가물이 적은 걸 찾다가 샀어요. 봉지 소리만 나도 달려옵니다. 한 봉지로 같이 먹입니다. 나이가 있어 부드러운 쪽을 신경 쓰게 되네요. 바로 재구매했습니다.,0,2026-04-06 10:54:59
51,3,레오에게 주려고 치석이 껴서 알아보다 샀어요. 그럭저럭 먹는 편이에요. 작은 아이 입에도 부담이 없어요. 치즈 알레르기가 있어 원료를 하나하나 확인하고 샀어요. 무난해서 당분간은 이걸로 갑니다.,0,2026-07-20 22:46:05
52,5,레오에게 주려고 산책 뒤에 다리를 아껴주고 싶었어요. 정신없이 먹어요. 치즈이 들어간 걸 먹으면 긁어서 성분표부터 봤습니다. 바로 재구매했습니다.,0,2025-12-02 19:22:19
53,5,레오에게 주려고 주식을 바꿔볼까 해서 골랐어요. 정신없이 먹어요. 부드러워서 잘 넘겨요. 치즈 알레르기가 있어 원료를 하나하나 확인하고 샀어요. 주변에도 추천하고 있어요.,0,2025-12-06 17:20:03
54,4,레오에게 주려고 산책 뒤에 다리를 아껴주고 싶었어요. 그릇을 비우는 걸 보니 마음이 놓여요. 알갱이가 단단해 오래 씹어요. 나이가 있어 부드러운 쪽을 신경 쓰게 되네요. 다음에도 살 것 같아요.,0,2026-01-31 09:53:45
55,5,레오에게 주려고 관절이 약해 보여 걱정이었어요. 정신없이 먹어요. 치즈 알레르기가 있어 원료를 하나하나 확인하고 샀어요. 주변에도 추천하고 있어요.,0,2026-08-18 18:45:36
56,5,레오에게 주려고 피부를 자꾸 긁어서 찾아봤어요. 정신없이 먹어요. 가볍고 부스러기가 적어요. 나이가 있어 부드러운 쪽을 신경 쓰게 되네요. 치즈 알레르기가 있어 원료를 하나하나 확인하고 샀어요. 주변에도 추천하고 있어요.,0,2026-06-01 09:03:53
57,5,레오에게 주려고 피부를 자꾸 긁어서 찾아봤어요. 정신없이 먹어요. 가볍고 부스러기가 적어요. 나이가 있어 부드러운 쪽을 신경 쓰게 되네요. 치즈이 들어간 걸 먹으면 긁어서 성분표부터 봤습니다. 바로 재구매했습니다.,0,2026-07-04 20:38:41
58,4,설이에게 주려고 살이 붙어서 고민하다 골랐어요. 잘 먹어서 다행이에요. 한창때라 그런지 급여량이 넉넉히 필요해요. 다음에도 살 것 같아요.,0,2026-02-26 01:19:27
59,5,설이에게 주려고 주식을 바꿔볼까 해서 골랐어요. 봉지 소리만 나도 달려옵니다. 알갱이가 단단해 오래 씹어요. 한 번에 먹기 딱 좋은 크기예요. 바로 재구매했습니다.,0,2026-07-09 04:54:40
60,4,설이에게 주려고 털 상태가 계속 신경 쓰였어요. 그릇을 비우는 걸 보니 마음이 놓여요. 다음에도 살 것 같아요.,0,2026-01-27 00:31:31
61,1,설이에게 주려고 소화가 편한 걸 고르고 싶었어요. 냄새만 맡고 돌아서네요. 신선한 느낌이 들어요. 한 번에 먹기 딱 좋은 크기예요. 다른 제품을 다시 찾아봐야겠어요.,0,2026-02-20 23:53:41
62,5,베리에게 주려고 관절이 약해 보여 걱정이었어요. 정신없이 먹어요. 알갱이가 단단해 오래 씹어요. 바로 재구매했습니다.,0,2026-04-29 14:59:54
63,5,베리에게 주려고 먹던 사료가 안 맞는 것 같아 바꿔봤어요. 정신없이 먹어요. 보관이 편한 점이 좋아요. 덩치가 있어 양이 금방 줄어요. 바로 재구매했습니다.,0,2026-05-16 22:07:53
64,3,베리에게 주려고 주식을 바꿔볼까 해서 골랐어요. 그럭저럭 먹는 편이에요. 무난해서 당분간은 이걸로 갑니다.,0,2026-05-24 11:45:52
65,5,베리에게 주려고 물을 잘 안 마시는 편이라 신경 쓰였어요. 봉지 소리만 나도 달려옵니다. 수분이 많아 물 대신 챙겨주기 좋아요. 덩치가 있어 양이 금방 줄어요. 나이가 있어 부드러운 쪽을 신경 쓰게 되네요. 바로 재구매했습니다.,0,2026-05-25 22:02:46
66,4,베리에게 주려고 산책 뒤에 다리를 아껴주고 싶었어요. 잘 먹어서 다행이에요. 가볍고 부스러기가 적어요. 다음에도 살 것 같아요.,0,2026-06-03 11:03:06
67,4,베리에게 주려고 산책 뒤에 다리를 아껴주고 싶었어요. 잘 먹어서 다행이에요. 알갱이가 단단해 오래 씹어요. 떨어지면 다시 주문하려고요.,0,2026-08-01 11:53:18
68,3,몽이에게 주려고 털 상태가 계속 신경 쓰였어요. 그럭저럭 먹는 편이에요. 바삭해서 손에 묻지 않아요. 무난해서 당분간은 이걸로 갑니다.,0,2026-08-05 23:37:57
69,2,몽이에게 주려고 체중 관리가 필요하다고 해서요. 처음엔 먹다가 금방 남기더라고요. 덩치가 있어 양이 금방 줄어요. 재구매는 조금 더 고민해보려고요.,0,2026-08-07 22:55:18
70,3,몽이에게 주려고 피부를 자꾸 긁어서 찾아봤어요. 주면 먹기는 하는데 열광하진 않아요. 덩치가 있어 양이 금방 줄어요. 무난해서 당분간은 이걸로 갑니다.,0,2026-07-20 20:05:18
71,2,몽이에게 주려고 소화가 편한 걸 고르고 싶었어요. 억지로 먹이는 느낌이라 아쉬워요. 보관이 편한 점이 좋아요. 한 번 더 줘보고 결정하려 합니다.,0,2026-08-22 09:56:15
72,4,몽이에게 주려고 관절이 약해 보여 걱정이었어요. 그릇을 비우는 걸 보니 마음이 놓여요. 알갱이가 단단해 오래 씹어요. 떨어지면 다시 주문하려고요.,0,2026-06-22 17:27:55
73,5,몽이에게 주려고 먹던 사료가 안 맞는 것 같아 바꿔봤어요. 봉지 소리만 나도 달려옵니다. 덩치가 있어 양이 금방 줄어요. 한창때라 그런지 급여량이 넉넉히 필요해요. 주변에도 추천하고 있어요.,0,2026-08-06 15:31:25
74,4,베리에게 주려고 털 상태가 계속 신경 쓰였어요. 그릇을 비우는 걸 보니 마음이 놓여요. 떨어지면 다시 주문하려고요.,0,2026-07-31 00:44:13
75,2,베리에게 주려고 양치를 싫어해서 대신할 걸 찾았어요. 처음엔 먹다가 금방 남기더라고요. 가볍고 부스러기가 적어요. 한 번에 먹기 딱 좋은 크기예요. 한 번 더 줘보고 결정하려 합니다.,0,2026-07-12 01:27:42
76,3,베리에게 주려고 주식을 바꿔볼까 해서 골랐어요. 주면 먹기는 하는데 열광하진 않아요. 수분이 많아 물 대신 챙겨주기 좋아요. 한창때라 그런지 급여량이 넉넉히 필요해요. 무난해서 당분간은 이걸로 갑니다.,0,2026-08-24 20:08:49
77,3,베리에게 주려고 치석이 껴서 알아보다 샀어요. 주면 먹기는 하는데 열광하진 않아요. 무난해서 당분간은 이걸로 갑니다.,0,2026-08-20 10:51:36
78,5,베리에게 주려고 속이 자주 안 좋아서 찾아봤어요. 봉지 소리만 나도 달려옵니다. 주변에도 추천하고 있어요.,0,2026-07-25 21:06:00
79,2,베리에게 주려고 작게 끊어 주기 좋아 보여 골랐어요. 억지로 먹이는 느낌이라 아쉬워요. 재구매는 조금 더 고민해보려고요.,0,2026-08-21 16:56:14
80,5,유리에게 주려고 먹던 사료가 안 맞는 것 같아 바꿔봤어요. 정신없이 먹어요. 알갱이가 단단해 오래 씹어요. 한창때라 그런지 급여량이 넉넉히 필요해요. 곡물 알레르기가 있어 원료를 하나하나 확인하고 샀어요. 바로 재구매했습니다.,0,2026-06-23 18:50:08
81,4,유리에게 주려고 체중 관리가 필요하다고 해서요. 그릇을 비우는 걸 보니 마음이 놓여요. 떨어지면 다시 주문하려고요.,0,2026-07-19 15:43:24
82,5,유리에게 주려고 피부를 자꾸 긁어서 찾아봤어요. 봉지 소리만 나도 달려옵니다. 보관이 편한 점이 좋아요. 한창때라 그런지 급여량이 넉넉히 필요해요. 곡물 알레르기가 있어 원료를 하나하나 확인하고 샀어요. 바로 재구매했습니다.,0,2026-08-03 03:48:49
83,2,모카에게 주려고 관절이 약해 보여 걱정이었어요. 억지로 먹이는 느낌이라 아쉬워요. 바삭해서 손에 묻지 않아요. 작은 아이 입에도 부담이 없어요. 재구매는 조금 더 고민해보려고요.,0,2026-05-30 11:38:36
84,3,모카에게 주려고 속이 자주 안 좋아서 찾아봤어요. 그럭저럭 먹는 편이에요. 둘 다 먹일 수 있어 편해요. 작은 아이 입에도 부담이 없어요. 한창때라 그런지 급여량이 넉넉히 필요해요. 가격을 보고 재구매를 정하려고요.,0,2026-02-04 10:55:57
85,4,모카에게 주려고 살이 붙어서 고민하다 골랐어요. 잘 먹어서 다행이에요. 알갱이가 단단해 오래 씹어요. 다음에도 살 것 같아요.,0,2026-01-28 12:38:44
86,5,모카에게 주려고 산책 뒤에 다리를 아껴주고 싶었어요. 정신없이 먹어요. 한창때라 그런지 급여량이 넉넉히 필요해요. 바로 재구매했습니다.,0,2026-06-24 15:38:14
87,1,모카에게 주려고 체중 관리가 필요하다고 해서요. 거의 입도 안 댔어요. 보관이 편한 점이 좋아요. 작은 아이 입에도 부담이 없어요. 한창때라 그런지 급여량이 넉넉히 필요해요. 재구매는 어려울 것 같아요.,0,2026-02-24 08:33:10
88,5,모카에게 주려고 속이 자주 안 좋아서 찾아봤어요. 봉지 소리만 나도 달려옵니다. 수분이 많아 물 대신 챙겨주기 좋아요. 한창때라 그런지 급여량이 넉넉히 필요해요. 바로 재구매했습니다.,0,2026-05-27 05:58:40
89,3,탄이에게 주려고 산책 뒤에 다리를 아껴주고 싶었어요. 그럭저럭 먹는 편이에요. 한 봉지로 같이 먹입니다. 덩치가 있어 양이 금방 줄어요. 나이가 있어 부드러운 쪽을 신경 쓰게 되네요. 무난해서 당분간은 이걸로 갑니다.,0,2026-02-28 04:37:46
90,2,탄이에게 주려고 먹던 사료가 안 맞는 것 같아 바꿔봤어요. 처음엔 먹다가 금방 남기더라고요. 덩치가 있어 양이 금방 줄어요. 한 번 더 줘보고 결정하려 합니다.,0,2026-05-05 21:36:24
91,3,탄이에게 주려고 주식을 바꿔볼까 해서 골랐어요. 주면 먹기는 하는데 열광하진 않아요. 수수이 들어간 걸 먹으면 긁어서 성분표부터 봤습니다. 가격을 보고 재구매를 정하려고요.,0,2025-09-29 21:54:59
92,5,탄이에게 주려고 주식을 바꿔볼까 해서 골랐어요. 정신없이 먹어요. 덩치가 있어 양이 금방 줄어요. 수수이 들어간 걸 먹으면 긁어서 성분표부터 봤습니다. 주변에도 추천하고 있어요.,0,2025-12-13 18:51:59
93,5,탄이에게 주려고 관절이 약해 보여 걱정이었어요. 봉지 소리만 나도 달려옵니다. 작은 아이 입에도 부담이 없어요. 바로 재구매했습니다.,0,2026-08-11 05:48:11
94,3,탄이에게 주려고 소화가 편한 걸 고르고 싶었어요. 주면 먹기는 하는데 열광하진 않아요. 알갱이가 단단해 오래 씹어요. 작은 아이 입에도 부담이 없어요. 한창때라 그런지 급여량이 넉넉히 필요해요. 무난해서 당분간은 이걸로 갑니다.,0,2026-04-15 22:12:21
95,4,두부에게 주려고 피부를 자꾸 긁어서 찾아봤어요. 그릇을 비우는 걸 보니 마음이 놓여요. 한 번에 먹기 딱 좋은 크기예요. 한창때라 그런지 급여량이 넉넉히 필요해요. 다음에도 살 것 같아요.,0,2026-05-10 13:57:45
96,2,두부에게 주려고 치석이 껴서 알아보다 샀어요. 처음엔 먹다가 금방 남기더라고요. 보관이 편한 점이 좋아요. 한 번에 먹기 딱 좋은 크기예요. 재구매는 조금 더 고민해보려고요.,0,2026-07-15 12:53:30
97,3,모카에게 주려고 신장 수치가 걱정돼서요. 주면 먹기는 하는데 열광하진 않아요. 작은 아이 입에도 부담이 없어요. 연어 알레르기가 있어 원료를 하나하나 확인하고 샀어요. 무난해서 당분간은 이걸로 갑니다.,0,2026-07-19 02:15:49
98,5,모카에게 주려고 소화가 편한 걸 고르고 싶었어요. 정신없이 먹어요. 보관이 편한 점이 좋아요. 작은 아이 입에도 부담이 없어요. 연어 알레르기가 있어 원료를 하나하나 확인하고 샀어요. 주변에도 추천하고 있어요.,0,2026-04-13 15:45:40
99,4,모카에게 주려고 양치를 싫어해서 대신할 걸 찾았어요. 잘 먹어서 다행이에요. 알갱이가 단단해 오래 씹어요. 작은 아이 입에도 부담이 없어요. 다음에도 살 것 같아요.,0,2026-05-06 11:28:55
100,3,모카에게 주려고 살이 붙어서 고민하다 골랐어요. 주면 먹기는 하는데 열광하진 않아요. 알갱이가 단단해 오래 씹어요. 한창때라 그런지 급여량이 넉넉히 필요해요. 무난해서 당분간은 이걸로 갑니다.,0,2026-04-09 08:08:38
101,5,모카에게 주려고 먹던 사료가 안 맞는 것 같아 바꿔봤어요. 정신없이 먹어요. 보관이 편한 점이 좋아요. 작은 아이 입에도 부담이 없어요. 한창때라 그런지 급여량이 넉넉히 필요해요. 연어 알레르기가 있어 원료를 하나하나 확인하고 샀어요. 주변에도 추천하고 있어요.,0,2026-04-12 08:51:08
102,5,모카에게 주려고 산책 뒤에 다리를 아껴주고 싶었어요. 봉지 소리만 나도 달려옵니다. 한 봉지로 같이 먹입니다. 작은 아이 입에도 부담이 없어요. 연어 알레르기가 있어 원료를 하나하나 확인하고 샀어요. 바로 재구매했습니다.,0,2026-05-28 17:10:37
103,4,모카에게 주려고 치석이 껴서 알아보다 샀어요. 그릇을 비우는 걸 보니 마음이 놓여요. 알갱이가 단단해 오래 씹어요. 떨어지면 다시 주문하려고요.,0,2026-06-17 02:54:41
104,3,모카에게 주려고 물을 잘 안 마시는 편이라 신경 쓰였어요. 그럭저럭 먹는 편이에요. 가볍고 부스러기가 적어요. 작은 아이 입에도 부담이 없어요. 연어 알레르기가 있어 원료를 하나하나 확인하고 샀어요. 가격을 보고 재구매를 정하려고요.,0,2026-06-18 11:22:52
105,5,순이에게 주려고 양치를 싫어해서 대신할 걸 찾았어요. 봉지 소리만 나도 달려옵니다. 한 번에 먹기 딱 좋은 크기예요. 한창때라 그런지 급여량이 넉넉히 필요해요. 주변에도 추천하고 있어요.,0,2026-04-13 15:56:28
106,3,순이에게 주려고 주식을 바꿔볼까 해서 골랐어요. 그럭저럭 먹는 편이에요. 한창때라 그런지 급여량이 넉넉히 필요해요. 가격을 보고 재구매를 정하려고요.,0,2026-05-03 17:34:00
107,4,순이에게 주려고 수제라 믿음이 가서 골랐어요. 그릇을 비우는 걸 보니 마음이 놓여요. 한 번에 먹기 딱 좋은 크기예요. 다음에도 살 것 같아요.,0,2026-05-30 23:16:06
108,5,설이에게 주려고 먹던 사료가 안 맞는 것 같아 바꿔봤어요. 정신없이 먹어요. 주변에도 추천하고 있어요.,0,2026-07-31 00:35:47
109,5,설이에게 주려고 소화가 편한 걸 고르고 싶었어요. 정신없이 먹어요. 주변에도 추천하고 있어요.,0,2026-08-07 02:45:14
110,5,설이에게 주려고 피부를 자꾸 긁어서 찾아봤어요. 봉지 소리만 나도 달려옵니다. 한창때라 그런지 급여량이 넉넉히 필요해요. 주변에도 추천하고 있어요.,0,2026-08-10 21:13:31
111,5,설이에게 주려고 산책 뒤에 다리를 아껴주고 싶었어요. 봉지 소리만 나도 달려옵니다. 알갱이가 단단해 오래 씹어요. 고구마이 들어간 걸 먹으면 긁어서 성분표부터 봤습니다. 바로 재구매했습니다.,0,2026-07-29 19:27:44
112,1,설이에게 주려고 물을 잘 안 마시는 편이라 신경 쓰였어요. 거의 입도 안 댔어요. 작은 아이 입에도 부담이 없어요. 한창때라 그런지 급여량이 넉넉히 필요해요. 다른 제품을 다시 찾아봐야겠어요.,0,2026-08-04 17:11:54
113,4,설이에게 주려고 물을 잘 안 마시는 편이라 신경 쓰였어요. 잘 먹어서 다행이에요. 떨어지면 다시 주문하려고요.,0,2026-08-05 01:52:42
114,5,설이에게 주려고 산책 뒤에 다리를 아껴주고 싶었어요. 정신없이 먹어요. 고구마이 들어간 걸 먹으면 긁어서 성분표부터 봤습니다. 주변에도 추천하고 있어요.,0,2025-10-26 16:06:00
115,4,똘이에게 주려고 관절이 약해 보여 걱정이었어요. 그릇을 비우는 걸 보니 마음이 놓여요. 작은 아이 입에도 부담이 없어요. 나이가 있어 부드러운 쪽을 신경 쓰게 되네요. 다음에도 살 것 같아요.,0,2026-04-16 04:57:13
116,3,똘이에게 주려고 작게 끊어 주기 좋아 보여 골랐어요. 그럭저럭 먹는 편이에요. 보관이 편한 점이 좋아요. 가격을 보고 재구매를 정하려고요.,0,2026-06-10 02:50:06
117,2,떡볶이에게 주려고 첨가물이 적은 걸 찾다가 샀어요. 억지로 먹이는 느낌이라 아쉬워요. 한 봉지로 같이 먹입니다. 재구매는 조금 더 고민해보려고요.,0,2026-07-13 12:04:12
118,3,떡볶이에게 주려고 간식으로 하나 들여봤어요. 그럭저럭 먹는 편이에요. 아직 어려서 조금씩 나눠 급여하고 있어요. 가격을 보고 재구매를 정하려고요.,0,2026-07-16 11:37:04
119,4,떡볶이에게 주려고 관절이 약해 보여 걱정이었어요. 잘 먹어서 다행이에요. 알갱이가 단단해 오래 씹어요. 아직 어려서 조금씩 나눠 급여하고 있어요. 다음에도 살 것 같아요.,0,2026-07-20 10:48:17
120,4,떡볶이에게 주려고 소화가 편한 걸 고르고 싶었어요. 잘 먹어서 다행이에요. 알갱이가 단단해 오래 씹어요. 입이 작은 아이인데 알맞은 크기예요. 아직 어려서 조금씩 나눠 급여하고 있어요. 다음에도 살 것 같아요.,0,2026-08-11 16:42:58
121,5,망고에게 주려고 관절이 약해 보여 걱정이었어요. 봉지 소리만 나도 달려옵니다. 알갱이가 단단해 오래 씹어요. 한 번에 먹기 딱 좋은 크기예요. 바로 재구매했습니다.,0,2025-12-30 17:10:19
122,5,망고에게 주려고 피부를 자꾸 긁어서 찾아봤어요. 정신없이 먹어요. 보관이 편한 점이 좋아요. 한 번에 먹기 딱 좋은 크기예요. 한창때라 그런지 급여량이 넉넉히 필요해요. 바로 재구매했습니다.,0,2026-07-30 03:37:07
123,4,토리에게 주려고 산책 뒤에 다리를 아껴주고 싶었어요. 잘 먹어서 다행이에요. 작은 아이 입에도 부담이 없어요. 한창때라 그런지 급여량이 넉넉히 필요해요. 다음에도 살 것 같아요.,0,2026-08-25 18:32:12
124,5,달이에게 주려고 털 상태가 계속 신경 쓰였어요. 정신없이 먹어요. 한 번에 먹기 딱 좋은 크기예요. 한창때라 그런지 급여량이 넉넉히 필요해요. 호밀 알레르기가 있어 원료를 하나하나 확인하고 샀어요. 바로 재구매했습니다.,0,2026-06-25 03:12:13
125,4,달이에게 주려고 피부를 자꾸 긁어서 찾아봤어요. 그릇을 비우는 걸 보니 마음이 놓여요. 보관이 편한 점이 좋아요. 한창때라 그런지 급여량이 넉넉히 필요해요. 다음에도 살 것 같아요.,0,2026-07-01 08:29:50
126,5,달이에게 주려고 피부를 자꾸 긁어서 찾아봤어요. 봉지 소리만 나도 달려옵니다. 해동해서 주는 게 조금 번거로워요. 한 번에 먹기 딱 좋은 크기예요. 호밀이 들어간 걸 먹으면 긁어서 성분표부터 봤습니다. 주변에도 추천하고 있어요.,0,2026-07-18 20:11:48
127,5,달이에게 주려고 신장 수치가 걱정돼서요. 정신없이 먹어요. 한 번에 먹기 딱 좋은 크기예요. 호밀 알레르기가 있어 원료를 하나하나 확인하고 샀어요. 주변에도 추천하고 있어요.,0,2026-08-03 14:50:44
128,3,치즈에게 주려고 신장 수치가 걱정돼서요. 그럭저럭 먹는 편이에요. 알갱이가 단단해 오래 씹어요. 가격을 보고 재구매를 정하려고요.,0,2026-08-24 05:57:58
129,5,치즈에게 주려고 체중 관리가 필요하다고 해서요. 봉지 소리만 나도 달려옵니다. 알갱이가 단단해 오래 씹어요. 주변에도 추천하고 있어요.,0,2026-08-10 12:53:22
130,5,치즈에게 주려고 속이 자주 안 좋아서 찾아봤어요. 봉지 소리만 나도 달려옵니다. 수분이 많아 물 대신 챙겨주기 좋아요. 바로 재구매했습니다.,0,2026-08-19 03:04:49
131,4,치즈에게 주려고 양치를 싫어해서 대신할 걸 찾았어요. 그릇을 비우는 걸 보니 마음이 놓여요. 다음에도 살 것 같아요.,0,2026-08-04 17:53:35
132,4,마루에게 주려고 먹던 사료가 안 맞는 것 같아 바꿔봤어요. 잘 먹어서 다행이에요. 작은 아이 입에도 부담이 없어요. 한창때라 그런지 급여량이 넉넉히 필요해요. 다음에도 살 것 같아요.,0,2026-01-27 21:38:20
133,4,마루에게 주려고 물을 잘 안 마시는 편이라 신경 쓰였어요. 잘 먹어서 다행이에요. 작은 아이 입에도 부담이 없어요. 떨어지면 다시 주문하려고요.,0,2026-04-02 08:01:23
134,5,모카에게 주려고 체중 관리가 필요하다고 해서요. 봉지 소리만 나도 달려옵니다. 새우이 들어간 걸 먹으면 긁어서 성분표부터 봤습니다. 바로 재구매했습니다.,0,2026-07-09 15:50:49
135,5,모카에게 주려고 산책 뒤에 다리를 아껴주고 싶었어요. 정신없이 먹어요. 수분이 많아 물 대신 챙겨주기 좋아요. 입이 작은 아이인데 알맞은 크기예요. 새우이 들어간 걸 먹으면 긁어서 성분표부터 봤습니다. 바로 재구매했습니다.,0,2026-08-02 14:09:27
136,1,유리에게 주려고 관절이 약해 보여 걱정이었어요. 냄새만 맡고 돌아서네요. 수분이 많아 물 대신 챙겨주기 좋아요. 재구매는 어려울 것 같아요.,0,2025-09-16 14:47:19
137,3,유리에게 주려고 산책 뒤에 다리를 아껴주고 싶었어요. 그럭저럭 먹는 편이에요. 바삭해서 손에 묻지 않아요. 작은 아이 입에도 부담이 없어요. 한창때라 그런지 급여량이 넉넉히 필요해요. 무난해서 당분간은 이걸로 갑니다.,0,2025-12-09 10:52:40
138,4,유리에게 주려고 살이 붙어서 고민하다 골랐어요. 그릇을 비우는 걸 보니 마음이 놓여요. 알갱이가 단단해 오래 씹어요. 작은 아이 입에도 부담이 없어요. 떨어지면 다시 주문하려고요.,0,2026-01-14 22:05:43
139,3,유리에게 주려고 살이 붙어서 고민하다 골랐어요. 그럭저럭 먹는 편이에요. 보관이 편한 점이 좋아요. 작은 아이 입에도 부담이 없어요. 가격을 보고 재구매를 정하려고요.,0,2026-02-23 22:24:52
140,3,유리에게 주려고 산책 뒤에 다리를 아껴주고 싶었어요. 그럭저럭 먹는 편이에요. 알갱이가 단단해 오래 씹어요. 작은 아이 입에도 부담이 없어요. 한창때라 그런지 급여량이 넉넉히 필요해요. 무난해서 당분간은 이걸로 갑니다.,0,2026-08-14 04:07:11
141,5,유리에게 주려고 소화가 편한 걸 고르고 싶었어요. 정신없이 먹어요. 수분이 많아 물 대신 챙겨주기 좋아요. 바로 재구매했습니다.,0,2026-06-03 10:45:41
142,5,유리에게 주려고 훈련 보상용으로 샀어요. 봉지 소리만 나도 달려옵니다. 작은 아이 입에도 부담이 없어요. 바로 재구매했습니다.,0,2026-06-14 03:54:26
143,5,유리에게 주려고 물을 잘 안 마시는 편이라 신경 쓰였어요. 정신없이 먹어요. 주변에도 추천하고 있어요.,0,2026-06-19 18:50:53
144,4,가을에게 주려고 피부를 자꾸 긁어서 찾아봤어요. 잘 먹어서 다행이에요. 바삭해서 손에 묻지 않아요. 한창때라 그런지 급여량이 넉넉히 필요해요. 떨어지면 다시 주문하려고요.,0,2026-03-02 02:18:22
145,4,가을에게 주려고 관절이 약해 보여 걱정이었어요. 잘 먹어서 다행이에요. 알갱이가 단단해 오래 씹어요. 입이 작은 아이인데 알맞은 크기예요. 다음에도 살 것 같아요.,0,2026-04-06 11:10:08
146,4,가을에게 주려고 첨가물이 적은 걸 찾다가 샀어요. 그릇을 비우는 걸 보니 마음이 놓여요. 입이 작은 아이인데 알맞은 크기예요. 다음에도 살 것 같아요.,0,2026-06-14 10:32:00
147,2,가을에게 주려고 치석이 껴서 알아보다 샀어요. 처음엔 먹다가 금방 남기더라고요. 한 봉지로 같이 먹입니다. 입이 작은 아이인데 알맞은 크기예요. 한창때라 그런지 급여량이 넉넉히 필요해요. 한 번 더 줘보고 결정하려 합니다.,0,2026-07-14 01:25:26
148,3,가을에게 주려고 먹던 사료가 안 맞는 것 같아 바꿔봤어요. 그럭저럭 먹는 편이에요. 보관이 편한 점이 좋아요. 가격을 보고 재구매를 정하려고요.,0,2026-08-10 04:24:32
149,4,가을에게 주려고 양치를 싫어해서 대신할 걸 찾았어요. 그릇을 비우는 걸 보니 마음이 놓여요. 한 봉지로 같이 먹입니다. 입이 작은 아이인데 알맞은 크기예요. 다음에도 살 것 같아요.,0,2026-08-11 18:17:52
150,4,감자에게 주려고 속이 자주 안 좋아서 찾아봤어요. 잘 먹어서 다행이에요. 수분이 많아 물 대신 챙겨주기 좋아요. 나이가 있어 부드러운 쪽을 신경 쓰게 되네요. 다음에도 살 것 같아요.,0,2025-07-22 07:00:53
151,1,감자에게 주려고 신장 수치가 걱정돼서요. 거의 입도 안 댔어요. 바삭해서 손에 묻지 않아요. 다른 제품을 다시 찾아봐야겠어요.,0,2025-11-13 04:11:55
152,1,감자에게 주려고 신장 수치가 걱정돼서요. 냄새만 맡고 돌아서네요. 바삭해서 손에 묻지 않아요. 작은 아이 입에도 부담이 없어요. 나이가 있어 부드러운 쪽을 신경 쓰게 되네요. 재구매는 어려울 것 같아요.,0,2025-09-12 06:33:01
153,4,감자에게 주려고 소화가 편한 걸 고르고 싶었어요. 그릇을 비우는 걸 보니 마음이 놓여요. 떨어지면 다시 주문하려고요.,0,2025-10-18 03:15:14
154,1,감자에게 주려고 관절이 약해 보여 걱정이었어요. 거의 입도 안 댔어요. 나이가 있어 부드러운 쪽을 신경 쓰게 되네요. 재구매는 어려울 것 같아요.,0,2026-07-24 00:30:40
155,2,감자에게 주려고 체중 관리가 필요하다고 해서요. 처음엔 먹다가 금방 남기더라고요. 보관이 편한 점이 좋아요. 작은 아이 입에도 부담이 없어요. 재구매는 조금 더 고민해보려고요.,0,2026-07-01 13:23:21
156,4,초코에게 주려고 치석이 껴서 알아보다 샀어요. 잘 먹어서 다행이에요. 떨어지면 다시 주문하려고요.,0,2026-03-02 09:52:44
157,3,초코에게 주려고 물을 잘 안 마시는 편이라 신경 쓰였어요. 그럭저럭 먹는 편이에요. 무난해서 당분간은 이걸로 갑니다.,0,2026-06-26 16:06:37
158,4,초코에게 주려고 피부를 자꾸 긁어서 찾아봤어요. 그릇을 비우는 걸 보니 마음이 놓여요. 한창때라 그런지 급여량이 넉넉히 필요해요. 다음에도 살 것 같아요.,0,2026-01-21 16:59:56
159,4,초코에게 주려고 소화가 편한 걸 고르고 싶었어요. 그릇을 비우는 걸 보니 마음이 놓여요. 알갱이가 단단해 오래 씹어요. 작은 아이 입에도 부담이 없어요. 떨어지면 다시 주문하려고요.,0,2026-05-12 09:27:23
160,4,초코에게 주려고 체중 관리가 필요하다고 해서요. 그릇을 비우는 걸 보니 마음이 놓여요. 둘 다 먹일 수 있어 편해요. 떨어지면 다시 주문하려고요.,0,2026-06-08 06:53:36
161,3,초코에게 주려고 살이 붙어서 고민하다 골랐어요. 주면 먹기는 하는데 열광하진 않아요. 알갱이가 단단해 오래 씹어요. 가격을 보고 재구매를 정하려고요.,0,2026-07-15 21:34:26
162,4,해피에게 주려고 관절이 약해 보여 걱정이었어요. 그릇을 비우는 걸 보니 마음이 놓여요. 알갱이가 단단해 오래 씹어요. 떨어지면 다시 주문하려고요.,0,2026-06-29 12:25:00
163,3,해피에게 주려고 살이 붙어서 고민하다 골랐어요. 주면 먹기는 하는데 열광하진 않아요. 한 봉지로 같이 먹입니다. 곡물 알레르기가 있어 원료를 하나하나 확인하고 샀어요. 무난해서 당분간은 이걸로 갑니다.,0,2026-07-02 10:04:26
164,3,해피에게 주려고 치석이 껴서 알아보다 샀어요. 주면 먹기는 하는데 열광하진 않아요. 한 번에 먹기 딱 좋은 크기예요. 곡물 알레르기가 있어 원료를 하나하나 확인하고 샀어요. 가격을 보고 재구매를 정하려고요.,0,2026-07-22 00:37:12
165,5,해피에게 주려고 훈련 보상용으로 샀어요. 봉지 소리만 나도 달려옵니다. 바삭해서 손에 묻지 않아요. 한 번에 먹기 딱 좋은 크기예요. 바로 재구매했습니다.,0,2026-07-25 07:24:47
166,4,해피에게 주려고 물을 잘 안 마시는 편이라 신경 쓰였어요. 잘 먹어서 다행이에요. 보관이 편한 점이 좋아요. 한 번에 먹기 딱 좋은 크기예요. 떨어지면 다시 주문하려고요.,0,2026-08-06 13:50:32
167,1,해피에게 주려고 살이 붙어서 고민하다 골랐어요. 거의 입도 안 댔어요. 수분이 많아 물 대신 챙겨주기 좋아요. 한 번에 먹기 딱 좋은 크기예요. 한창때라 그런지 급여량이 넉넉히 필요해요. 다른 제품을 다시 찾아봐야겠어요.,0,2026-08-10 17:13:52
168,4,토리에게 주려고 관절이 약해 보여 걱정이었어요. 그릇을 비우는 걸 보니 마음이 놓여요. 다음에도 살 것 같아요.,0,2026-08-19 06:14:23
169,2,토리에게 주려고 관절이 약해 보여 걱정이었어요. 처음엔 먹다가 금방 남기더라고요. 작은 아이 입에도 부담이 없어요. 한창때라 그런지 급여량이 넉넉히 필요해요. 칠면조이 들어간 걸 먹으면 긁어서 성분표부터 봤습니다. 재구매는 조금 더 고민해보려고요.,0,2026-07-14 06:41:06
170,5,토리에게 주려고 털 상태가 계속 신경 쓰였어요. 정신없이 먹어요. 작은 아이 입에도 부담이 없어요. 한창때라 그런지 급여량이 넉넉히 필요해요. 칠면조 알레르기가 있어 원료를 하나하나 확인하고 샀어요. 주변에도 추천하고 있어요.,0,2026-08-01 03:15:00
171,5,보리에게 주려고 수제라 믿음이 가서 골랐어요. 봉지 소리만 나도 달려옵니다. 바로 재구매했습니다.,0,2026-07-24 16:01:28
172,5,보리에게 주려고 훈련 보상용으로 샀어요. 정신없이 먹어요. 가볍고 부스러기가 적어요. 아직 어려서 조금씩 나눠 급여하고 있어요. 바로 재구매했습니다.,0,2026-06-21 03:40:00
173,4,보리에게 주려고 피부를 자꾸 긁어서 찾아봤어요. 잘 먹어서 다행이에요. 덩치가 있어 양이 금방 줄어요. 다음에도 살 것 같아요.,0,2026-07-04 07:07:14
174,3,보리에게 주려고 간식으로 하나 들여봤어요. 주면 먹기는 하는데 열광하진 않아요. 한창때라 그런지 급여량이 넉넉히 필요해요. 가격을 보고 재구매를 정하려고요.,0,2026-07-31 12:09:18
175,1,보리에게 주려고 신장 수치가 걱정돼서요. 냄새만 맡고 돌아서네요. 한 봉지로 같이 먹입니다. 한창때라 그런지 급여량이 넉넉히 필요해요. 다른 제품을 다시 찾아봐야겠어요.,0,2026-08-07 18:01:21
176,3,보리에게 주려고 훈련 보상용으로 샀어요. 그럭저럭 먹는 편이에요. 바삭해서 손에 묻지 않아요. 가격을 보고 재구매를 정하려고요.,0,2026-07-20 19:36:11
177,3,나비에게 주려고 산책 뒤에 다리를 아껴주고 싶었어요. 그럭저럭 먹는 편이에요. 보관이 편한 점이 좋아요. 덩치가 있어 양이 금방 줄어요. 한창때라 그런지 급여량이 넉넉히 필요해요. 가격을 보고 재구매를 정하려고요.,0,2026-07-28 02:33:28
178,4,나비에게 주려고 체중 관리가 필요하다고 해서요. 잘 먹어서 다행이에요. 떨어지면 다시 주문하려고요.,0,2026-04-09 20:54:21
179,2,나비에게 주려고 피부를 자꾸 긁어서 찾아봤어요. 처음엔 먹다가 금방 남기더라고요. 한 봉지로 같이 먹입니다. 덩치가 있어 양이 금방 줄어요. 한 번 더 줘보고 결정하려 합니다.,0,2026-08-18 16:06:44
180,5,나비에게 주려고 먹던 사료가 안 맞는 것 같아 바꿔봤어요. 정신없이 먹어요. 보관이 편한 점이 좋아요. 덩치가 있어 양이 금방 줄어요. 주변에도 추천하고 있어요.,0,2026-05-20 02:57:04
181,4,나비에게 주려고 체중 관리가 필요하다고 해서요. 그릇을 비우는 걸 보니 마음이 놓여요. 한창때라 그런지 급여량이 넉넉히 필요해요. 다음에도 살 것 같아요.,0,2026-06-09 05:41:41
182,1,나비에게 주려고 체중 관리가 필요하다고 해서요. 거의 입도 안 댔어요. 보관이 편한 점이 좋아요. 한창때라 그런지 급여량이 넉넉히 필요해요. 재구매는 어려울 것 같아요.,0,2026-07-04 13:42:29
183,5,호두에게 주려고 소화가 편한 걸 고르고 싶었어요. 봉지 소리만 나도 달려옵니다. 나이가 있어 부드러운 쪽을 신경 쓰게 되네요. 감자이 들어간 걸 먹으면 긁어서 성분표부터 봤습니다. 바로 재구매했습니다.,0,2025-12-19 20:58:34
184,5,호두에게 주려고 소화가 편한 걸 고르고 싶었어요. 정신없이 먹어요. 나이가 있어 부드러운 쪽을 신경 쓰게 되네요. 주변에도 추천하고 있어요.,0,2025-10-02 22:51:41
185,4,호두에게 주려고 수제라 믿음이 가서 골랐어요. 그릇을 비우는 걸 보니 마음이 놓여요. 덩치가 있어 양이 금방 줄어요. 나이가 있어 부드러운 쪽을 신경 쓰게 되네요. 감자이 들어간 걸 먹으면 긁어서 성분표부터 봤습니다. 다음에도 살 것 같아요.,0,2026-01-31 18:53:10
186,3,호두에게 주려고 주식을 바꿔볼까 해서 골랐어요. 주면 먹기는 하는데 열광하진 않아요. 알갱이가 단단해 오래 씹어요. 덩치가 있어 양이 금방 줄어요. 감자 알레르기가 있어 원료를 하나하나 확인하고 샀어요. 가격을 보고 재구매를 정하려고요.,0,2026-05-14 01:52:53
187,5,라떼에게 주려고 먹던 사료가 안 맞는 것 같아 바꿔봤어요. 정신없이 먹어요. 한창때라 그런지 급여량이 넉넉히 필요해요. 치즈 알레르기가 있어 원료를 하나하나 확인하고 샀어요. 바로 재구매했습니다.,0,2025-12-09 08:22:34
188,4,치즈에게 주려고 피부를 자꾸 긁어서 찾아봤어요. 잘 먹어서 다행이에요. 닭고기 알레르기가 있어 원료를 하나하나 확인하고 샀어요. 다음에도 살 것 같아요.,0,2025-01-11 18:42:54
189,1,치즈에게 주려고 소화가 편한 걸 고르고 싶었어요. 거의 입도 안 댔어요. 한 번에 먹기 딱 좋은 크기예요. 다른 제품을 다시 찾아봐야겠어요.,0,2025-02-07 18:40:00
190,3,치즈에게 주려고 주식을 바꿔볼까 해서 골랐어요. 그럭저럭 먹는 편이에요. 알갱이가 단단해 오래 씹어요. 한 번에 먹기 딱 좋은 크기예요. 닭고기이 들어간 걸 먹으면 긁어서 성분표부터 봤습니다. 가격을 보고 재구매를 정하려고요.,0,2026-04-19 22:37:57
191,3,베리에게 주려고 물을 잘 안 마시는 편이라 신경 쓰였어요. 주면 먹기는 하는데 열광하진 않아요. 입이 작은 아이인데 알맞은 크기예요. 한창때라 그런지 급여량이 넉넉히 필요해요. 귀리 알레르기가 있어 원료를 하나하나 확인하고 샀어요. 가격을 보고 재구매를 정하려고요.,0,2026-08-18 05:06:28
192,5,베리에게 주려고 먹던 사료가 안 맞는 것 같아 바꿔봤어요. 정신없이 먹어요. 보관이 편한 점이 좋아요. 주변에도 추천하고 있어요.,0,2026-07-14 00:06:03
193,5,베리에게 주려고 털 상태가 계속 신경 쓰였어요. 정신없이 먹어요. 입이 작은 아이인데 알맞은 크기예요. 주변에도 추천하고 있어요.,0,2026-07-09 18:31:53
194,5,베리에게 주려고 살이 붙어서 고민하다 골랐어요. 정신없이 먹어요. 한 봉지로 같이 먹입니다. 한창때라 그런지 급여량이 넉넉히 필요해요. 귀리이 들어간 걸 먹으면 긁어서 성분표부터 봤습니다. 바로 재구매했습니다.,0,2026-04-12 13:27:49
195,4,먼지에게 주려고 훈련 보상용으로 샀어요. 잘 먹어서 다행이에요. 한 번에 먹기 딱 좋은 크기예요. 떨어지면 다시 주문하려고요.,0,2024-12-26 00:52:03
196,5,먼지에게 주려고 주식을 바꿔볼까 해서 골랐어요. 봉지 소리만 나도 달려옵니다. 한 번에 먹기 딱 좋은 크기예요. 나이가 있어 부드러운 쪽을 신경 쓰게 되네요. 주변에도 추천하고 있어요.,0,2025-08-01 19:22:39
197,4,먼지에게 주려고 털 상태가 계속 신경 쓰였어요. 잘 먹어서 다행이에요. 한 번에 먹기 딱 좋은 크기예요. 떨어지면 다시 주문하려고요.,0,2025-08-28 08:50:00
198,4,먼지에게 주려고 체중 관리가 필요하다고 해서요. 잘 먹어서 다행이에요. 알갱이가 단단해 오래 씹어요. 한 번에 먹기 딱 좋은 크기예요. 나이가 있어 부드러운 쪽을 신경 쓰게 되네요. 다음에도 살 것 같아요.,0,2026-07-30 18:56:38
199,4,마루에게 주려고 산책 뒤에 다리를 아껴주고 싶었어요. 그릇을 비우는 걸 보니 마음이 놓여요. 가볍고 부스러기가 적어요. 떨어지면 다시 주문하려고요.,0,2025-11-08 20:38:42
200,4,마루에게 주려고 살이 붙어서 고민하다 골랐어요. 그릇을 비우는 걸 보니 마음이 놓여요. 둘 다 먹일 수 있어 편해요. 아직 어려서 조금씩 나눠 급여하고 있어요. 떨어지면 다시 주문하려고요.,0,2026-07-07 03:00:14
201,5,마루에게 주려고 살이 붙어서 고민하다 골랐어요. 봉지 소리만 나도 달려옵니다. 한 번에 먹기 딱 좋은 크기예요. 아직 어려서 조금씩 나눠 급여하고 있어요. 바로 재구매했습니다.,0,2025-10-22 16:43:23
202,5,마루에게 주려고 치석이 껴서 알아보다 샀어요. 정신없이 먹어요. 알갱이가 단단해 오래 씹어요. 한 번에 먹기 딱 좋은 크기예요. 바로 재구매했습니다.,0,2026-07-18 19:36:36
203,2,망고에게 주려고 산책 뒤에 다리를 아껴주고 싶었어요. 억지로 먹이는 느낌이라 아쉬워요. 덩치가 있어 양이 금방 줄어요. 한 번 더 줘보고 결정하려 합니다.,0,2026-08-05 19:00:45
204,5,망고에게 주려고 산책 뒤에 다리를 아껴주고 싶었어요. 정신없이 먹어요. 아직 어려서 조금씩 나눠 급여하고 있어요. 요거트이 들어간 걸 먹으면 긁어서 성분표부터 봤습니다. 바로 재구매했습니다.,0,2026-06-28 12:02:06
205,4,망고에게 주려고 치석이 껴서 알아보다 샀어요. 그릇을 비우는 걸 보니 마음이 놓여요. 한창때라 그런지 급여량이 넉넉히 필요해요. 다음에도 살 것 같아요.,0,2026-08-15 17:56:49
206,5,망고에게 주려고 수제라 믿음이 가서 골랐어요. 정신없이 먹어요. 둘 다 먹일 수 있어 편해요. 아직 어려서 조금씩 나눠 급여하고 있어요. 주변에도 추천하고 있어요.,0,2026-07-12 15:35:58
207,5,아톰에게 주려고 피부를 자꾸 긁어서 찾아봤어요. 정신없이 먹어요. 주변에도 추천하고 있어요.,0,2026-07-18 10:42:27
208,2,아톰에게 주려고 작게 끊어 주기 좋아 보여 골랐어요. 억지로 먹이는 느낌이라 아쉬워요. 한 번 더 줘보고 결정하려 합니다.,0,2026-08-19 18:02:10
209,3,망고에게 주려고 먹던 사료가 안 맞는 것 같아 바꿔봤어요. 그럭저럭 먹는 편이에요. 가격을 보고 재구매를 정하려고요.,0,2026-08-02 13:18:09
210,4,망고에게 주려고 소화가 편한 걸 고르고 싶었어요. 그릇을 비우는 걸 보니 마음이 놓여요. 아직 어려서 조금씩 나눠 급여하고 있어요. 다음에도 살 것 같아요.,0,2026-07-22 12:36:54
211,5,망고에게 주려고 물을 잘 안 마시는 편이라 신경 쓰였어요. 봉지 소리만 나도 달려옵니다. 보관이 편한 점이 좋아요. 한 번에 먹기 딱 좋은 크기예요. 주변에도 추천하고 있어요.,0,2026-08-18 05:54:03
212,5,망고에게 주려고 주식을 바꿔볼까 해서 골랐어요. 정신없이 먹어요. 아직 어려서 조금씩 나눠 급여하고 있어요. 바로 재구매했습니다.,0,2026-07-26 12:48:38
213,5,망고에게 주려고 훈련 보상용으로 샀어요. 봉지 소리만 나도 달려옵니다. 주변에도 추천하고 있어요.,0,2026-08-07 10:23:58
214,3,망고에게 주려고 물을 잘 안 마시는 편이라 신경 쓰였어요. 주면 먹기는 하는데 열광하진 않아요. 해동해서 주는 게 조금 번거로워요. 가격을 보고 재구매를 정하려고요.,0,2026-08-18 09:13:41
215,5,가을에게 주려고 산책 뒤에 다리를 아껴주고 싶었어요. 정신없이 먹어요. 한창때라 그런지 급여량이 넉넉히 필요해요. 주변에도 추천하고 있어요.,0,2026-02-25 17:14:07
216,4,가을에게 주려고 체중 관리가 필요하다고 해서요. 그릇을 비우는 걸 보니 마음이 놓여요. 작은 아이 입에도 부담이 없어요. 다음에도 살 것 같아요.,0,2026-07-30 06:51:45
217,2,가을에게 주려고 치석이 껴서 알아보다 샀어요. 억지로 먹이는 느낌이라 아쉬워요. 한 봉지로 같이 먹입니다. 작은 아이 입에도 부담이 없어요. 한창때라 그런지 급여량이 넉넉히 필요해요. 한 번 더 줘보고 결정하려 합니다.,0,2026-08-25 21:10:06
218,4,가을에게 주려고 살이 붙어서 고민하다 골랐어요. 잘 먹어서 다행이에요. 보관이 편한 점이 좋아요. 다음에도 살 것 같아요.,0,2026-04-03 22:57:55
219,4,가을에게 주려고 신장 수치가 걱정돼서요. 잘 먹어서 다행이에요. 가볍고 부스러기가 적어요. 떨어지면 다시 주문하려고요.,0,2026-05-11 07:07:53
220,3,가을에게 주려고 피부를 자꾸 긁어서 찾아봤어요. 그럭저럭 먹는 편이에요. 해동해서 주는 게 조금 번거로워요. 작은 아이 입에도 부담이 없어요. 가격을 보고 재구매를 정하려고요.,0,2026-05-20 04:57:36
221,3,해피에게 주려고 수제라 믿음이 가서 골랐어요. 그럭저럭 먹는 편이에요. 한 번에 먹기 딱 좋은 크기예요. 완두 알레르기가 있어 원료를 하나하나 확인하고 샀어요. 무난해서 당분간은 이걸로 갑니다.,0,2026-07-09 06:14:04
222,5,해피에게 주려고 피부를 자꾸 긁어서 찾아봤어요. 봉지 소리만 나도 달려옵니다. 한 번에 먹기 딱 좋은 크기예요. 주변에도 추천하고 있어요.,0,2026-07-23 12:40:27
223,4,나비에게 주려고 관절이 약해 보여 걱정이었어요. 그릇을 비우는 걸 보니 마음이 놓여요. 덩치가 있어 양이 금방 줄어요. 한창때라 그런지 급여량이 넉넉히 필요해요. 떨어지면 다시 주문하려고요.,0,2026-08-11 20:31:43
224,5,나비에게 주려고 털 상태가 계속 신경 쓰였어요. 봉지 소리만 나도 달려옵니다. 주변에도 추천하고 있어요.,0,2026-02-17 11:31:32
225,5,베리에게 주려고 주식을 바꿔볼까 해서 골랐어요. 봉지 소리만 나도 달려옵니다. 한창때라 그런지 급여량이 넉넉히 필요해요. 주변에도 추천하고 있어요.,0,2026-02-16 01:43:21
226,3,베리에게 주려고 주식을 바꿔볼까 해서 골랐어요. 그럭저럭 먹는 편이에요. 수분이 많아 물 대신 챙겨주기 좋아요. 입이 작은 아이인데 알맞은 크기예요. 한창때라 그런지 급여량이 넉넉히 필요해요. 치즈이 들어간 걸 먹으면 긁어서 성분표부터 봤습니다. 가격을 보고 재구매를 정하려고요.,0,2026-03-03 12:01:03
227,3,베리에게 주려고 관절이 약해 보여 걱정이었어요. 그럭저럭 먹는 편이에요. 입이 작은 아이인데 알맞은 크기예요. 치즈이 들어간 걸 먹으면 긁어서 성분표부터 봤습니다. 무난해서 당분간은 이걸로 갑니다.,0,2026-03-15 11:05:06
228,5,베리에게 주려고 치석이 껴서 알아보다 샀어요. 봉지 소리만 나도 달려옵니다. 입이 작은 아이인데 알맞은 크기예요. 치즈이 들어간 걸 먹으면 긁어서 성분표부터 봤습니다. 주변에도 추천하고 있어요.,0,2026-08-11 08:52:22
229,5,코코에게 주려고 산책 뒤에 다리를 아껴주고 싶었어요. 봉지 소리만 나도 달려옵니다. 바삭해서 손에 묻지 않아요. 한 번에 먹기 딱 좋은 크기예요. 바로 재구매했습니다.,0,2026-03-22 08:51:02
230,4,코코에게 주려고 주식을 바꿔볼까 해서 골랐어요. 그릇을 비우는 걸 보니 마음이 놓여요. 보관이 편한 점이 좋아요. 한 번에 먹기 딱 좋은 크기예요. 다음에도 살 것 같아요.,0,2024-12-15 15:45:39
231,2,코코에게 주려고 치석이 껴서 알아보다 샀어요. 억지로 먹이는 느낌이라 아쉬워요. 한창때라 그런지 급여량이 넉넉히 필요해요. 재구매는 조금 더 고민해보려고요.,0,2025-11-15 04:22:25
232,5,코코에게 주려고 털 상태가 계속 신경 쓰였어요. 봉지 소리만 나도 달려옵니다. 바로 재구매했습니다.,0,2026-02-19 22:45:27
233,5,해피에게 주려고 작게 끊어 주기 좋아 보여 골랐어요. 봉지 소리만 나도 달려옵니다. 가볍고 부스러기가 적어요. 주변에도 추천하고 있어요.,0,2026-07-04 16:39:38
234,5,유리에게 주려고 살이 붙어서 고민하다 골랐어요. 정신없이 먹어요. 주변에도 추천하고 있어요.,0,2026-05-21 17:53:25
235,3,유리에게 주려고 물을 잘 안 마시는 편이라 신경 쓰였어요. 주면 먹기는 하는데 열광하진 않아요. 바삭해서 손에 묻지 않아요. 작은 아이 입에도 부담이 없어요. 양고기이 들어간 걸 먹으면 긁어서 성분표부터 봤습니다. 가격을 보고 재구매를 정하려고요.,0,2026-08-25 22:51:02
236,5,유리에게 주려고 체중 관리가 필요하다고 해서요. 정신없이 먹어요. 작은 아이 입에도 부담이 없어요. 바로 재구매했습니다.,0,2026-03-25 06:44:37
237,5,유리에게 주려고 물을 잘 안 마시는 편이라 신경 쓰였어요. 봉지 소리만 나도 달려옵니다. 바삭해서 손에 묻지 않아요. 바로 재구매했습니다.,0,2026-08-16 16:18:42
238,1,유리에게 주려고 털 상태가 계속 신경 쓰였어요. 거의 입도 안 댔어요. 한 봉지로 같이 먹입니다. 작은 아이 입에도 부담이 없어요. 양고기이 들어간 걸 먹으면 긁어서 성분표부터 봤습니다. 다른 제품을 다시 찾아봐야겠어요.,0,2026-08-15 09:18:36
239,5,유리에게 주려고 속이 자주 안 좋아서 찾아봤어요. 정신없이 먹어요. 양고기이 들어간 걸 먹으면 긁어서 성분표부터 봤습니다. 주변에도 추천하고 있어요.,0,2026-07-08 22:35:45
240,5,까미에게 주려고 살이 붙어서 고민하다 골랐어요. 봉지 소리만 나도 달려옵니다. 둘 다 먹일 수 있어 편해요. 한창때라 그런지 급여량이 넉넉히 필요해요. 완두 알레르기가 있어 원료를 하나하나 확인하고 샀어요. 주변에도 추천하고 있어요.,0,2026-07-19 17:42:39
241,5,까미에게 주려고 털 상태가 계속 신경 쓰였어요. 봉지 소리만 나도 달려옵니다. 한 번에 먹기 딱 좋은 크기예요. 완두 알레르기가 있어 원료를 하나하나 확인하고 샀어요. 주변에도 추천하고 있어요.,0,2026-07-23 00:54:15
242,5,까미에게 주려고 먹던 사료가 안 맞는 것 같아 바꿔봤어요. 봉지 소리만 나도 달려옵니다. 보관이 편한 점이 좋아요. 한창때라 그런지 급여량이 넉넉히 필요해요. 완두이 들어간 걸 먹으면 긁어서 성분표부터 봤습니다. 주변에도 추천하고 있어요.,0,2026-07-15 19:25:35
243,3,코코에게 주려고 체중 관리가 필요하다고 해서요. 주면 먹기는 하는데 열광하진 않아요. 덩치가 있어 양이 금방 줄어요. 무난해서 당분간은 이걸로 갑니다.,0,2026-08-06 10:06:47
244,3,코코에게 주려고 살이 붙어서 고민하다 골랐어요. 주면 먹기는 하는데 열광하진 않아요. 보관이 편한 점이 좋아요. 무난해서 당분간은 이걸로 갑니다.,0,2026-08-09 11:47:58
245,5,코코에게 주려고 먹던 사료가 안 맞는 것 같아 바꿔봤어요. 봉지 소리만 나도 달려옵니다. 보관이 편한 점이 좋아요. 아직 어려서 조금씩 나눠 급여하고 있어요. 참치 알레르기가 있어 원료를 하나하나 확인하고 샀어요. 바로 재구매했습니다.,0,2026-08-09 03:37:33
246,4,루비에게 주려고 먹던 사료가 안 맞는 것 같아 바꿔봤어요. 잘 먹어서 다행이에요. 보관이 편한 점이 좋아요. 나이가 있어 부드러운 쪽을 신경 쓰게 되네요. 옥수수 알레르기가 있어 원료를 하나하나 확인하고 샀어요. 다음에도 살 것 같아요.,0,2026-08-06 01:28:53
247,5,루비에게 주려고 산책 뒤에 다리를 아껴주고 싶었어요. 정신없이 먹어요. 나이가 있어 부드러운 쪽을 신경 쓰게 되네요. 옥수수이 들어간 걸 먹으면 긁어서 성분표부터 봤습니다. 주변에도 추천하고 있어요.,0,2026-08-07 07:17:11
248,2,루비에게 주려고 간식으로 하나 들여봤어요. 억지로 먹이는 느낌이라 아쉬워요. 입이 작은 아이인데 알맞은 크기예요. 한 번 더 줘보고 결정하려 합니다.,0,2026-08-09 11:53:37
249,5,루비에게 주려고 먹던 사료가 안 맞는 것 같아 바꿔봤어요. 봉지 소리만 나도 달려옵니다. 보관이 편한 점이 좋아요. 옥수수 알레르기가 있어 원료를 하나하나 확인하고 샀어요. 주변에도 추천하고 있어요.,0,2026-08-09 00:06:03
250,4,루비에게 주려고 털 상태가 계속 신경 쓰였어요. 잘 먹어서 다행이에요. 알갱이가 단단해 오래 씹어요. 입이 작은 아이인데 알맞은 크기예요. 옥수수 알레르기가 있어 원료를 하나하나 확인하고 샀어요. 떨어지면 다시 주문하려고요.,0,2026-08-11 17:06:01
251,3,루비에게 주려고 신장 수치가 걱정돼서요. 그럭저럭 먹는 편이에요. 옥수수이 들어간 걸 먹으면 긁어서 성분표부터 봤습니다. 가격을 보고 재구매를 정하려고요.,0,2026-08-11 01:05:54
252,4,방울에게 주려고 속이 자주 안 좋아서 찾아봤어요. 그릇을 비우는 걸 보니 마음이 놓여요. 보관이 편한 점이 좋아요. 단백질이 들어간 걸 먹으면 긁어서 성분표부터 봤습니다. 다음에도 살 것 같아요.,0,2026-05-29 13:49:13
253,4,방울에게 주려고 첨가물이 적은 걸 찾다가 샀어요. 그릇을 비우는 걸 보니 마음이 놓여요. 작은 아이 입에도 부담이 없어요. 나이가 있어 부드러운 쪽을 신경 쓰게 되네요. 다음에도 살 것 같아요.,0,2026-08-04 11:44:32
254,4,방울에게 주려고 체중 관리가 필요하다고 해서요. 잘 먹어서 다행이에요. 작은 아이 입에도 부담이 없어요. 나이가 있어 부드러운 쪽을 신경 쓰게 되네요. 단백질이 들어간 걸 먹으면 긁어서 성분표부터 봤습니다. 다음에도 살 것 같아요.,0,2026-04-20 03:34:01
255,4,모카에게 주려고 털 상태가 계속 신경 쓰였어요. 잘 먹어서 다행이에요. 입이 작은 아이인데 알맞은 크기예요. 다음에도 살 것 같아요.,0,2026-08-04 01:10:24
256,5,모카에게 주려고 체중 관리가 필요하다고 해서요. 봉지 소리만 나도 달려옵니다. 부드러워서 잘 넘겨요. 바로 재구매했습니다.,0,2026-05-27 01:03:13
257,4,모카에게 주려고 주식을 바꿔볼까 해서 골랐어요. 잘 먹어서 다행이에요. 입이 작은 아이인데 알맞은 크기예요. 다음에도 살 것 같아요.,0,2026-05-24 14:12:27
258,3,베리에게 주려고 먹던 사료가 안 맞는 것 같아 바꿔봤어요. 그럭저럭 먹는 편이에요. 보관이 편한 점이 좋아요. 한창때라 그런지 급여량이 넉넉히 필요해요. 가격을 보고 재구매를 정하려고요.,0,2026-02-09 17:04:31
259,3,베리에게 주려고 산책 뒤에 다리를 아껴주고 싶었어요. 주면 먹기는 하는데 열광하진 않아요. 한창때라 그런지 급여량이 넉넉히 필요해요. 가격을 보고 재구매를 정하려고요.,0,2026-04-09 11:24:15
260,2,먼지에게 주려고 주식을 바꿔볼까 해서 골랐어요. 억지로 먹이는 느낌이라 아쉬워요. 알갱이가 단단해 오래 씹어요. 작은 아이 입에도 부담이 없어요. 한 번 더 줘보고 결정하려 합니다.,0,2026-08-13 15:17:10
261,5,두부에게 주려고 작게 끊어 주기 좋아 보여 골랐어요. 정신없이 먹어요. 주변에도 추천하고 있어요.,0,2025-10-02 16:39:05
262,5,두부에게 주려고 체중 관리가 필요하다고 해서요. 정신없이 먹어요. 작은 아이 입에도 부담이 없어요. 한창때라 그런지 급여량이 넉넉히 필요해요. 바로 재구매했습니다.,0,2025-10-01 10:07:52
263,4,두부에게 주려고 피부를 자꾸 긁어서 찾아봤어요. 그릇을 비우는 걸 보니 마음이 놓여요. 글루텐곡물 알레르기가 있어 원료를 하나하나 확인하고 샀어요. 다음에도 살 것 같아요.,0,2026-04-14 04:55:16
264,4,뽀삐에게 주려고 속이 자주 안 좋아서 찾아봤어요. 잘 먹어서 다행이에요. 신선한 느낌이 들어요. 다음에도 살 것 같아요.,0,2025-07-28 14:42:38
265,5,뽀삐에게 주려고 털 상태가 계속 신경 쓰였어요. 봉지 소리만 나도 달려옵니다. 한 번에 먹기 딱 좋은 크기예요. 한창때라 그런지 급여량이 넉넉히 필요해요. 바로 재구매했습니다.,0,2026-07-03 22:23:22
266,1,뽀삐에게 주려고 산책 뒤에 다리를 아껴주고 싶었어요. 냄새만 맡고 돌아서네요. 둘 다 먹일 수 있어 편해요. 한창때라 그런지 급여량이 넉넉히 필요해요. 재구매는 어려울 것 같아요.,0,2026-07-06 19:02:40
267,5,방울에게 주려고 수제라 믿음이 가서 골랐어요. 정신없이 먹어요. 작은 아이 입에도 부담이 없어요. 나이가 있어 부드러운 쪽을 신경 쓰게 되네요. 주변에도 추천하고 있어요.,0,2026-08-22 13:29:22
268,5,방울에게 주려고 첨가물이 적은 걸 찾다가 샀어요. 봉지 소리만 나도 달려옵니다. 작은 아이 입에도 부담이 없어요. 주변에도 추천하고 있어요.,0,2026-07-22 05:01:49
269,4,방울에게 주려고 살이 붙어서 고민하다 골랐어요. 그릇을 비우는 걸 보니 마음이 놓여요. 보관이 편한 점이 좋아요. 나이가 있어 부드러운 쪽을 신경 쓰게 되네요. 떨어지면 다시 주문하려고요.,0,2026-07-26 18:16:54
270,5,방울에게 주려고 피부를 자꾸 긁어서 찾아봤어요. 정신없이 먹어요. 가볍고 부스러기가 적어요. 주변에도 추천하고 있어요.,0,2026-08-14 01:54:37
271,4,방울에게 주려고 소화가 편한 걸 고르고 싶었어요. 잘 먹어서 다행이에요. 다음에도 살 것 같아요.,0,2026-08-06 15:08:30
272,4,방울에게 주려고 속이 자주 안 좋아서 찾아봤어요. 잘 먹어서 다행이에요. 부드러워서 잘 넘겨요. 작은 아이 입에도 부담이 없어요. 다음에도 살 것 같아요.,0,2026-08-16 09:12:18
273,3,구름에게 주려고 관절이 약해 보여 걱정이었어요. 주면 먹기는 하는데 열광하진 않아요. 작은 아이 입에도 부담이 없어요. 가격을 보고 재구매를 정하려고요.,0,2025-08-28 03:45:17
274,4,구름에게 주려고 체중 관리가 필요하다고 해서요. 그릇을 비우는 걸 보니 마음이 놓여요. 수분이 많아 물 대신 챙겨주기 좋아요. 작은 아이 입에도 부담이 없어요. 다음에도 살 것 같아요.,0,2026-07-10 11:13:09
275,5,별이에게 주려고 살이 붙어서 고민하다 골랐어요. 봉지 소리만 나도 달려옵니다. 보관이 편한 점이 좋아요. 작은 아이 입에도 부담이 없어요. 바로 재구매했습니다.,0,2026-04-26 02:35:05
276,4,별이에게 주려고 주식을 바꿔볼까 해서 골랐어요. 그릇을 비우는 걸 보니 마음이 놓여요. 보관이 편한 점이 좋아요. 떨어지면 다시 주문하려고요.,0,2026-07-22 05:00:44
277,4,별이에게 주려고 훈련 보상용으로 샀어요. 그릇을 비우는 걸 보니 마음이 놓여요. 보관이 편한 점이 좋아요. 작은 아이 입에도 부담이 없어요. 떨어지면 다시 주문하려고요.,0,2026-06-26 05:59:48
278,3,별이에게 주려고 양치를 싫어해서 대신할 걸 찾았어요. 주면 먹기는 하는데 열광하진 않아요. 알갱이가 단단해 오래 씹어요. 작은 아이 입에도 부담이 없어요. 가격을 보고 재구매를 정하려고요.,0,2026-07-03 12:26:53
279,5,똘이에게 주려고 주식을 바꿔볼까 해서 골랐어요. 정신없이 먹어요. 알갱이가 단단해 오래 씹어요. 단백질이 들어간 걸 먹으면 긁어서 성분표부터 봤습니다. 주변에도 추천하고 있어요.,0,2025-02-09 06:31:49
280,3,똘이에게 주려고 체중 관리가 필요하다고 해서요. 그럭저럭 먹는 편이에요. 알갱이가 단단해 오래 씹어요. 단백질 알레르기가 있어 원료를 하나하나 확인하고 샀어요. 가격을 보고 재구매를 정하려고요.,0,2025-08-10 23:09:58
281,4,똘이에게 주려고 첨가물이 적은 걸 찾다가 샀어요. 그릇을 비우는 걸 보니 마음이 놓여요. 단백질 알레르기가 있어 원료를 하나하나 확인하고 샀어요. 떨어지면 다시 주문하려고요.,0,2025-12-09 23:49:03
282,5,망고에게 주려고 체중 관리가 필요하다고 해서요. 정신없이 먹어요. 작은 아이 입에도 부담이 없어요. 더덕이 들어간 걸 먹으면 긁어서 성분표부터 봤습니다. 바로 재구매했습니다.,0,2026-06-24 08:34:17
283,5,망고에게 주려고 관절이 약해 보여 걱정이었어요. 봉지 소리만 나도 달려옵니다. 더덕 알레르기가 있어 원료를 하나하나 확인하고 샀어요. 주변에도 추천하고 있어요.,0,2026-08-24 07:32:43
284,3,망고에게 주려고 털 상태가 계속 신경 쓰였어요. 그럭저럭 먹는 편이에요. 부드러워서 잘 넘겨요. 더덕 알레르기가 있어 원료를 하나하나 확인하고 샀어요. 가격을 보고 재구매를 정하려고요.,0,2026-08-11 07:40:07
285,4,나비에게 주려고 치석이 껴서 알아보다 샀어요. 잘 먹어서 다행이에요. 가볍고 부스러기가 적어요. 나이가 있어 부드러운 쪽을 신경 쓰게 되네요. 다음에도 살 것 같아요.,0,2026-07-04 00:00:42
286,4,나비에게 주려고 털 상태가 계속 신경 쓰였어요. 그릇을 비우는 걸 보니 마음이 놓여요. 작은 아이 입에도 부담이 없어요. 다음에도 살 것 같아요.,0,2026-07-20 07:40:23
287,4,나비에게 주려고 주식을 바꿔볼까 해서 골랐어요. 잘 먹어서 다행이에요. 보관이 편한 점이 좋아요. 떨어지면 다시 주문하려고요.,0,2026-07-21 13:24:35
288,4,나비에게 주려고 털 상태가 계속 신경 쓰였어요. 그릇을 비우는 걸 보니 마음이 놓여요. 떨어지면 다시 주문하려고요.,0,2026-07-28 15:48:47
289,3,해피에게 주려고 체중 관리가 필요하다고 해서요. 그럭저럭 먹는 편이에요. 가격을 보고 재구매를 정하려고요.,0,2026-07-13 02:16:08
290,4,해피에게 주려고 살이 붙어서 고민하다 골랐어요. 그릇을 비우는 걸 보니 마음이 놓여요. 입이 작은 아이인데 알맞은 크기예요. 한창때라 그런지 급여량이 넉넉히 필요해요. 떨어지면 다시 주문하려고요.,0,2026-07-24 12:46:13
291,4,나비에게 주려고 털 상태가 계속 신경 쓰였어요. 잘 먹어서 다행이에요. 작은 아이 입에도 부담이 없어요. 나이가 있어 부드러운 쪽을 신경 쓰게 되네요. 떨어지면 다시 주문하려고요.,0,2026-07-18 18:40:25
292,5,나비에게 주려고 먹던 사료가 안 맞는 것 같아 바꿔봤어요. 정신없이 먹어요. 한 봉지로 같이 먹입니다. 바로 재구매했습니다.,0,2026-07-12 16:39:40
293,4,설이에게 주려고 피부를 자꾸 긁어서 찾아봤어요. 그릇을 비우는 걸 보니 마음이 놓여요. 난류이 들어간 걸 먹으면 긁어서 성분표부터 봤습니다. 다음에도 살 것 같아요.,0,2025-07-03 09:13:11
294,4,설이에게 주려고 소화가 편한 걸 고르고 싶었어요. 그릇을 비우는 걸 보니 마음이 놓여요. 가볍고 부스러기가 적어요. 다음에도 살 것 같아요.,0,2026-04-10 04:36:59
295,5,설이에게 주려고 신장 수치가 걱정돼서요. 정신없이 먹어요. 바삭해서 손에 묻지 않아요. 작은 아이 입에도 부담이 없어요. 주변에도 추천하고 있어요.,0,2026-05-06 12:44:00
296,4,설이에게 주려고 훈련 보상용으로 샀어요. 그릇을 비우는 걸 보니 마음이 놓여요. 작은 아이 입에도 부담이 없어요. 한창때라 그런지 급여량이 넉넉히 필요해요. 난류이 들어간 걸 먹으면 긁어서 성분표부터 봤습니다. 다음에도 살 것 같아요.,0,2026-07-12 03:32:46
297,3,먼지에게 주려고 첨가물이 적은 걸 찾다가 샀어요. 주면 먹기는 하는데 열광하진 않아요. 알갱이가 단단해 오래 씹어요. 아직 어려서 조금씩 나눠 급여하고 있어요. 무난해서 당분간은 이걸로 갑니다.,0,2025-09-16 20:38:15
298,3,먼지에게 주려고 물을 잘 안 마시는 편이라 신경 쓰였어요. 주면 먹기는 하는데 열광하진 않아요. 작은 아이 입에도 부담이 없어요. 무난해서 당분간은 이걸로 갑니다.,0,2025-11-02 11:39:31
299,4,먼지에게 주려고 관절이 약해 보여 걱정이었어요. 잘 먹어서 다행이에요. 알갱이가 단단해 오래 씹어요. 떨어지면 다시 주문하려고요.,0,2026-07-31 11:57:31
300,2,유리에게 주려고 체중 관리가 필요하다고 해서요. 처음엔 먹다가 금방 남기더라고요. 한 번에 먹기 딱 좋은 크기예요. 한 번 더 줘보고 결정하려 합니다.,0,2026-06-28 05:30:23
301,4,유리에게 주려고 수제라 믿음이 가서 골랐어요. 그릇을 비우는 걸 보니 마음이 놓여요. 한 번에 먹기 딱 좋은 크기예요. 다음에도 살 것 같아요.,0,2026-07-06 03:33:05
302,4,유리에게 주려고 털 상태가 계속 신경 쓰였어요. 잘 먹어서 다행이에요. 한 번에 먹기 딱 좋은 크기예요. 한창때라 그런지 급여량이 넉넉히 필요해요. 떨어지면 다시 주문하려고요.,0,2026-05-27 17:19:19
303,5,유리에게 주려고 살이 붙어서 고민하다 골랐어요. 정신없이 먹어요. 바삭해서 손에 묻지 않아요. 주변에도 추천하고 있어요.,0,2026-07-29 00:27:33
304,2,보리에게 주려고 먹던 사료가 안 맞는 것 같아 바꿔봤어요. 처음엔 먹다가 금방 남기더라고요. 부드러워서 잘 넘겨요. 한 번에 먹기 딱 좋은 크기예요. 한 번 더 줘보고 결정하려 합니다.,0,2025-07-07 16:38:28
305,4,보리에게 주려고 산책 뒤에 다리를 아껴주고 싶었어요. 그릇을 비우는 걸 보니 마음이 놓여요. 한 번에 먹기 딱 좋은 크기예요. 떨어지면 다시 주문하려고요.,0,2026-05-16 05:52:06
306,3,보리에게 주려고 소화가 편한 걸 고르고 싶었어요. 주면 먹기는 하는데 열광하진 않아요. 보관이 편한 점이 좋아요. 한창때라 그런지 급여량이 넉넉히 필요해요. 무난해서 당분간은 이걸로 갑니다.,0,2025-09-02 17:06:13
307,2,보리에게 주려고 속이 자주 안 좋아서 찾아봤어요. 억지로 먹이는 느낌이라 아쉬워요. 한 번에 먹기 딱 좋은 크기예요. 한창때라 그런지 급여량이 넉넉히 필요해요. 재구매는 조금 더 고민해보려고요.,0,2025-09-04 07:42:51
308,4,보리에게 주려고 관절이 약해 보여 걱정이었어요. 잘 먹어서 다행이에요. 가볍고 부스러기가 적어요. 한 번에 먹기 딱 좋은 크기예요. 한창때라 그런지 급여량이 넉넉히 필요해요. 떨어지면 다시 주문하려고요.,0,2026-04-12 09:37:50
309,3,보리에게 주려고 주식을 바꿔볼까 해서 골랐어요. 주면 먹기는 하는데 열광하진 않아요. 부드러워서 잘 넘겨요. 한 번에 먹기 딱 좋은 크기예요. 한창때라 그런지 급여량이 넉넉히 필요해요. 가격을 보고 재구매를 정하려고요.,0,2026-03-18 12:27:23
310,3,보리에게 주려고 피부를 자꾸 긁어서 찾아봤어요. 주면 먹기는 하는데 열광하진 않아요. 한창때라 그런지 급여량이 넉넉히 필요해요. 무난해서 당분간은 이걸로 갑니다.,0,2026-06-29 01:31:20
311,5,보리에게 주려고 주식을 바꿔볼까 해서 골랐어요. 봉지 소리만 나도 달려옵니다. 알갱이가 단단해 오래 씹어요. 한 번에 먹기 딱 좋은 크기예요. 바로 재구매했습니다.,0,2026-07-16 11:32:18
312,4,치즈에게 주려고 속이 자주 안 좋아서 찾아봤어요. 잘 먹어서 다행이에요. 알갱이가 단단해 오래 씹어요. 나이가 있어 부드러운 쪽을 신경 쓰게 되네요. 다음에도 살 것 같아요.,0,2026-04-20 17:34:35
313,3,치즈에게 주려고 치석이 껴서 알아보다 샀어요. 그럭저럭 먹는 편이에요. 보관이 편한 점이 좋아요. 덩치가 있어 양이 금방 줄어요. 나이가 있어 부드러운 쪽을 신경 쓰게 되네요. 무난해서 당분간은 이걸로 갑니다.,0,2025-11-09 17:02:45
314,5,치즈에게 주려고 물을 잘 안 마시는 편이라 신경 쓰였어요. 봉지 소리만 나도 달려옵니다. 알갱이가 단단해 오래 씹어요. 나이가 있어 부드러운 쪽을 신경 쓰게 되네요. 주변에도 추천하고 있어요.,0,2026-07-15 15:16:04
315,4,슈슈에게 주려고 산책 뒤에 다리를 아껴주고 싶었어요. 잘 먹어서 다행이에요. 알갱이가 단단해 오래 씹어요. 나이가 있어 부드러운 쪽을 신경 쓰게 되네요. 다음에도 살 것 같아요.,0,2026-05-11 12:37:54
316,4,슈슈에게 주려고 수제라 믿음이 가서 골랐어요. 그릇을 비우는 걸 보니 마음이 놓여요. 가볍고 부스러기가 적어요. 떨어지면 다시 주문하려고요.,0,2026-07-09 21:35:57
317,5,슈슈에게 주려고 관절이 약해 보여 걱정이었어요. 봉지 소리만 나도 달려옵니다. 덩치가 있어 양이 금방 줄어요. 주변에도 추천하고 있어요.,0,2026-07-26 23:57:20
318,5,루비에게 주려고 관절이 약해 보여 걱정이었어요. 정신없이 먹어요. 한 번에 먹기 딱 좋은 크기예요. 아직 어려서 조금씩 나눠 급여하고 있어요. 첨가물 알레르기가 있어 원료를 하나하나 확인하고 샀어요. 바로 재구매했습니다.,0,2026-06-30 11:42:20
319,3,루비에게 주려고 털 상태가 계속 신경 쓰였어요. 그럭저럭 먹는 편이에요. 한 번에 먹기 딱 좋은 크기예요. 한창때라 그런지 급여량이 넉넉히 필요해요. 무난해서 당분간은 이걸로 갑니다.,0,2026-08-09 11:21:42
320,5,루비에게 주려고 산책 뒤에 다리를 아껴주고 싶었어요. 정신없이 먹어요. 바로 재구매했습니다.,0,2026-07-22 04:22:12
321,3,삐삐에게 주려고 피부를 자꾸 긁어서 찾아봤어요. 그럭저럭 먹는 편이에요. 해동해서 주는 게 조금 번거로워요. 무난해서 당분간은 이걸로 갑니다.,0,2026-07-04 04:00:53
322,5,삐삐에게 주려고 살이 붙어서 고민하다 골랐어요. 봉지 소리만 나도 달려옵니다. 알갱이가 단단해 오래 씹어요. 한 번에 먹기 딱 좋은 크기예요. 한창때라 그런지 급여량이 넉넉히 필요해요. 바로 재구매했습니다.,0,2026-07-23 03:30:07
323,3,라떼에게 주려고 신장 수치가 걱정돼서요. 그럭저럭 먹는 편이에요. 칠면조 알레르기가 있어 원료를 하나하나 확인하고 샀어요. 가격을 보고 재구매를 정하려고요.,0,2026-07-27 20:04:05
324,4,라떼에게 주려고 산책 뒤에 다리를 아껴주고 싶었어요. 잘 먹어서 다행이에요. 보관이 편한 점이 좋아요. 칠면조 알레르기가 있어 원료를 하나하나 확인하고 샀어요. 다음에도 살 것 같아요.,0,2026-04-22 10:16:43
325,4,라떼에게 주려고 털 상태가 계속 신경 쓰였어요. 그릇을 비우는 걸 보니 마음이 놓여요. 한 번에 먹기 딱 좋은 크기예요. 한창때라 그런지 급여량이 넉넉히 필요해요. 다음에도 살 것 같아요.,0,2026-06-12 02:53:04
326,3,라떼에게 주려고 속이 자주 안 좋아서 찾아봤어요. 주면 먹기는 하는데 열광하진 않아요. 한 번에 먹기 딱 좋은 크기예요. 칠면조이 들어간 걸 먹으면 긁어서 성분표부터 봤습니다. 무난해서 당분간은 이걸로 갑니다.,0,2026-08-05 05:30:36
327,4,코코에게 주려고 살이 붙어서 고민하다 골랐어요. 잘 먹어서 다행이에요. 한 번에 먹기 딱 좋은 크기예요. 한창때라 그런지 급여량이 넉넉히 필요해요. 떨어지면 다시 주문하려고요.,0,2026-08-10 18:44:24
328,4,코코에게 주려고 수제라 믿음이 가서 골랐어요. 그릇을 비우는 걸 보니 마음이 놓여요. 알갱이가 단단해 오래 씹어요. 떨어지면 다시 주문하려고요.,0,2026-06-05 20:02:50
329,1,코코에게 주려고 털 상태가 계속 신경 쓰였어요. 냄새만 맡고 돌아서네요. 한 번에 먹기 딱 좋은 크기예요. 다른 제품을 다시 찾아봐야겠어요.,0,2026-06-30 04:57:37
330,5,코코에게 주려고 치석이 껴서 알아보다 샀어요. 봉지 소리만 나도 달려옵니다. 한 봉지로 같이 먹입니다. 바로 재구매했습니다.,0,2026-06-15 22:00:36
331,4,코코에게 주려고 피부를 자꾸 긁어서 찾아봤어요. 잘 먹어서 다행이에요. 보관이 편한 점이 좋아요. 한 번에 먹기 딱 좋은 크기예요. 한창때라 그런지 급여량이 넉넉히 필요해요. 다음에도 살 것 같아요.,0,2026-08-16 02:23:55
332,5,코코에게 주려고 관절이 약해 보여 걱정이었어요. 봉지 소리만 나도 달려옵니다. 보관이 편한 점이 좋아요. 한 번에 먹기 딱 좋은 크기예요. 한창때라 그런지 급여량이 넉넉히 필요해요. 주변에도 추천하고 있어요.,0,2026-08-01 00:54:18
333,3,코코에게 주려고 먹던 사료가 안 맞는 것 같아 바꿔봤어요. 그럭저럭 먹는 편이에요. 알갱이가 단단해 오래 씹어요. 한 번에 먹기 딱 좋은 크기예요. 가격을 보고 재구매를 정하려고요.,0,2026-08-02 01:47:58
334,1,코코에게 주려고 물을 잘 안 마시는 편이라 신경 쓰였어요. 냄새만 맡고 돌아서네요. 다른 제품을 다시 찾아봐야겠어요.,0,2026-07-26 15:20:38
335,3,보리에게 주려고 수제라 믿음이 가서 골랐어요. 주면 먹기는 하는데 열광하진 않아요. 알갱이가 단단해 오래 씹어요. 입이 작은 아이인데 알맞은 크기예요. 가격을 보고 재구매를 정하려고요.,0,2026-06-21 00:47:58
336,4,보리에게 주려고 먹던 사료가 안 맞는 것 같아 바꿔봤어요. 잘 먹어서 다행이에요. 수분이 많아 물 대신 챙겨주기 좋아요. 입이 작은 아이인데 알맞은 크기예요. 한창때라 그런지 급여량이 넉넉히 필요해요. 떨어지면 다시 주문하려고요.,0,2026-06-18 15:53:42
337,5,보리에게 주려고 체중 관리가 필요하다고 해서요. 정신없이 먹어요. 입이 작은 아이인데 알맞은 크기예요. 바로 재구매했습니다.,0,2026-01-25 23:04:39
338,5,보리에게 주려고 속이 자주 안 좋아서 찾아봤어요. 정신없이 먹어요. 알갱이가 단단해 오래 씹어요. 한창때라 그런지 급여량이 넉넉히 필요해요. 바로 재구매했습니다.,0,2026-08-11 18:30:14
339,4,설이에게 주려고 체중 관리가 필요하다고 해서요. 잘 먹어서 다행이에요. 알갱이가 단단해 오래 씹어요. 입이 작은 아이인데 알맞은 크기예요. 한창때라 그런지 급여량이 넉넉히 필요해요. 떨어지면 다시 주문하려고요.,0,2026-04-29 01:27:27
340,4,설이에게 주려고 체중 관리가 필요하다고 해서요. 그릇을 비우는 걸 보니 마음이 놓여요. 떨어지면 다시 주문하려고요.,0,2026-06-24 04:18:45
341,4,두부에게 주려고 관절이 약해 보여 걱정이었어요. 그릇을 비우는 걸 보니 마음이 놓여요. 알갱이가 단단해 오래 씹어요. 작은 아이 입에도 부담이 없어요. 한창때라 그런지 급여량이 넉넉히 필요해요. 다음에도 살 것 같아요.,0,2026-08-10 21:26:14
342,3,두부에게 주려고 산책 뒤에 다리를 아껴주고 싶었어요. 주면 먹기는 하는데 열광하진 않아요. 알갱이가 단단해 오래 씹어요. 한창때라 그런지 급여량이 넉넉히 필요해요. 무난해서 당분간은 이걸로 갑니다.,0,2026-08-11 07:11:29
343,3,두부에게 주려고 산책 뒤에 다리를 아껴주고 싶었어요. 주면 먹기는 하는데 열광하진 않아요. 작은 아이 입에도 부담이 없어요. 한창때라 그런지 급여량이 넉넉히 필요해요. 무난해서 당분간은 이걸로 갑니다.,0,2026-06-04 19:00:27
344,3,두부에게 주려고 산책 뒤에 다리를 아껴주고 싶었어요. 주면 먹기는 하는데 열광하진 않아요. 한창때라 그런지 급여량이 넉넉히 필요해요. 무난해서 당분간은 이걸로 갑니다.,0,2026-07-19 14:57:39
345,1,모카에게 주려고 살이 붙어서 고민하다 골랐어요. 냄새만 맡고 돌아서네요. 한 봉지로 같이 먹입니다. 작은 아이 입에도 부담이 없어요. 한창때라 그런지 급여량이 넉넉히 필요해요. 재구매는 어려울 것 같아요.,0,2026-01-27 05:43:07
346,3,모카에게 주려고 양치를 싫어해서 대신할 걸 찾았어요. 그럭저럭 먹는 편이에요. 보관이 편한 점이 좋아요. 작은 아이 입에도 부담이 없어요. 가격을 보고 재구매를 정하려고요.,0,2026-02-09 01:47:11
347,1,모카에게 주려고 양치를 싫어해서 대신할 걸 찾았어요. 거의 입도 안 댔어요. 가볍고 부스러기가 적어요. 재구매는 어려울 것 같아요.,0,2026-05-02 14:50:08
348,5,모카에게 주려고 신장 수치가 걱정돼서요. 봉지 소리만 나도 달려옵니다. 작은 아이 입에도 부담이 없어요. 주변에도 추천하고 있어요.,0,2026-08-07 11:13:49
349,4,유리에게 주려고 산책 뒤에 다리를 아껴주고 싶었어요. 잘 먹어서 다행이에요. 한창때라 그런지 급여량이 넉넉히 필요해요. 닭고기 알레르기가 있어 원료를 하나하나 확인하고 샀어요. 다음에도 살 것 같아요.,0,2026-06-15 09:13:05
350,3,유리에게 주려고 소화가 편한 걸 고르고 싶었어요. 주면 먹기는 하는데 열광하진 않아요. 수분이 많아 물 대신 챙겨주기 좋아요. 한 번에 먹기 딱 좋은 크기예요. 닭고기 알레르기가 있어 원료를 하나하나 확인하고 샀어요. 가격을 보고 재구매를 정하려고요.,0,2026-07-21 23:22:12
351,3,별이에게 주려고 살이 붙어서 고민하다 골랐어요. 주면 먹기는 하는데 열광하진 않아요. 덩치가 있어 양이 금방 줄어요. 무난해서 당분간은 이걸로 갑니다.,0,2025-06-25 01:59:03
352,5,별이에게 주려고 양치를 싫어해서 대신할 걸 찾았어요. 정신없이 먹어요. 바로 재구매했습니다.,0,2025-07-26 13:06:11
353,5,별이에게 주려고 체중 관리가 필요하다고 해서요. 봉지 소리만 나도 달려옵니다. 알갱이가 단단해 오래 씹어요. 주변에도 추천하고 있어요.,0,2025-08-16 07:58:55
354,5,몽이에게 주려고 체중 관리가 필요하다고 해서요. 정신없이 먹어요. 나이가 있어 부드러운 쪽을 신경 쓰게 되네요. 주변에도 추천하고 있어요.,0,2026-03-19 01:29:32
355,2,몽이에게 주려고 주식을 바꿔볼까 해서 골랐어요. 억지로 먹이는 느낌이라 아쉬워요. 한 번에 먹기 딱 좋은 크기예요. 나이가 있어 부드러운 쪽을 신경 쓰게 되네요. 재구매는 조금 더 고민해보려고요.,0,2025-10-18 17:15:32
356,5,몽이에게 주려고 체중 관리가 필요하다고 해서요. 정신없이 먹어요. 가볍고 부스러기가 적어요. 나이가 있어 부드러운 쪽을 신경 쓰게 되네요. 주변에도 추천하고 있어요.,0,2025-12-09 12:39:17
357,5,몽이에게 주려고 소화가 편한 걸 고르고 싶었어요. 봉지 소리만 나도 달려옵니다. 알갱이가 단단해 오래 씹어요. 한 번에 먹기 딱 좋은 크기예요. 나이가 있어 부드러운 쪽을 신경 쓰게 되네요. 주변에도 추천하고 있어요.,0,2026-06-19 12:13:53
358,3,치즈에게 주려고 체중 관리가 필요하다고 해서요. 주면 먹기는 하는데 열광하진 않아요. 신선한 느낌이 들어요. 덩치가 있어 양이 금방 줄어요. 귀리이 들어간 걸 먹으면 긁어서 성분표부터 봤습니다. 무난해서 당분간은 이걸로 갑니다.,0,2026-08-16 21:26:18
359,5,치즈에게 주려고 관절이 약해 보여 걱정이었어요. 정신없이 먹어요. 알갱이가 단단해 오래 씹어요. 한창때라 그런지 급여량이 넉넉히 필요해요. 귀리이 들어간 걸 먹으면 긁어서 성분표부터 봤습니다. 주변에도 추천하고 있어요.,0,2026-08-09 09:36:52
360,5,치즈에게 주려고 체중 관리가 필요하다고 해서요. 정신없이 먹어요. 알갱이가 단단해 오래 씹어요. 한창때라 그런지 급여량이 넉넉히 필요해요. 주변에도 추천하고 있어요.,0,2026-08-14 02:46:05
361,5,치즈에게 주려고 속이 자주 안 좋아서 찾아봤어요. 정신없이 먹어요. 둘 다 먹일 수 있어 편해요. 덩치가 있어 양이 금방 줄어요. 한창때라 그런지 급여량이 넉넉히 필요해요. 바로 재구매했습니다.,0,2026-08-08 23:52:05
362,4,슈슈에게 주려고 관절이 약해 보여 걱정이었어요. 잘 먹어서 다행이에요. 한 번에 먹기 딱 좋은 크기예요. 나이가 있어 부드러운 쪽을 신경 쓰게 되네요. 다음에도 살 것 같아요.,0,2026-07-29 19:29:36
363,3,떡볶이에게 주려고 관절이 약해 보여 걱정이었어요. 주면 먹기는 하는데 열광하진 않아요. 가볍고 부스러기가 적어요. 무글루텐곡물 알레르기가 있어 원료를 하나하나 확인하고 샀어요. 가격을 보고 재구매를 정하려고요.,0,2026-07-18 07:39:00
364,3,떡볶이에게 주려고 주식을 바꿔볼까 해서 골랐어요. 주면 먹기는 하는데 열광하진 않아요. 알갱이가 단단해 오래 씹어요. 한창때라 그런지 급여량이 넉넉히 필요해요. 무글루텐곡물이 들어간 걸 먹으면 긁어서 성분표부터 봤습니다. 무난해서 당분간은 이걸로 갑니다.,0,2026-07-14 18:33:24
365,5,떡볶이에게 주려고 관절이 약해 보여 걱정이었어요. 정신없이 먹어요. 한창때라 그런지 급여량이 넉넉히 필요해요. 무글루텐곡물 알레르기가 있어 원료를 하나하나 확인하고 샀어요. 주변에도 추천하고 있어요.,0,2026-04-04 10:12:09
366,3,떡볶이에게 주려고 첨가물이 적은 걸 찾다가 샀어요. 그럭저럭 먹는 편이에요. 알갱이가 단단해 오래 씹어요. 가격을 보고 재구매를 정하려고요.,0,2026-07-26 13:22:35
367,5,떡볶이에게 주려고 피부를 자꾸 긁어서 찾아봤어요. 정신없이 먹어요. 주변에도 추천하고 있어요.,0,2026-06-11 03:57:49
368,5,떡볶이에게 주려고 수제라 믿음이 가서 골랐어요. 봉지 소리만 나도 달려옵니다. 알갱이가 단단해 오래 씹어요. 주변에도 추천하고 있어요.,0,2026-04-12 00:19:54
369,4,떡볶이에게 주려고 속이 자주 안 좋아서 찾아봤어요. 잘 먹어서 다행이에요. 신선한 느낌이 들어요. 무글루텐곡물 알레르기가 있어 원료를 하나하나 확인하고 샀어요. 다음에도 살 것 같아요.,0,2026-07-27 08:13:30
370,3,떡볶이에게 주려고 물을 잘 안 마시는 편이라 신경 쓰였어요. 주면 먹기는 하는데 열광하진 않아요. 가격을 보고 재구매를 정하려고요.,0,2026-08-09 14:38:04
371,3,토리에게 주려고 양치를 싫어해서 대신할 걸 찾았어요. 주면 먹기는 하는데 열광하진 않아요. 무난해서 당분간은 이걸로 갑니다.,0,2026-07-20 08:21:26
372,4,토리에게 주려고 치석이 껴서 알아보다 샀어요. 잘 먹어서 다행이에요. 보관이 편한 점이 좋아요. 입이 작은 아이인데 알맞은 크기예요. 떨어지면 다시 주문하려고요.,0,2026-08-19 03:15:44
373,2,토리에게 주려고 산책 뒤에 다리를 아껴주고 싶었어요. 처음엔 먹다가 금방 남기더라고요. 입이 작은 아이인데 알맞은 크기예요. 한창때라 그런지 급여량이 넉넉히 필요해요. 한 번 더 줘보고 결정하려 합니다.,0,2026-08-12 05:24:19
374,5,순이에게 주려고 작게 끊어 주기 좋아 보여 골랐어요. 정신없이 먹어요. 둘 다 먹일 수 있어 편해요. 한창때라 그런지 급여량이 넉넉히 필요해요. 주변에도 추천하고 있어요.,0,2026-02-06 11:37:20
375,4,마루에게 주려고 주식을 바꿔볼까 해서 골랐어요. 잘 먹어서 다행이에요. 수분이 많아 물 대신 챙겨주기 좋아요. 닭고기 알레르기가 있어 원료를 하나하나 확인하고 샀어요. 다음에도 살 것 같아요.,0,2024-05-30 19:38:32
376,5,마루에게 주려고 피부를 자꾸 긁어서 찾아봤어요. 봉지 소리만 나도 달려옵니다. 보관이 편한 점이 좋아요. 바로 재구매했습니다.,0,2024-10-12 17:01:59
377,5,마루에게 주려고 산책 뒤에 다리를 아껴주고 싶었어요. 정신없이 먹어요. 바로 재구매했습니다.,0,2026-05-14 07:57:51
378,3,보리에게 주려고 털 상태가 계속 신경 쓰였어요. 그럭저럭 먹는 편이에요. 알갱이가 단단해 오래 씹어요. 무난해서 당분간은 이걸로 갑니다.,0,2026-06-29 03:08:40
379,1,보리에게 주려고 털 상태가 계속 신경 쓰였어요. 거의 입도 안 댔어요. 보관이 편한 점이 좋아요. 한 번에 먹기 딱 좋은 크기예요. 옥수수 알레르기가 있어 원료를 하나하나 확인하고 샀어요. 다른 제품을 다시 찾아봐야겠어요.,0,2026-08-11 11:21:10
380,4,토리에게 주려고 털 상태가 계속 신경 쓰였어요. 잘 먹어서 다행이에요. 해동해서 주는 게 조금 번거로워요. 병아리콩 알레르기가 있어 원료를 하나하나 확인하고 샀어요. 다음에도 살 것 같아요.,0,2026-04-25 01:36:48
381,2,루비에게 주려고 속이 자주 안 좋아서 찾아봤어요. 억지로 먹이는 느낌이라 아쉬워요. 입이 작은 아이인데 알맞은 크기예요. 나이가 있어 부드러운 쪽을 신경 쓰게 되네요. 한 번 더 줘보고 결정하려 합니다.,0,2026-04-24 01:35:42
382,3,루비에게 주려고 속이 자주 안 좋아서 찾아봤어요. 주면 먹기는 하는데 열광하진 않아요. 바삭해서 손에 묻지 않아요. 입이 작은 아이인데 알맞은 크기예요. 나이가 있어 부드러운 쪽을 신경 쓰게 되네요. 무난해서 당분간은 이걸로 갑니다.,0,2026-04-23 11:23:07
383,4,루비에게 주려고 관절이 약해 보여 걱정이었어요. 그릇을 비우는 걸 보니 마음이 놓여요. 알갱이가 단단해 오래 씹어요. 입이 작은 아이인데 알맞은 크기예요. 나이가 있어 부드러운 쪽을 신경 쓰게 되네요. 옥수수 알레르기가 있어 원료를 하나하나 확인하고 샀어요. 떨어지면 다시 주문하려고요.,0,2026-08-21 02:16:24
384,5,루비에게 주려고 수제라 믿음이 가서 골랐어요. 정신없이 먹어요. 입이 작은 아이인데 알맞은 크기예요. 나이가 있어 부드러운 쪽을 신경 쓰게 되네요. 옥수수이 들어간 걸 먹으면 긁어서 성분표부터 봤습니다. 바로 재구매했습니다.,0,2026-02-08 19:43:47
385,5,순이에게 주려고 주식을 바꿔볼까 해서 골랐어요. 봉지 소리만 나도 달려옵니다. 한창때라 그런지 급여량이 넉넉히 필요해요. 주변에도 추천하고 있어요.,0,2026-06-03 05:21:03
386,5,순이에게 주려고 물을 잘 안 마시는 편이라 신경 쓰였어요. 봉지 소리만 나도 달려옵니다. 보관이 편한 점이 좋아요. 입이 작은 아이인데 알맞은 크기예요. 바로 재구매했습니다.,0,2026-06-22 10:22:23
387,4,치즈에게 주려고 털 상태가 계속 신경 쓰였어요. 그릇을 비우는 걸 보니 마음이 놓여요. 칠면조이 들어간 걸 먹으면 긁어서 성분표부터 봤습니다. 다음에도 살 것 같아요.,0,2026-08-17 03:12:11
388,4,치즈에게 주려고 양치를 싫어해서 대신할 걸 찾았어요. 그릇을 비우는 걸 보니 마음이 놓여요. 둘 다 먹일 수 있어 편해요. 칠면조 알레르기가 있어 원료를 하나하나 확인하고 샀어요. 다음에도 살 것 같아요.,0,2026-02-01 19:32:11
389,5,치즈에게 주려고 소화가 편한 걸 고르고 싶었어요. 정신없이 먹어요. 입이 작은 아이인데 알맞은 크기예요. 칠면조이 들어간 걸 먹으면 긁어서 성분표부터 봤습니다. 바로 재구매했습니다.,0,2026-06-09 21:28:46
390,2,아톰에게 주려고 먹던 사료가 안 맞는 것 같아 바꿔봤어요. 억지로 먹이는 느낌이라 아쉬워요. 수분이 많아 물 대신 챙겨주기 좋아요. 작은 아이 입에도 부담이 없어요. 요거트 알레르기가 있어 원료를 하나하나 확인하고 샀어요. 재구매는 조금 더 고민해보려고요.,0,2026-08-14 06:56:06
391,4,아톰에게 주려고 신장 수치가 걱정돼서요. 잘 먹어서 다행이에요. 보관이 편한 점이 좋아요. 요거트 알레르기가 있어 원료를 하나하나 확인하고 샀어요. 떨어지면 다시 주문하려고요.,0,2026-05-19 21:48:43
392,5,똘이에게 주려고 첨가물이 적은 걸 찾다가 샀어요. 정신없이 먹어요. 한 봉지로 같이 먹입니다. 바로 재구매했습니다.,0,2026-08-25 12:53:47
393,3,똘이에게 주려고 털 상태가 계속 신경 쓰였어요. 주면 먹기는 하는데 열광하진 않아요. 한 번에 먹기 딱 좋은 크기예요. 무난해서 당분간은 이걸로 갑니다.,0,2026-08-08 12:10:57
394,5,똘이에게 주려고 소화가 편한 걸 고르고 싶었어요. 정신없이 먹어요. 신선한 느낌이 들어요. 한 번에 먹기 딱 좋은 크기예요. 주변에도 추천하고 있어요.,0,2026-05-21 15:11:28
395,4,단추에게 주려고 먹던 사료가 안 맞는 것 같아 바꿔봤어요. 그릇을 비우는 걸 보니 마음이 놓여요. 한 번에 먹기 딱 좋은 크기예요. 아직 어려서 조금씩 나눠 급여하고 있어요. 떨어지면 다시 주문하려고요.,0,2026-06-01 04:32:33
396,1,단추에게 주려고 신장 수치가 걱정돼서요. 거의 입도 안 댔어요. 한 번에 먹기 딱 좋은 크기예요. 오리 알레르기가 있어 원료를 하나하나 확인하고 샀어요. 다른 제품을 다시 찾아봐야겠어요.,0,2026-05-12 05:55:06
397,2,단추에게 주려고 피부를 자꾸 긁어서 찾아봤어요. 억지로 먹이는 느낌이라 아쉬워요. 부드러워서 잘 넘겨요. 한 번에 먹기 딱 좋은 크기예요. 아직 어려서 조금씩 나눠 급여하고 있어요. 재구매는 조금 더 고민해보려고요.,0,2026-05-02 08:04:19
398,4,단추에게 주려고 소화가 편한 걸 고르고 싶었어요. 그릇을 비우는 걸 보니 마음이 놓여요. 수분이 많아 물 대신 챙겨주기 좋아요. 한 번에 먹기 딱 좋은 크기예요. 아직 어려서 조금씩 나눠 급여하고 있어요. 다음에도 살 것 같아요.,0,2026-08-04 02:38:04
399,5,똘이에게 주려고 양치를 싫어해서 대신할 걸 찾았어요. 정신없이 먹어요. 보관이 편한 점이 좋아요. 한 번에 먹기 딱 좋은 크기예요. 바로 재구매했습니다.,0,2026-05-17 17:48:37
400,1,똘이에게 주려고 산책 뒤에 다리를 아껴주고 싶었어요. 냄새만 맡고 돌아서네요. 한 번에 먹기 딱 좋은 크기예요. 아직 어려서 조금씩 나눠 급여하고 있어요. 다른 제품을 다시 찾아봐야겠어요.,0,2026-06-02 01:15:40
401,4,치즈에게 주려고 물을 잘 안 마시는 편이라 신경 쓰였어요. 그릇을 비우는 걸 보니 마음이 놓여요. 다음에도 살 것 같아요.,0,2026-05-03 14:10:44
402,2,두부에게 주려고 양치를 싫어해서 대신할 걸 찾았어요. 처음엔 먹다가 금방 남기더라고요. 단백질 알레르기가 있어 원료를 하나하나 확인하고 샀어요. 재구매는 조금 더 고민해보려고요.,0,2026-05-15 15:16:07
403,4,두부에게 주려고 치석이 껴서 알아보다 샀어요. 잘 먹어서 다행이에요. 한 번에 먹기 딱 좋은 크기예요. 떨어지면 다시 주문하려고요.,0,2026-06-17 10:22:20
404,2,두부에게 주려고 털 상태가 계속 신경 쓰였어요. 억지로 먹이는 느낌이라 아쉬워요. 한창때라 그런지 급여량이 넉넉히 필요해요. 단백질 알레르기가 있어 원료를 하나하나 확인하고 샀어요. 재구매는 조금 더 고민해보려고요.,0,2026-02-07 17:51:49
405,4,방울에게 주려고 물을 잘 안 마시는 편이라 신경 쓰였어요. 그릇을 비우는 걸 보니 마음이 놓여요. 다음에도 살 것 같아요.,0,2026-07-21 01:54:28
406,1,방울에게 주려고 살이 붙어서 고민하다 골랐어요. 거의 입도 안 댔어요. 아직 어려서 조금씩 나눠 급여하고 있어요. 다른 제품을 다시 찾아봐야겠어요.,0,2026-07-27 02:38:42
407,4,방울에게 주려고 훈련 보상용으로 샀어요. 잘 먹어서 다행이에요. 한 번에 먹기 딱 좋은 크기예요. 떨어지면 다시 주문하려고요.,0,2026-08-13 14:05:54
408,4,방울에게 주려고 산책 뒤에 다리를 아껴주고 싶었어요. 잘 먹어서 다행이에요. 알갱이가 단단해 오래 씹어요. 떨어지면 다시 주문하려고요.,0,2026-07-18 10:46:28
409,2,방울에게 주려고 살이 붙어서 고민하다 골랐어요. 억지로 먹이는 느낌이라 아쉬워요. 보관이 편한 점이 좋아요. 아직 어려서 조금씩 나눠 급여하고 있어요. 재구매는 조금 더 고민해보려고요.,0,2026-07-15 23:51:23
410,3,방울에게 주려고 살이 붙어서 고민하다 골랐어요. 그럭저럭 먹는 편이에요. 한 번에 먹기 딱 좋은 크기예요. 무난해서 당분간은 이걸로 갑니다.,0,2026-07-22 02:49:31
411,5,방울에게 주려고 털 상태가 계속 신경 쓰였어요. 정신없이 먹어요. 알갱이가 단단해 오래 씹어요. 바로 재구매했습니다.,0,2026-08-10 10:06:59
412,4,방울에게 주려고 신장 수치가 걱정돼서요. 잘 먹어서 다행이에요. 떨어지면 다시 주문하려고요.,0,2026-07-28 01:16:00
413,3,뽀삐에게 주려고 주식을 바꿔볼까 해서 골랐어요. 주면 먹기는 하는데 열광하진 않아요. 작은 아이 입에도 부담이 없어요. 무난해서 당분간은 이걸로 갑니다.,0,2026-07-17 18:28:45
414,4,뽀삐에게 주려고 속이 자주 안 좋아서 찾아봤어요. 그릇을 비우는 걸 보니 마음이 놓여요. 작은 아이 입에도 부담이 없어요. 떨어지면 다시 주문하려고요.,0,2025-03-07 09:43:05
415,3,뽀삐에게 주려고 첨가물이 적은 걸 찾다가 샀어요. 그럭저럭 먹는 편이에요. 둘 다 먹일 수 있어 편해요. 가격을 보고 재구매를 정하려고요.,0,2026-01-06 16:38:45
416,5,나비에게 주려고 속이 자주 안 좋아서 찾아봤어요. 봉지 소리만 나도 달려옵니다. 덩치가 있어 양이 금방 줄어요. 한창때라 그런지 급여량이 넉넉히 필요해요. 고구마이 들어간 걸 먹으면 긁어서 성분표부터 봤습니다. 바로 재구매했습니다.,0,2026-05-10 01:33:40
417,5,나비에게 주려고 살이 붙어서 고민하다 골랐어요. 봉지 소리만 나도 달려옵니다. 가볍고 부스러기가 적어요. 덩치가 있어 양이 금방 줄어요. 고구마이 들어간 걸 먹으면 긁어서 성분표부터 봤습니다. 주변에도 추천하고 있어요.,0,2026-05-18 07:47:17
418,2,나비에게 주려고 산책 뒤에 다리를 아껴주고 싶었어요. 처음엔 먹다가 금방 남기더라고요. 한창때라 그런지 급여량이 넉넉히 필요해요. 재구매는 조금 더 고민해보려고요.,0,2026-06-23 22:53:02
419,5,나비에게 주려고 치석이 껴서 알아보다 샀어요. 봉지 소리만 나도 달려옵니다. 고구마 알레르기가 있어 원료를 하나하나 확인하고 샀어요. 주변에도 추천하고 있어요.,0,2026-06-26 16:12:39
420,5,나비에게 주려고 주식을 바꿔볼까 해서 골랐어요. 봉지 소리만 나도 달려옵니다. 한 봉지로 같이 먹입니다. 한창때라 그런지 급여량이 넉넉히 필요해요. 고구마 알레르기가 있어 원료를 하나하나 확인하고 샀어요. 주변에도 추천하고 있어요.,0,2026-08-05 02:28:25
421,3,나비에게 주려고 작게 끊어 주기 좋아 보여 골랐어요. 그럭저럭 먹는 편이에요. 덩치가 있어 양이 금방 줄어요. 한창때라 그런지 급여량이 넉넉히 필요해요. 고구마 알레르기가 있어 원료를 하나하나 확인하고 샀어요. 무난해서 당분간은 이걸로 갑니다.,0,2026-08-09 07:10:17
422,4,가을에게 주려고 먹던 사료가 안 맞는 것 같아 바꿔봤어요. 잘 먹어서 다행이에요. 작은 아이 입에도 부담이 없어요. 다음에도 살 것 같아요.,0,2026-05-09 09:02:23
423,1,가을에게 주려고 털 상태가 계속 신경 쓰였어요. 냄새만 맡고 돌아서네요. 작은 아이 입에도 부담이 없어요. 재구매는 어려울 것 같아요.,0,2026-05-25 04:44:29
424,4,라떼에게 주려고 소화가 편한 걸 고르고 싶었어요. 그릇을 비우는 걸 보니 마음이 놓여요. 나이가 있어 부드러운 쪽을 신경 쓰게 되네요. 떨어지면 다시 주문하려고요.,0,2024-11-26 14:42:37
425,3,라떼에게 주려고 주식을 바꿔볼까 해서 골랐어요. 주면 먹기는 하는데 열광하진 않아요. 알갱이가 단단해 오래 씹어요. 무난해서 당분간은 이걸로 갑니다.,0,2025-08-18 10:50:55
426,5,가을에게 주려고 산책 뒤에 다리를 아껴주고 싶었어요. 봉지 소리만 나도 달려옵니다. 보관이 편한 점이 좋아요. 덩치가 있어 양이 금방 줄어요. 닭고기이 들어간 걸 먹으면 긁어서 성분표부터 봤습니다. 바로 재구매했습니다.,0,2025-07-19 09:18:40
427,4,가을에게 주려고 주식을 바꿔볼까 해서 골랐어요. 그릇을 비우는 걸 보니 마음이 놓여요. 부드러워서 잘 넘겨요. 다음에도 살 것 같아요.,0,2025-11-24 00:41:28
428,1,가을에게 주려고 살이 붙어서 고민하다 골랐어요. 거의 입도 안 댔어요. 덩치가 있어 양이 금방 줄어요. 다른 제품을 다시 찾아봐야겠어요.,0,2026-08-23 00:36:28
429,2,가을에게 주려고 신장 수치가 걱정돼서요. 처음엔 먹다가 금방 남기더라고요. 수분이 많아 물 대신 챙겨주기 좋아요. 닭고기 알레르기가 있어 원료를 하나하나 확인하고 샀어요. 재구매는 조금 더 고민해보려고요.,0,2026-06-23 17:29:26
430,4,삐삐에게 주려고 치석이 껴서 알아보다 샀어요. 잘 먹어서 다행이에요. 한 번에 먹기 딱 좋은 크기예요. 한창때라 그런지 급여량이 넉넉히 필요해요. 떨어지면 다시 주문하려고요.,0,2026-02-21 04:44:48
431,4,삐삐에게 주려고 신장 수치가 걱정돼서요. 그릇을 비우는 걸 보니 마음이 놓여요. 다음에도 살 것 같아요.,0,2026-06-27 14:51:02
432,3,삐삐에게 주려고 체중 관리가 필요하다고 해서요. 주면 먹기는 하는데 열광하진 않아요. 신선한 느낌이 들어요. 가격을 보고 재구매를 정하려고요.,0,2026-07-08 15:01:34
433,5,삐삐에게 주려고 소화가 편한 걸 고르고 싶었어요. 정신없이 먹어요. 한 번에 먹기 딱 좋은 크기예요. 바로 재구매했습니다.,0,2025-10-12 04:24:55
434,4,삐삐에게 주려고 체중 관리가 필요하다고 해서요. 잘 먹어서 다행이에요. 해동해서 주는 게 조금 번거로워요. 한 번에 먹기 딱 좋은 크기예요. 한창때라 그런지 급여량이 넉넉히 필요해요. 다음에도 살 것 같아요.,0,2025-11-17 02:10:56
435,2,삐삐에게 주려고 털 상태가 계속 신경 쓰였어요. 억지로 먹이는 느낌이라 아쉬워요. 부드러워서 잘 넘겨요. 한 번에 먹기 딱 좋은 크기예요. 한창때라 그런지 급여량이 넉넉히 필요해요. 재구매는 조금 더 고민해보려고요.,0,2026-03-16 15:34:48
436,3,삐삐에게 주려고 피부를 자꾸 긁어서 찾아봤어요. 주면 먹기는 하는데 열광하진 않아요. 무난해서 당분간은 이걸로 갑니다.,0,2026-08-12 01:56:12
437,5,삐삐에게 주려고 신장 수치가 걱정돼서요. 봉지 소리만 나도 달려옵니다. 바로 재구매했습니다.,0,2026-08-01 14:15:23
438,2,모카에게 주려고 먹던 사료가 안 맞는 것 같아 바꿔봤어요. 억지로 먹이는 느낌이라 아쉬워요. 보관이 편한 점이 좋아요. 가금류이 들어간 걸 먹으면 긁어서 성분표부터 봤습니다. 재구매는 조금 더 고민해보려고요.,0,2026-04-06 11:20:06
439,4,모카에게 주려고 산책 뒤에 다리를 아껴주고 싶었어요. 그릇을 비우는 걸 보니 마음이 놓여요. 보관이 편한 점이 좋아요. 나이가 있어 부드러운 쪽을 신경 쓰게 되네요. 떨어지면 다시 주문하려고요.,0,2026-05-19 11:54:23
440,5,모카에게 주려고 살이 붙어서 고민하다 골랐어요. 정신없이 먹어요. 보관이 편한 점이 좋아요. 가금류 알레르기가 있어 원료를 하나하나 확인하고 샀어요. 주변에도 추천하고 있어요.,0,2026-07-23 03:20:03
441,5,봄이에게 주려고 물을 잘 안 마시는 편이라 신경 쓰였어요. 정신없이 먹어요. 보관이 편한 점이 좋아요. 한창때라 그런지 급여량이 넉넉히 필요해요. 쌀 알레르기가 있어 원료를 하나하나 확인하고 샀어요. 주변에도 추천하고 있어요.,0,2026-08-04 13:22:06
442,4,봄이에게 주려고 산책 뒤에 다리를 아껴주고 싶었어요. 잘 먹어서 다행이에요. 한창때라 그런지 급여량이 넉넉히 필요해요. 쌀 알레르기가 있어 원료를 하나하나 확인하고 샀어요. 떨어지면 다시 주문하려고요.,0,2025-10-19 22:46:46
443,3,봄이에게 주려고 치석이 껴서 알아보다 샀어요. 주면 먹기는 하는데 열광하진 않아요. 덩치가 있어 양이 금방 줄어요. 한창때라 그런지 급여량이 넉넉히 필요해요. 가격을 보고 재구매를 정하려고요.,0,2026-03-06 04:40:58
444,5,까미에게 주려고 털 상태가 계속 신경 쓰였어요. 봉지 소리만 나도 달려옵니다. 주변에도 추천하고 있어요.,0,2026-06-07 09:30:15
445,4,까미에게 주려고 수제라 믿음이 가서 골랐어요. 잘 먹어서 다행이에요. 떨어지면 다시 주문하려고요.,0,2026-07-10 03:00:37
446,5,까미에게 주려고 산책 뒤에 다리를 아껴주고 싶었어요. 봉지 소리만 나도 달려옵니다. 보관이 편한 점이 좋아요. 주변에도 추천하고 있어요.,0,2026-07-11 03:27:18
447,2,구름에게 주려고 속이 자주 안 좋아서 찾아봤어요. 억지로 먹이는 느낌이라 아쉬워요. 한 번에 먹기 딱 좋은 크기예요. 재구매는 조금 더 고민해보려고요.,0,2025-03-03 09:30:59
448,5,구름에게 주려고 주식을 바꿔볼까 해서 골랐어요. 정신없이 먹어요. 보관이 편한 점이 좋아요. 한 번에 먹기 딱 좋은 크기예요. 주변에도 추천하고 있어요.,0,2025-03-24 12:07:45
449,5,구름에게 주려고 소화가 편한 걸 고르고 싶었어요. 정신없이 먹어요. 한 번에 먹기 딱 좋은 크기예요. 한창때라 그런지 급여량이 넉넉히 필요해요. 바로 재구매했습니다.,0,2026-04-23 23:41:13
450,1,레오에게 주려고 먹던 사료가 안 맞는 것 같아 바꿔봤어요. 냄새만 맡고 돌아서네요. 부드러워서 잘 넘겨요. 새우 알레르기가 있어 원료를 하나하나 확인하고 샀어요. 다른 제품을 다시 찾아봐야겠어요.,0,2026-07-19 20:58:03
451,5,레오에게 주려고 털 상태가 계속 신경 쓰였어요. 정신없이 먹어요. 바삭해서 손에 묻지 않아요. 입이 작은 아이인데 알맞은 크기예요. 나이가 있어 부드러운 쪽을 신경 쓰게 되네요. 새우이 들어간 걸 먹으면 긁어서 성분표부터 봤습니다. 주변에도 추천하고 있어요.,0,2026-06-20 00:35:22
452,3,레오에게 주려고 관절이 약해 보여 걱정이었어요. 그럭저럭 먹는 편이에요. 새우 알레르기가 있어 원료를 하나하나 확인하고 샀어요. 무난해서 당분간은 이걸로 갑니다.,0,2026-05-13 05:39:09
453,2,레오에게 주려고 체중 관리가 필요하다고 해서요. 억지로 먹이는 느낌이라 아쉬워요. 새우 알레르기가 있어 원료를 하나하나 확인하고 샀어요. 한 번 더 줘보고 결정하려 합니다.,0,2026-08-18 19:58:26
454,4,레오에게 주려고 피부를 자꾸 긁어서 찾아봤어요. 그릇을 비우는 걸 보니 마음이 놓여요. 나이가 있어 부드러운 쪽을 신경 쓰게 되네요. 떨어지면 다시 주문하려고요.,0,2026-01-15 17:02:45
455,5,레오에게 주려고 속이 자주 안 좋아서 찾아봤어요. 정신없이 먹어요. 보관이 편한 점이 좋아요. 입이 작은 아이인데 알맞은 크기예요. 주변에도 추천하고 있어요.,0,2026-03-09 02:01:36
456,4,레오에게 주려고 먹던 사료가 안 맞는 것 같아 바꿔봤어요. 그릇을 비우는 걸 보니 마음이 놓여요. 입이 작은 아이인데 알맞은 크기예요. 새우이 들어간 걸 먹으면 긁어서 성분표부터 봤습니다. 다음에도 살 것 같아요.,0,2026-06-15 23:12:53
457,3,레오에게 주려고 관절이 약해 보여 걱정이었어요. 그럭저럭 먹는 편이에요. 나이가 있어 부드러운 쪽을 신경 쓰게 되네요. 새우 알레르기가 있어 원료를 하나하나 확인하고 샀어요. 가격을 보고 재구매를 정하려고요.,0,2026-07-05 13:52:32
458,4,봄이에게 주려고 속이 자주 안 좋아서 찾아봤어요. 그릇을 비우는 걸 보니 마음이 놓여요. 작은 아이 입에도 부담이 없어요. 유제품이 들어간 걸 먹으면 긁어서 성분표부터 봤습니다. 다음에도 살 것 같아요.,0,2026-08-21 13:00:11
459,4,봄이에게 주려고 살이 붙어서 고민하다 골랐어요. 그릇을 비우는 걸 보니 마음이 놓여요. 보관이 편한 점이 좋아요. 작은 아이 입에도 부담이 없어요. 유제품이 들어간 걸 먹으면 긁어서 성분표부터 봤습니다. 다음에도 살 것 같아요.,0,2026-07-15 11:27:02
460,4,봄이에게 주려고 피부를 자꾸 긁어서 찾아봤어요. 그릇을 비우는 걸 보니 마음이 놓여요. 수분이 많아 물 대신 챙겨주기 좋아요. 유제품이 들어간 걸 먹으면 긁어서 성분표부터 봤습니다. 다음에도 살 것 같아요.,0,2026-08-08 06:51:49
461,3,먼지에게 주려고 작게 끊어 주기 좋아 보여 골랐어요. 그럭저럭 먹는 편이에요. 무난해서 당분간은 이걸로 갑니다.,0,2026-08-06 02:37:59
462,5,뽀삐에게 주려고 살이 붙어서 고민하다 골랐어요. 봉지 소리만 나도 달려옵니다. 큰 아이라 한 봉지가 며칠 못 갑니다. 바로 재구매했습니다.,0,2025-09-06 18:31:18
463,5,뽀삐에게 주려고 살이 붙어서 고민하다 골랐어요. 정신없이 먹어요. 가볍고 부스러기가 적어요. 큰 아이라 한 봉지가 며칠 못 갑니다. 바로 재구매했습니다.,0,2025-12-04 17:03:42
464,5,뽀삐에게 주려고 털 상태가 계속 신경 쓰였어요. 봉지 소리만 나도 달려옵니다. 신선한 느낌이 들어요. 큰 아이라 한 봉지가 며칠 못 갑니다. 바로 재구매했습니다.,0,2026-08-07 10:27:01
465,4,호두에게 주려고 산책 뒤에 다리를 아껴주고 싶었어요. 그릇을 비우는 걸 보니 마음이 놓여요. 보관이 편한 점이 좋아요. 한창때라 그런지 급여량이 넉넉히 필요해요. 다음에도 살 것 같아요.,0,2026-06-03 05:03:23
466,4,호두에게 주려고 소화가 편한 걸 고르고 싶었어요. 잘 먹어서 다행이에요. 한창때라 그런지 급여량이 넉넉히 필요해요. 오리이 들어간 걸 먹으면 긁어서 성분표부터 봤습니다. 다음에도 살 것 같아요.,0,2026-06-15 15:59:57
467,4,호두에게 주려고 먹던 사료가 안 맞는 것 같아 바꿔봤어요. 잘 먹어서 다행이에요. 한창때라 그런지 급여량이 넉넉히 필요해요. 오리이 들어간 걸 먹으면 긁어서 성분표부터 봤습니다. 다음에도 살 것 같아요.,0,2026-06-20 22:16:46
468,5,호두에게 주려고 피부를 자꾸 긁어서 찾아봤어요. 봉지 소리만 나도 달려옵니다. 한 번에 먹기 딱 좋은 크기예요. 오리 알레르기가 있어 원료를 하나하나 확인하고 샀어요. 바로 재구매했습니다.,0,2026-07-09 17:30:17
469,3,호두에게 주려고 관절이 약해 보여 걱정이었어요. 주면 먹기는 하는데 열광하진 않아요. 알갱이가 단단해 오래 씹어요. 한 번에 먹기 딱 좋은 크기예요. 무난해서 당분간은 이걸로 갑니다.,0,2026-07-24 01:42:48
470,3,호두에게 주려고 관절이 약해 보여 걱정이었어요. 주면 먹기는 하는데 열광하진 않아요. 알갱이가 단단해 오래 씹어요. 한 번에 먹기 딱 좋은 크기예요. 오리 알레르기가 있어 원료를 하나하나 확인하고 샀어요. 무난해서 당분간은 이걸로 갑니다.,0,2026-08-06 00:22:55
471,2,똘이에게 주려고 관절이 약해 보여 걱정이었어요. 억지로 먹이는 느낌이라 아쉬워요. 알갱이가 단단해 오래 씹어요. 덩치가 있어 양이 금방 줄어요. 한창때라 그런지 급여량이 넉넉히 필요해요. 재구매는 조금 더 고민해보려고요.,0,2026-08-18 23:55:06
472,3,베리에게 주려고 속이 자주 안 좋아서 찾아봤어요. 그럭저럭 먹는 편이에요. 덩치가 있어 양이 금방 줄어요. 우유 알레르기가 있어 원료를 하나하나 확인하고 샀어요. 무난해서 당분간은 이걸로 갑니다.,0,2026-07-04 09:04:08
473,3,베리에게 주려고 피부를 자꾸 긁어서 찾아봤어요. 주면 먹기는 하는데 열광하진 않아요. 우유 알레르기가 있어 원료를 하나하나 확인하고 샀어요. 가격을 보고 재구매를 정하려고요.,0,2026-08-12 22:10:24
474,4,베리에게 주려고 먹던 사료가 안 맞는 것 같아 바꿔봤어요. 그릇을 비우는 걸 보니 마음이 놓여요. 떨어지면 다시 주문하려고요.,0,2026-04-22 08:22:54
475,4,베리에게 주려고 산책 뒤에 다리를 아껴주고 싶었어요. 잘 먹어서 다행이에요. 나이가 있어 부드러운 쪽을 신경 쓰게 되네요. 다음에도 살 것 같아요.,0,2026-04-04 13:12:50
476,5,베리에게 주려고 작게 끊어 주기 좋아 보여 골랐어요. 정신없이 먹어요. 가볍고 부스러기가 적어요. 우유 알레르기가 있어 원료를 하나하나 확인하고 샀어요. 주변에도 추천하고 있어요.,0,2026-06-02 04:58:48
477,5,베리에게 주려고 산책 뒤에 다리를 아껴주고 싶었어요. 정신없이 먹어요. 우유 알레르기가 있어 원료를 하나하나 확인하고 샀어요. 주변에도 추천하고 있어요.,0,2026-07-25 12:05:01
478,5,베리에게 주려고 체중 관리가 필요하다고 해서요. 정신없이 먹어요. 우유 알레르기가 있어 원료를 하나하나 확인하고 샀어요. 바로 재구매했습니다.,0,2026-03-14 11:15:51
479,5,베리에게 주려고 속이 자주 안 좋아서 찾아봤어요. 정신없이 먹어요. 알갱이가 단단해 오래 씹어요. 덩치가 있어 양이 금방 줄어요. 나이가 있어 부드러운 쪽을 신경 쓰게 되네요. 바로 재구매했습니다.,0,2026-05-21 05:22:42
480,5,초코에게 주려고 먹던 사료가 안 맞는 것 같아 바꿔봤어요. 봉지 소리만 나도 달려옵니다. 보관이 편한 점이 좋아요. 바로 재구매했습니다.,0,2026-07-26 00:45:47
481,5,초코에게 주려고 수제라 믿음이 가서 골랐어요. 봉지 소리만 나도 달려옵니다. 둘 다 먹일 수 있어 편해요. 덩치가 있어 양이 금방 줄어요. 한창때라 그런지 급여량이 넉넉히 필요해요. 주변에도 추천하고 있어요.,0,2026-06-07 02:43:20
482,5,초코에게 주려고 살이 붙어서 고민하다 골랐어요. 봉지 소리만 나도 달려옵니다. 보관이 편한 점이 좋아요. 한창때라 그런지 급여량이 넉넉히 필요해요. 바로 재구매했습니다.,0,2026-08-02 01:48:44
483,2,쿠키에게 주려고 소화가 편한 걸 고르고 싶었어요. 처음엔 먹다가 금방 남기더라고요. 알갱이가 단단해 오래 씹어요. 한 번 더 줘보고 결정하려 합니다.,0,2025-09-13 01:09:20
484,2,쿠키에게 주려고 관절이 약해 보여 걱정이었어요. 처음엔 먹다가 금방 남기더라고요. 재구매는 조금 더 고민해보려고요.,0,2026-06-24 05:27:57
485,4,별이에게 주려고 주식을 바꿔볼까 해서 골랐어요. 그릇을 비우는 걸 보니 마음이 놓여요. 보관이 편한 점이 좋아요. 작은 아이 입에도 부담이 없어요. 한창때라 그런지 급여량이 넉넉히 필요해요. 떨어지면 다시 주문하려고요.,0,2025-06-09 09:19:45
486,5,별이에게 주려고 살이 붙어서 고민하다 골랐어요. 봉지 소리만 나도 달려옵니다. 한창때라 그런지 급여량이 넉넉히 필요해요. 바로 재구매했습니다.,0,2026-08-16 15:01:42
487,4,루비에게 주려고 소화가 편한 걸 고르고 싶었어요. 잘 먹어서 다행이에요. 알갱이가 단단해 오래 씹어요. 다음에도 살 것 같아요.,0,2026-05-28 15:48:01
488,5,루비에게 주려고 속이 자주 안 좋아서 찾아봤어요. 정신없이 먹어요. 주변에도 추천하고 있어요.,0,2026-06-01 19:52:21
489,4,루비에게 주려고 신장 수치가 걱정돼서요. 그릇을 비우는 걸 보니 마음이 놓여요. 작은 아이 입에도 부담이 없어요. 다음에도 살 것 같아요.,0,2026-08-01 18:47:22
490,5,나비에게 주려고 주식을 바꿔볼까 해서 골랐어요. 정신없이 먹어요. 부드러워서 잘 넘겨요. 주변에도 추천하고 있어요.,0,2026-03-09 13:01:15
491,5,나비에게 주려고 피부를 자꾸 긁어서 찾아봤어요. 봉지 소리만 나도 달려옵니다. 부드러워서 잘 넘겨요. 바로 재구매했습니다.,0,2026-06-13 17:26:04
492,4,떡볶이에게 주려고 관절이 약해 보여 걱정이었어요. 잘 먹어서 다행이에요. 나이가 있어 부드러운 쪽을 신경 쓰게 되네요. 떨어지면 다시 주문하려고요.,0,2026-04-06 10:54:19
493,3,떡볶이에게 주려고 속이 자주 안 좋아서 찾아봤어요. 주면 먹기는 하는데 열광하진 않아요. 알갱이가 단단해 오래 씹어요. 작은 아이 입에도 부담이 없어요. 무난해서 당분간은 이걸로 갑니다.,0,2026-03-13 14:09:38
494,4,떡볶이에게 주려고 치석이 껴서 알아보다 샀어요. 그릇을 비우는 걸 보니 마음이 놓여요. 나이가 있어 부드러운 쪽을 신경 쓰게 되네요. 다음에도 살 것 같아요.,0,2026-05-12 02:19:54
495,5,떡볶이에게 주려고 살이 붙어서 고민하다 골랐어요. 정신없이 먹어요. 작은 아이 입에도 부담이 없어요. 나이가 있어 부드러운 쪽을 신경 쓰게 되네요. 주변에도 추천하고 있어요.,0,2026-03-25 10:23:07
496,3,베리에게 주려고 양치를 싫어해서 대신할 걸 찾았어요. 그럭저럭 먹는 편이에요. 보관이 편한 점이 좋아요. 무난해서 당분간은 이걸로 갑니다.,0,2026-08-15 07:59:09
497,4,베리에게 주려고 체중 관리가 필요하다고 해서요. 그릇을 비우는 걸 보니 마음이 놓여요. 한 봉지로 같이 먹입니다. 한 번에 먹기 딱 좋은 크기예요. 나이가 있어 부드러운 쪽을 신경 쓰게 되네요. 다음에도 살 것 같아요.,0,2026-08-13 10:05:59
498,5,구름에게 주려고 작게 끊어 주기 좋아 보여 골랐어요. 정신없이 먹어요. 작은 아이 입에도 부담이 없어요. 병아리콩이 들어간 걸 먹으면 긁어서 성분표부터 봤습니다. 주변에도 추천하고 있어요.,0,2026-07-30 13:52:07
499,3,가을에게 주려고 훈련 보상용으로 샀어요. 주면 먹기는 하는데 열광하진 않아요. 보관이 편한 점이 좋아요. 작은 아이 입에도 부담이 없어요. 가격을 보고 재구매를 정하려고요.,0,2025-02-15 19:36:23
500,4,가을에게 주려고 양치를 싫어해서 대신할 걸 찾았어요. 그릇을 비우는 걸 보니 마음이 놓여요. 가볍고 부스러기가 적어요. 유제품 알레르기가 있어 원료를 하나하나 확인하고 샀어요. 다음에도 살 것 같아요.,0,2025-03-01 10:31:29
501,5,가을에게 주려고 양치를 싫어해서 대신할 걸 찾았어요. 정신없이 먹어요. 주변에도 추천하고 있어요.,0,2025-04-04 18:39:39
502,5,가을에게 주려고 물을 잘 안 마시는 편이라 신경 쓰였어요. 정신없이 먹어요. 보관이 편한 점이 좋아요. 작은 아이 입에도 부담이 없어요. 한창때라 그런지 급여량이 넉넉히 필요해요. 유제품 알레르기가 있어 원료를 하나하나 확인하고 샀어요. 바로 재구매했습니다.,0,2025-04-17 00:11:23
503,4,가을에게 주려고 양치를 싫어해서 대신할 걸 찾았어요. 잘 먹어서 다행이에요. 보관이 편한 점이 좋아요. 작은 아이 입에도 부담이 없어요. 유제품이 들어간 걸 먹으면 긁어서 성분표부터 봤습니다. 떨어지면 다시 주문하려고요.,0,2025-07-23 04:20:27
504,3,가을에게 주려고 살이 붙어서 고민하다 골랐어요. 주면 먹기는 하는데 열광하진 않아요. 유제품이 들어간 걸 먹으면 긁어서 성분표부터 봤습니다. 무난해서 당분간은 이걸로 갑니다.,0,2025-11-11 15:28:04
505,5,봄이에게 주려고 신장 수치가 걱정돼서요. 봉지 소리만 나도 달려옵니다. 한 봉지로 같이 먹입니다. 한 번에 먹기 딱 좋은 크기예요. 한창때라 그런지 급여량이 넉넉히 필요해요. 바로 재구매했습니다.,0,2025-06-29 04:19:01
506,3,봄이에게 주려고 먹던 사료가 안 맞는 것 같아 바꿔봤어요. 그럭저럭 먹는 편이에요. 한 번에 먹기 딱 좋은 크기예요. 무난해서 당분간은 이걸로 갑니다.,0,2025-08-25 16:21:18
507,5,보리에게 주려고 주식을 바꿔볼까 해서 골랐어요. 정신없이 먹어요. 한창때라 그런지 급여량이 넉넉히 필요해요. 바로 재구매했습니다.,0,2026-07-24 04:10:46
508,5,보리에게 주려고 살이 붙어서 고민하다 골랐어요. 봉지 소리만 나도 달려옵니다. 단백질 알레르기가 있어 원료를 하나하나 확인하고 샀어요. 바로 재구매했습니다.,0,2026-07-02 08:46:42
509,2,보리에게 주려고 소화가 편한 걸 고르고 싶었어요. 처음엔 먹다가 금방 남기더라고요. 알갱이가 단단해 오래 씹어요. 단백질 알레르기가 있어 원료를 하나하나 확인하고 샀어요. 한 번 더 줘보고 결정하려 합니다.,0,2026-06-22 21:31:53
510,4,달이에게 주려고 털 상태가 계속 신경 쓰였어요. 그릇을 비우는 걸 보니 마음이 놓여요. 부드러워서 잘 넘겨요. 작은 아이 입에도 부담이 없어요. 닭고기 알레르기가 있어 원료를 하나하나 확인하고 샀어요. 다음에도 살 것 같아요.,0,2026-07-31 20:03:29
511,3,달이에게 주려고 살이 붙어서 고민하다 골랐어요. 그럭저럭 먹는 편이에요. 보관이 편한 점이 좋아요. 아직 어려서 조금씩 나눠 급여하고 있어요. 가격을 보고 재구매를 정하려고요.,0,2026-07-24 21:37:20
512,5,달이에게 주려고 양치를 싫어해서 대신할 걸 찾았어요. 봉지 소리만 나도 달려옵니다. 가볍고 부스러기가 적어요. 작은 아이 입에도 부담이 없어요. 아직 어려서 조금씩 나눠 급여하고 있어요. 바로 재구매했습니다.,0,2026-05-25 05:02:35
513,4,달이에게 주려고 소화가 편한 걸 고르고 싶었어요. 그릇을 비우는 걸 보니 마음이 놓여요. 아직 어려서 조금씩 나눠 급여하고 있어요. 닭고기이 들어간 걸 먹으면 긁어서 성분표부터 봤습니다. 다음에도 살 것 같아요.,0,2026-06-02 13:23:04
514,3,토리에게 주려고 살이 붙어서 고민하다 골랐어요. 주면 먹기는 하는데 열광하진 않아요. 부드러워서 잘 넘겨요. 무난해서 당분간은 이걸로 갑니다.,0,2026-06-08 02:09:02
515,5,토리에게 주려고 작게 끊어 주기 좋아 보여 골랐어요. 정신없이 먹어요. 한 봉지로 같이 먹입니다. 한 번에 먹기 딱 좋은 크기예요. 바로 재구매했습니다.,0,2025-08-04 07:50:58
516,5,토리에게 주려고 물을 잘 안 마시는 편이라 신경 쓰였어요. 정신없이 먹어요. 한 번에 먹기 딱 좋은 크기예요. 나이가 있어 부드러운 쪽을 신경 쓰게 되네요. 주변에도 추천하고 있어요.,0,2026-06-10 22:26:50
517,5,토리에게 주려고 살이 붙어서 고민하다 골랐어요. 정신없이 먹어요. 수분이 많아 물 대신 챙겨주기 좋아요. 나이가 있어 부드러운 쪽을 신경 쓰게 되네요. 주변에도 추천하고 있어요.,0,2026-04-27 12:53:58
518,5,토리에게 주려고 살이 붙어서 고민하다 골랐어요. 봉지 소리만 나도 달려옵니다. 한 번에 먹기 딱 좋은 크기예요. 바로 재구매했습니다.,0,2025-05-06 09:18:13
519,3,토리에게 주려고 체중 관리가 필요하다고 해서요. 그럭저럭 먹는 편이에요. 가격을 보고 재구매를 정하려고요.,0,2025-07-07 09:20:53
520,4,토리에게 주려고 살이 붙어서 고민하다 골랐어요. 잘 먹어서 다행이에요. 가볍고 부스러기가 적어요. 나이가 있어 부드러운 쪽을 신경 쓰게 되네요. 떨어지면 다시 주문하려고요.,0,2025-11-20 20:29:32
521,4,토리에게 주려고 양치를 싫어해서 대신할 걸 찾았어요. 그릇을 비우는 걸 보니 마음이 놓여요. 알갱이가 단단해 오래 씹어요. 한 번에 먹기 딱 좋은 크기예요. 나이가 있어 부드러운 쪽을 신경 쓰게 되네요. 떨어지면 다시 주문하려고요.,0,2026-03-06 14:13:16
522,5,토리에게 주려고 피부를 자꾸 긁어서 찾아봤어요. 정신없이 먹어요. 바로 재구매했습니다.,0,2026-08-01 05:51:12
523,3,달이에게 주려고 털 상태가 계속 신경 쓰였어요. 그럭저럭 먹는 편이에요. 수분이 많아 물 대신 챙겨주기 좋아요. 곡물 알레르기가 있어 원료를 하나하나 확인하고 샀어요. 가격을 보고 재구매를 정하려고요.,0,2025-11-21 04:28:42
524,4,달이에게 주려고 신장 수치가 걱정돼서요. 잘 먹어서 다행이에요. 한 번에 먹기 딱 좋은 크기예요. 곡물 알레르기가 있어 원료를 하나하나 확인하고 샀어요. 다음에도 살 것 같아요.,0,2025-12-31 06:51:59
525,4,달이에게 주려고 소화가 편한 걸 고르고 싶었어요. 그릇을 비우는 걸 보니 마음이 놓여요. 한 번에 먹기 딱 좋은 크기예요. 떨어지면 다시 주문하려고요.,0,2026-07-22 15:14:35
526,4,달이에게 주려고 주식을 바꿔볼까 해서 골랐어요. 그릇을 비우는 걸 보니 마음이 놓여요. 부드러워서 잘 넘겨요. 곡물이 들어간 걸 먹으면 긁어서 성분표부터 봤습니다. 다음에도 살 것 같아요.,0,2026-03-08 01:12:57
527,2,까미에게 주려고 관절이 약해 보여 걱정이었어요. 억지로 먹이는 느낌이라 아쉬워요. 가볍고 부스러기가 적어요. 한창때라 그런지 급여량이 넉넉히 필요해요. 오리 알레르기가 있어 원료를 하나하나 확인하고 샀어요. 재구매는 조금 더 고민해보려고요.,0,2026-03-09 15:21:03
528,2,설이에게 주려고 산책 뒤에 다리를 아껴주고 싶었어요. 처음엔 먹다가 금방 남기더라고요. 재구매는 조금 더 고민해보려고요.,0,2026-04-15 14:03:54
529,5,설이에게 주려고 피부를 자꾸 긁어서 찾아봤어요. 봉지 소리만 나도 달려옵니다. 한 번에 먹기 딱 좋은 크기예요. 한창때라 그런지 급여량이 넉넉히 필요해요. 바로 재구매했습니다.,0,2025-11-17 20:26:33
530,4,설이에게 주려고 관절이 약해 보여 걱정이었어요. 잘 먹어서 다행이에요. 한 번에 먹기 딱 좋은 크기예요. 대두이 들어간 걸 먹으면 긁어서 성분표부터 봤습니다. 다음에도 살 것 같아요.,0,2026-08-24 10:03:25
531,2,루비에게 주려고 치석이 껴서 알아보다 샀어요. 처음엔 먹다가 금방 남기더라고요. 둘 다 먹일 수 있어 편해요. 덩치가 있어 양이 금방 줄어요. 나이가 있어 부드러운 쪽을 신경 쓰게 되네요. 귀리이 들어간 걸 먹으면 긁어서 성분표부터 봤습니다. 재구매는 조금 더 고민해보려고요.,0,2025-09-07 11:24:23
532,4,루비에게 주려고 관절이 약해 보여 걱정이었어요. 그릇을 비우는 걸 보니 마음이 놓여요. 덩치가 있어 양이 금방 줄어요. 귀리 알레르기가 있어 원료를 하나하나 확인하고 샀어요. 떨어지면 다시 주문하려고요.,0,2026-06-14 02:38:31
533,4,방울에게 주려고 양치를 싫어해서 대신할 걸 찾았어요. 잘 먹어서 다행이에요. 가볍고 부스러기가 적어요. 떨어지면 다시 주문하려고요.,0,2026-01-11 04:00:56
534,5,방울에게 주려고 소화가 편한 걸 고르고 싶었어요. 정신없이 먹어요. 신선한 느낌이 들어요. 주변에도 추천하고 있어요.,0,2026-03-15 11:55:27
535,3,단추에게 주려고 주식을 바꿔볼까 해서 골랐어요. 주면 먹기는 하는데 열광하진 않아요. 알갱이가 단단해 오래 씹어요. 우유이 들어간 걸 먹으면 긁어서 성분표부터 봤습니다. 무난해서 당분간은 이걸로 갑니다.,0,2025-08-31 01:03:33
536,4,단추에게 주려고 주식을 바꿔볼까 해서 골랐어요. 잘 먹어서 다행이에요. 수분이 많아 물 대신 챙겨주기 좋아요. 덩치가 있어 양이 금방 줄어요. 우유 알레르기가 있어 원료를 하나하나 확인하고 샀어요. 다음에도 살 것 같아요.,0,2025-11-01 14:17:48
537,1,단추에게 주려고 털 상태가 계속 신경 쓰였어요. 거의 입도 안 댔어요. 알갱이가 단단해 오래 씹어요. 덩치가 있어 양이 금방 줄어요. 우유 알레르기가 있어 원료를 하나하나 확인하고 샀어요. 재구매는 어려울 것 같아요.,0,2026-07-10 10:43:17
538,4,쿠키에게 주려고 털 상태가 계속 신경 쓰였어요. 잘 먹어서 다행이에요. 알갱이가 단단해 오래 씹어요. 한창때라 그런지 급여량이 넉넉히 필요해요. 다음에도 살 것 같아요.,0,2026-08-21 19:42:32
539,5,쿠키에게 주려고 속이 자주 안 좋아서 찾아봤어요. 정신없이 먹어요. 부드러워서 잘 넘겨요. 한창때라 그런지 급여량이 넉넉히 필요해요. 바로 재구매했습니다.,0,2026-08-25 21:52:20
540,5,쿠키에게 주려고 훈련 보상용으로 샀어요. 봉지 소리만 나도 달려옵니다. 바로 재구매했습니다.,0,2026-08-25 04:58:42
541,5,치즈에게 주려고 먹던 사료가 안 맞는 것 같아 바꿔봤어요. 봉지 소리만 나도 달려옵니다. 알갱이가 단단해 오래 씹어요. 한창때라 그런지 급여량이 넉넉히 필요해요. 주변에도 추천하고 있어요.,0,2025-10-15 13:36:33
542,4,치즈에게 주려고 소화가 편한 걸 고르고 싶었어요. 그릇을 비우는 걸 보니 마음이 놓여요. 보관이 편한 점이 좋아요. 떨어지면 다시 주문하려고요.,0,2026-05-04 21:53:42
543,5,별이에게 주려고 먹던 사료가 안 맞는 것 같아 바꿔봤어요. 봉지 소리만 나도 달려옵니다. 한 번에 먹기 딱 좋은 크기예요. 한창때라 그런지 급여량이 넉넉히 필요해요. 바로 재구매했습니다.,0,2026-07-31 07:49:37
544,3,별이에게 주려고 체중 관리가 필요하다고 해서요. 주면 먹기는 하는데 열광하진 않아요. 부드러워서 잘 넘겨요. 무난해서 당분간은 이걸로 갑니다.,0,2026-07-05 23:49:50
545,4,별이에게 주려고 신장 수치가 걱정돼서요. 그릇을 비우는 걸 보니 마음이 놓여요. 알갱이가 단단해 오래 씹어요. 한창때라 그런지 급여량이 넉넉히 필요해요. 떨어지면 다시 주문하려고요.,0,2026-06-14 02:44:52
546,5,별이에게 주려고 체중 관리가 필요하다고 해서요. 정신없이 먹어요. 보관이 편한 점이 좋아요. 한 번에 먹기 딱 좋은 크기예요. 바로 재구매했습니다.,0,2026-06-06 12:10:58
547,3,별이에게 주려고 신장 수치가 걱정돼서요. 주면 먹기는 하는데 열광하진 않아요. 한창때라 그런지 급여량이 넉넉히 필요해요. 가격을 보고 재구매를 정하려고요.,0,2026-06-19 09:15:54
548,4,별이에게 주려고 살이 붙어서 고민하다 골랐어요. 그릇을 비우는 걸 보니 마음이 놓여요. 한 번에 먹기 딱 좋은 크기예요. 한창때라 그런지 급여량이 넉넉히 필요해요. 떨어지면 다시 주문하려고요.,0,2026-05-25 19:53:16
549,2,몽이에게 주려고 관절이 약해 보여 걱정이었어요. 억지로 먹이는 느낌이라 아쉬워요. 가볍고 부스러기가 적어요. 한 번 더 줘보고 결정하려 합니다.,0,2026-04-12 07:48:48
550,2,몽이에게 주려고 속이 자주 안 좋아서 찾아봤어요. 억지로 먹이는 느낌이라 아쉬워요. 수분이 많아 물 대신 챙겨주기 좋아요. 덩치가 있어 양이 금방 줄어요. 한 번 더 줘보고 결정하려 합니다.,0,2026-02-19 19:07:36
551,5,몽이에게 주려고 산책 뒤에 다리를 아껴주고 싶었어요. 봉지 소리만 나도 달려옵니다. 콩류 알레르기가 있어 원료를 하나하나 확인하고 샀어요. 주변에도 추천하고 있어요.,0,2026-05-14 20:53:55
552,3,보리에게 주려고 체중 관리가 필요하다고 해서요. 그럭저럭 먹는 편이에요. 한 봉지로 같이 먹입니다. 입이 작은 아이인데 알맞은 크기예요. 가격을 보고 재구매를 정하려고요.,0,2026-04-07 00:32:16
553,5,보리에게 주려고 털 상태가 계속 신경 쓰였어요. 봉지 소리만 나도 달려옵니다. 입이 작은 아이인데 알맞은 크기예요. 주변에도 추천하고 있어요.,0,2026-06-06 03:06:02
554,3,뽀삐에게 주려고 물을 잘 안 마시는 편이라 신경 쓰였어요. 주면 먹기는 하는데 열광하진 않아요. 덩치가 있어 양이 금방 줄어요. 무난해서 당분간은 이걸로 갑니다.,0,2026-07-21 11:37:37
555,4,뽀삐에게 주려고 수제라 믿음이 가서 골랐어요. 잘 먹어서 다행이에요. 한창때라 그런지 급여량이 넉넉히 필요해요. 다음에도 살 것 같아요.,0,2026-07-15 02:35:09
556,3,뽀삐에게 주려고 피부를 자꾸 긁어서 찾아봤어요. 그럭저럭 먹는 편이에요. 무난해서 당분간은 이걸로 갑니다.,0,2025-02-10 06:59:03
557,3,뽀삐에게 주려고 신장 수치가 걱정돼서요. 주면 먹기는 하는데 열광하진 않아요. 수분이 많아 물 대신 챙겨주기 좋아요. 가격을 보고 재구매를 정하려고요.,0,2026-07-26 11:53:38
558,5,모카에게 주려고 피부를 자꾸 긁어서 찾아봤어요. 봉지 소리만 나도 달려옵니다. 알갱이가 단단해 오래 씹어요. 입이 작은 아이인데 알맞은 크기예요. 한창때라 그런지 급여량이 넉넉히 필요해요. 바로 재구매했습니다.,0,2023-11-06 07:44:51
559,4,모카에게 주려고 훈련 보상용으로 샀어요. 잘 먹어서 다행이에요. 바삭해서 손에 묻지 않아요. 떨어지면 다시 주문하려고요.,0,2024-06-29 09:03:06
560,5,모카에게 주려고 먹던 사료가 안 맞는 것 같아 바꿔봤어요. 정신없이 먹어요. 수분이 많아 물 대신 챙겨주기 좋아요. 입이 작은 아이인데 알맞은 크기예요. 바로 재구매했습니다.,0,2026-01-28 08:59:17
561,5,레오에게 주려고 체중 관리가 필요하다고 해서요. 봉지 소리만 나도 달려옵니다. 주변에도 추천하고 있어요.,0,2026-04-17 10:06:36
562,5,레오에게 주려고 치석이 껴서 알아보다 샀어요. 정신없이 먹어요. 가볍고 부스러기가 적어요. 한창때라 그런지 급여량이 넉넉히 필요해요. 바로 재구매했습니다.,0,2026-03-23 20:37:16
563,3,레오에게 주려고 관절이 약해 보여 걱정이었어요. 그럭저럭 먹는 편이에요. 보관이 편한 점이 좋아요. 작은 아이 입에도 부담이 없어요. 가격을 보고 재구매를 정하려고요.,0,2026-02-16 22:08:15
564,4,레오에게 주려고 양치를 싫어해서 대신할 걸 찾았어요. 잘 먹어서 다행이에요. 보관이 편한 점이 좋아요. 한창때라 그런지 급여량이 넉넉히 필요해요. 떨어지면 다시 주문하려고요.,0,2026-02-24 18:33:44
565,5,레오에게 주려고 살이 붙어서 고민하다 골랐어요. 정신없이 먹어요. 작은 아이 입에도 부담이 없어요. 주변에도 추천하고 있어요.,0,2026-03-01 21:30:40
566,5,레오에게 주려고 관절이 약해 보여 걱정이었어요. 정신없이 먹어요. 둘 다 먹일 수 있어 편해요. 한창때라 그런지 급여량이 넉넉히 필요해요. 바로 재구매했습니다.,0,2026-07-25 13:03:20
567,2,라떼에게 주려고 살이 붙어서 고민하다 골랐어요. 처음엔 먹다가 금방 남기더라고요. 알갱이가 단단해 오래 씹어요. 입이 작은 아이인데 알맞은 크기예요. 한창때라 그런지 급여량이 넉넉히 필요해요. 재구매는 조금 더 고민해보려고요.,0,2026-02-09 12:26:56
568,5,라떼에게 주려고 물을 잘 안 마시는 편이라 신경 쓰였어요. 정신없이 먹어요. 바로 재구매했습니다.,0,2026-04-23 21:35:08
569,3,라떼에게 주려고 작게 끊어 주기 좋아 보여 골랐어요. 주면 먹기는 하는데 열광하진 않아요. 무난해서 당분간은 이걸로 갑니다.,0,2026-06-25 14:00:30
570,4,라떼에게 주려고 양치를 싫어해서 대신할 걸 찾았어요. 그릇을 비우는 걸 보니 마음이 놓여요. 입이 작은 아이인데 알맞은 크기예요. 한창때라 그런지 급여량이 넉넉히 필요해요. 떨어지면 다시 주문하려고요.,0,2026-07-25 23:42:45
571,4,라떼에게 주려고 훈련 보상용으로 샀어요. 잘 먹어서 다행이에요. 입이 작은 아이인데 알맞은 크기예요. 한창때라 그런지 급여량이 넉넉히 필요해요. 다음에도 살 것 같아요.,0,2026-08-03 16:10:09
572,5,라떼에게 주려고 체중 관리가 필요하다고 해서요. 봉지 소리만 나도 달려옵니다. 알갱이가 단단해 오래 씹어요. 입이 작은 아이인데 알맞은 크기예요. 한창때라 그런지 급여량이 넉넉히 필요해요. 바로 재구매했습니다.,0,2026-08-08 14:00:42
573,5,라떼에게 주려고 훈련 보상용으로 샀어요. 봉지 소리만 나도 달려옵니다. 한창때라 그런지 급여량이 넉넉히 필요해요. 바로 재구매했습니다.,0,2026-08-08 18:34:18
574,5,라떼에게 주려고 털 상태가 계속 신경 쓰였어요. 봉지 소리만 나도 달려옵니다. 입이 작은 아이인데 알맞은 크기예요. 주변에도 추천하고 있어요.,0,2026-08-11 14:46:31
575,4,똘이에게 주려고 관절이 약해 보여 걱정이었어요. 잘 먹어서 다행이에요. 보관이 편한 점이 좋아요. 입이 작은 아이인데 알맞은 크기예요. 떨어지면 다시 주문하려고요.,0,2026-08-08 00:43:22
576,2,똘이에게 주려고 산책 뒤에 다리를 아껴주고 싶었어요. 억지로 먹이는 느낌이라 아쉬워요. 나이가 있어 부드러운 쪽을 신경 쓰게 되네요. 한 번 더 줘보고 결정하려 합니다.,0,2026-04-10 23:09:21
577,3,똘이에게 주려고 소화가 편한 걸 고르고 싶었어요. 주면 먹기는 하는데 열광하진 않아요. 가격을 보고 재구매를 정하려고요.,0,2026-07-06 10:23:16
578,4,똘이에게 주려고 치석이 껴서 알아보다 샀어요. 잘 먹어서 다행이에요. 나이가 있어 부드러운 쪽을 신경 쓰게 되네요. 다음에도 살 것 같아요.,0,2026-07-23 14:38:04
579,4,단추에게 주려고 체중 관리가 필요하다고 해서요. 잘 먹어서 다행이에요. 한 번에 먹기 딱 좋은 크기예요. 단백질이 들어간 걸 먹으면 긁어서 성분표부터 봤습니다. 다음에도 살 것 같아요.,0,2026-08-12 22:35:47
580,5,단추에게 주려고 체중 관리가 필요하다고 해서요. 정신없이 먹어요. 부드러워서 잘 넘겨요. 바로 재구매했습니다.,0,2026-01-18 02:35:22
581,5,단추에게 주려고 관절이 약해 보여 걱정이었어요. 정신없이 먹어요. 한 번에 먹기 딱 좋은 크기예요. 단백질 알레르기가 있어 원료를 하나하나 확인하고 샀어요. 주변에도 추천하고 있어요.,0,2026-03-24 18:05:06
582,5,설이에게 주려고 피부를 자꾸 긁어서 찾아봤어요. 봉지 소리만 나도 달려옵니다. 알갱이가 단단해 오래 씹어요. 한 번에 먹기 딱 좋은 크기예요. 주변에도 추천하고 있어요.,0,2025-03-23 12:18:02
583,4,설이에게 주려고 신장 수치가 걱정돼서요. 그릇을 비우는 걸 보니 마음이 놓여요. 가볍고 부스러기가 적어요. 한 번에 먹기 딱 좋은 크기예요. 나이가 있어 부드러운 쪽을 신경 쓰게 되네요. 떨어지면 다시 주문하려고요.,0,2026-02-20 03:05:41
584,3,쿠키에게 주려고 피부를 자꾸 긁어서 찾아봤어요. 주면 먹기는 하는데 열광하진 않아요. 한 번에 먹기 딱 좋은 크기예요. 곤충단백 알레르기가 있어 원료를 하나하나 확인하고 샀어요. 가격을 보고 재구매를 정하려고요.,0,2025-01-22 01:45:28
585,3,쿠키에게 주려고 물을 잘 안 마시는 편이라 신경 쓰였어요. 주면 먹기는 하는데 열광하진 않아요. 한 번에 먹기 딱 좋은 크기예요. 한창때라 그런지 급여량이 넉넉히 필요해요. 무난해서 당분간은 이걸로 갑니다.,0,2026-01-19 10:50:28
586,3,쿠키에게 주려고 신장 수치가 걱정돼서요. 그럭저럭 먹는 편이에요. 수분이 많아 물 대신 챙겨주기 좋아요. 한 번에 먹기 딱 좋은 크기예요. 곤충단백 알레르기가 있어 원료를 하나하나 확인하고 샀어요. 가격을 보고 재구매를 정하려고요.,0,2026-07-11 13:23:57
587,5,코코에게 주려고 치석이 껴서 알아보다 샀어요. 봉지 소리만 나도 달려옵니다. 보관이 편한 점이 좋아요. 입이 작은 아이인데 알맞은 크기예요. 바로 재구매했습니다.,0,2026-08-05 20:45:00
588,5,코코에게 주려고 양치를 싫어해서 대신할 걸 찾았어요. 정신없이 먹어요. 입이 작은 아이인데 알맞은 크기예요. 주변에도 추천하고 있어요.,0,2026-02-13 06:56:07
589,4,코코에게 주려고 주식을 바꿔볼까 해서 골랐어요. 그릇을 비우는 걸 보니 마음이 놓여요. 다음에도 살 것 같아요.,0,2026-03-18 03:22:38
590,4,코코에게 주려고 살이 붙어서 고민하다 골랐어요. 잘 먹어서 다행이에요. 보관이 편한 점이 좋아요. 떨어지면 다시 주문하려고요.,0,2026-02-13 01:07:37
591,4,코코에게 주려고 첨가물이 적은 걸 찾다가 샀어요. 그릇을 비우는 걸 보니 마음이 놓여요. 알갱이가 단단해 오래 씹어요. 입이 작은 아이인데 알맞은 크기예요. 한창때라 그런지 급여량이 넉넉히 필요해요. 떨어지면 다시 주문하려고요.,0,2026-05-17 09:45:25
592,5,코코에게 주려고 먹던 사료가 안 맞는 것 같아 바꿔봤어요. 봉지 소리만 나도 달려옵니다. 수분이 많아 물 대신 챙겨주기 좋아요. 입이 작은 아이인데 알맞은 크기예요. 바로 재구매했습니다.,0,2026-05-27 19:24:05
593,3,탄이에게 주려고 먹던 사료가 안 맞는 것 같아 바꿔봤어요. 그럭저럭 먹는 편이에요. 한창때라 그런지 급여량이 넉넉히 필요해요. 무난해서 당분간은 이걸로 갑니다.,0,2026-03-27 07:45:39
594,4,탄이에게 주려고 양치를 싫어해서 대신할 걸 찾았어요. 그릇을 비우는 걸 보니 마음이 놓여요. 부드러워서 잘 넘겨요. 한 번에 먹기 딱 좋은 크기예요. 다음에도 살 것 같아요.,0,2026-08-19 11:54:15
595,5,탄이에게 주려고 물을 잘 안 마시는 편이라 신경 쓰였어요. 봉지 소리만 나도 달려옵니다. 한 번에 먹기 딱 좋은 크기예요. 주변에도 추천하고 있어요.,0,2025-12-27 01:13:50
596,3,탄이에게 주려고 주식을 바꿔볼까 해서 골랐어요. 그럭저럭 먹는 편이에요. 한 번에 먹기 딱 좋은 크기예요. 한창때라 그런지 급여량이 넉넉히 필요해요. 가격을 보고 재구매를 정하려고요.,0,2025-10-13 13:07:29
597,2,탄이에게 주려고 주식을 바꿔볼까 해서 골랐어요. 처음엔 먹다가 금방 남기더라고요. 한 번 더 줘보고 결정하려 합니다.,0,2025-12-06 09:42:19
598,5,탄이에게 주려고 관절이 약해 보여 걱정이었어요. 정신없이 먹어요. 한 번에 먹기 딱 좋은 크기예요. 바로 재구매했습니다.,0,2026-01-14 12:07:17
599,4,탄이에게 주려고 신장 수치가 걱정돼서요. 그릇을 비우는 걸 보니 마음이 놓여요. 알갱이가 단단해 오래 씹어요. 한 번에 먹기 딱 좋은 크기예요. 한창때라 그런지 급여량이 넉넉히 필요해요. 떨어지면 다시 주문하려고요.,0,2026-03-18 11:29:31
600,4,탄이에게 주려고 관절이 약해 보여 걱정이었어요. 그릇을 비우는 걸 보니 마음이 놓여요. 보관이 편한 점이 좋아요. 다음에도 살 것 같아요.,0,2026-08-02 03:23:26
601,5,콩이에게 주려고 털 상태가 계속 신경 쓰였어요. 정신없이 먹어요. 부드러워서 잘 넘겨요. 한창때라 그런지 급여량이 넉넉히 필요해요. 바로 재구매했습니다.,0,2026-03-10 09:17:36
602,3,콩이에게 주려고 훈련 보상용으로 샀어요. 주면 먹기는 하는데 열광하진 않아요. 가볍고 부스러기가 적어요. 입이 작은 아이인데 알맞은 크기예요. 한창때라 그런지 급여량이 넉넉히 필요해요. 가격을 보고 재구매를 정하려고요.,0,2026-06-06 09:33:27
603,4,콩이에게 주려고 첨가물이 적은 걸 찾다가 샀어요. 잘 먹어서 다행이에요. 둘 다 먹일 수 있어 편해요. 입이 작은 아이인데 알맞은 크기예요. 한창때라 그런지 급여량이 넉넉히 필요해요. 다음에도 살 것 같아요.,0,2026-06-09 07:28:14
604,5,콩이에게 주려고 신장 수치가 걱정돼서요. 정신없이 먹어요. 입이 작은 아이인데 알맞은 크기예요. 주변에도 추천하고 있어요.,0,2026-07-30 04:54:39
605,5,해피에게 주려고 산책 뒤에 다리를 아껴주고 싶었어요. 정신없이 먹어요. 알갱이가 단단해 오래 씹어요. 주변에도 추천하고 있어요.,0,2026-08-22 00:51:29
606,4,해피에게 주려고 작게 끊어 주기 좋아 보여 골랐어요. 그릇을 비우는 걸 보니 마음이 놓여요. 가볍고 부스러기가 적어요. 작은 아이 입에도 부담이 없어요. 다음에도 살 것 같아요.,0,2026-08-19 20:02:25
607,3,밤비에게 주려고 훈련 보상용으로 샀어요. 주면 먹기는 하는데 열광하진 않아요. 부드러워서 잘 넘겨요. 덩치가 있어 양이 금방 줄어요. 오리 알레르기가 있어 원료를 하나하나 확인하고 샀어요. 가격을 보고 재구매를 정하려고요.,0,2026-08-23 12:44:40
608,5,밤비에게 주려고 털 상태가 계속 신경 쓰였어요. 정신없이 먹어요. 덩치가 있어 양이 금방 줄어요. 오리이 들어간 걸 먹으면 긁어서 성분표부터 봤습니다. 주변에도 추천하고 있어요.,0,2026-04-12 09:26:52
609,5,밤비에게 주려고 산책 뒤에 다리를 아껴주고 싶었어요. 정신없이 먹어요. 부드러워서 잘 넘겨요. 덩치가 있어 양이 금방 줄어요. 주변에도 추천하고 있어요.,0,2026-05-22 14:50:38
610,5,밤비에게 주려고 산책 뒤에 다리를 아껴주고 싶었어요. 봉지 소리만 나도 달려옵니다. 보관이 편한 점이 좋아요. 덩치가 있어 양이 금방 줄어요. 주변에도 추천하고 있어요.,0,2026-07-13 19:48:58
611,5,구름에게 주려고 치석이 껴서 알아보다 샀어요. 정신없이 먹어요. 둘 다 먹일 수 있어 편해요. 주변에도 추천하고 있어요.,0,2026-08-03 20:56:28
612,4,구름에게 주려고 체중 관리가 필요하다고 해서요. 그릇을 비우는 걸 보니 마음이 놓여요. 알갱이가 단단해 오래 씹어요. 다음에도 살 것 같아요.,0,2026-08-07 03:46:50
613,4,구름에게 주려고 털 상태가 계속 신경 쓰였어요. 잘 먹어서 다행이에요. 가볍고 부스러기가 적어요. 덩치가 있어 양이 금방 줄어요. 다음에도 살 것 같아요.,0,2026-02-27 18:35:18
614,5,구름에게 주려고 양치를 싫어해서 대신할 걸 찾았어요. 정신없이 먹어요. 바삭해서 손에 묻지 않아요. 한창때라 그런지 급여량이 넉넉히 필요해요. 바로 재구매했습니다.,0,2026-07-13 20:56:45
615,4,구름에게 주려고 주식을 바꿔볼까 해서 골랐어요. 잘 먹어서 다행이에요. 덩치가 있어 양이 금방 줄어요. 떨어지면 다시 주문하려고요.,0,2026-08-08 12:58:04
616,5,구름에게 주려고 산책 뒤에 다리를 아껴주고 싶었어요. 봉지 소리만 나도 달려옵니다. 한창때라 그런지 급여량이 넉넉히 필요해요. 주변에도 추천하고 있어요.,0,2026-03-11 01:33:41
617,5,구름에게 주려고 소화가 편한 걸 고르고 싶었어요. 정신없이 먹어요. 덩치가 있어 양이 금방 줄어요. 바로 재구매했습니다.,0,2026-03-21 09:08:02
618,2,구름에게 주려고 주식을 바꿔볼까 해서 골랐어요. 억지로 먹이는 느낌이라 아쉬워요. 알갱이가 단단해 오래 씹어요. 한창때라 그런지 급여량이 넉넉히 필요해요. 재구매는 조금 더 고민해보려고요.,0,2026-07-07 18:01:25
619,4,밤비에게 주려고 관절이 약해 보여 걱정이었어요. 잘 먹어서 다행이에요. 보관이 편한 점이 좋아요. 다음에도 살 것 같아요.,0,2026-08-05 12:11:58
620,4,밤비에게 주려고 먹던 사료가 안 맞는 것 같아 바꿔봤어요. 그릇을 비우는 걸 보니 마음이 놓여요. 떨어지면 다시 주문하려고요.,0,2025-07-11 06:46:18
621,2,밤비에게 주려고 치석이 껴서 알아보다 샀어요. 처음엔 먹다가 금방 남기더라고요. 한 봉지로 같이 먹입니다. 작은 아이 입에도 부담이 없어요. 한 번 더 줘보고 결정하려 합니다.,0,2026-08-08 04:26:56
622,5,베리에게 주려고 물을 잘 안 마시는 편이라 신경 쓰였어요. 봉지 소리만 나도 달려옵니다. 주변에도 추천하고 있어요.,0,2026-08-18 06:59:24
623,5,베리에게 주려고 물을 잘 안 마시는 편이라 신경 쓰였어요. 정신없이 먹어요. 한창때라 그런지 급여량이 넉넉히 필요해요. 주변에도 추천하고 있어요.,0,2026-05-11 08:38:13
624,2,베리에게 주려고 주식을 바꿔볼까 해서 골랐어요. 처음엔 먹다가 금방 남기더라고요. 부드러워서 잘 넘겨요. 한 번에 먹기 딱 좋은 크기예요. 재구매는 조금 더 고민해보려고요.,0,2026-06-01 01:45:05
625,3,슈슈에게 주려고 신장 수치가 걱정돼서요. 그럭저럭 먹는 편이에요. 알갱이가 단단해 오래 씹어요. 덩치가 있어 양이 금방 줄어요. 무난해서 당분간은 이걸로 갑니다.,0,2026-01-10 08:24:23
626,3,슈슈에게 주려고 물을 잘 안 마시는 편이라 신경 쓰였어요. 주면 먹기는 하는데 열광하진 않아요. 덩치가 있어 양이 금방 줄어요. 가격을 보고 재구매를 정하려고요.,0,2026-01-14 04:36:04
627,4,슈슈에게 주려고 산책 뒤에 다리를 아껴주고 싶었어요. 잘 먹어서 다행이에요. 보관이 편한 점이 좋아요. 덩치가 있어 양이 금방 줄어요. 나이가 있어 부드러운 쪽을 신경 쓰게 되네요. 다음에도 살 것 같아요.,0,2026-01-24 18:25:15
628,4,슈슈에게 주려고 주식을 바꿔볼까 해서 골랐어요. 그릇을 비우는 걸 보니 마음이 놓여요. 알갱이가 단단해 오래 씹어요. 다음에도 살 것 같아요.,0,2026-06-30 02:04:45
629,5,해피에게 주려고 피부를 자꾸 긁어서 찾아봤어요. 정신없이 먹어요. 소고기 알레르기가 있어 원료를 하나하나 확인하고 샀어요. 주변에도 추천하고 있어요.,0,2026-06-27 18:21:13
630,5,해피에게 주려고 체중 관리가 필요하다고 해서요. 정신없이 먹어요. 소고기 알레르기가 있어 원료를 하나하나 확인하고 샀어요. 주변에도 추천하고 있어요.,0,2026-03-18 06:10:16
631,5,모카에게 주려고 산책 뒤에 다리를 아껴주고 싶었어요. 봉지 소리만 나도 달려옵니다. 나이가 있어 부드러운 쪽을 신경 쓰게 되네요. 땅콩이 들어간 걸 먹으면 긁어서 성분표부터 봤습니다. 주변에도 추천하고 있어요.,0,2026-05-11 09:24:15
632,5,모카에게 주려고 주식을 바꿔볼까 해서 골랐어요. 봉지 소리만 나도 달려옵니다. 작은 아이 입에도 부담이 없어요. 주변에도 추천하고 있어요.,0,2026-06-25 01:01:21
633,1,모카에게 주려고 신장 수치가 걱정돼서요. 거의 입도 안 댔어요. 땅콩이 들어간 걸 먹으면 긁어서 성분표부터 봤습니다. 재구매는 어려울 것 같아요.,0,2026-06-28 07:14:32
634,5,모카에게 주려고 신장 수치가 걱정돼서요. 봉지 소리만 나도 달려옵니다. 수분이 많아 물 대신 챙겨주기 좋아요. 작은 아이 입에도 부담이 없어요. 땅콩이 들어간 걸 먹으면 긁어서 성분표부터 봤습니다. 바로 재구매했습니다.,0,2026-07-16 19:44:29
635,4,마루에게 주려고 양치를 싫어해서 대신할 걸 찾았어요. 잘 먹어서 다행이에요. 한 번에 먹기 딱 좋은 크기예요. 아직 어려서 조금씩 나눠 급여하고 있어요. 다음에도 살 것 같아요.,0,2026-05-29 21:47:32
636,3,마루에게 주려고 속이 자주 안 좋아서 찾아봤어요. 주면 먹기는 하는데 열광하진 않아요. 보관이 편한 점이 좋아요. 한 번에 먹기 딱 좋은 크기예요. 가격을 보고 재구매를 정하려고요.,0,2026-06-15 04:27:30
637,3,마루에게 주려고 신장 수치가 걱정돼서요. 그럭저럭 먹는 편이에요. 알갱이가 단단해 오래 씹어요. 가격을 보고 재구매를 정하려고요.,0,2026-07-19 11:53:25
638,5,마루에게 주려고 먹던 사료가 안 맞는 것 같아 바꿔봤어요. 봉지 소리만 나도 달려옵니다. 아직 어려서 조금씩 나눠 급여하고 있어요. 바로 재구매했습니다.,0,2026-07-22 04:29:31
639,4,가을에게 주려고 주식을 바꿔볼까 해서 골랐어요. 잘 먹어서 다행이에요. 다음에도 살 것 같아요.,0,2026-06-17 16:51:12
640,3,호두에게 주려고 관절이 약해 보여 걱정이었어요. 그럭저럭 먹는 편이에요. 작은 아이 입에도 부담이 없어요. 가격을 보고 재구매를 정하려고요.,0,2026-08-20 10:35:40
641,3,호두에게 주려고 관절이 약해 보여 걱정이었어요. 그럭저럭 먹는 편이에요. 둘 다 먹일 수 있어 편해요. 콩류 알레르기가 있어 원료를 하나하나 확인하고 샀어요. 무난해서 당분간은 이걸로 갑니다.,0,2026-08-22 14:35:59
642,4,호두에게 주려고 털 상태가 계속 신경 쓰였어요. 잘 먹어서 다행이에요. 작은 아이 입에도 부담이 없어요. 다음에도 살 것 같아요.,0,2026-08-12 20:41:36
643,5,모카에게 주려고 살이 붙어서 고민하다 골랐어요. 봉지 소리만 나도 달려옵니다. 해동해서 주는 게 조금 번거로워요. 한창때라 그런지 급여량이 넉넉히 필요해요. 바로 재구매했습니다.,0,2026-07-15 02:14:04
644,3,모카에게 주려고 신장 수치가 걱정돼서요. 주면 먹기는 하는데 열광하진 않아요. 큰 아이라 한 봉지가 며칠 못 갑니다. 가격을 보고 재구매를 정하려고요.,0,2026-07-21 18:42:57
645,5,호두에게 주려고 관절이 약해 보여 걱정이었어요. 정신없이 먹어요. 알갱이가 단단해 오래 씹어요. 바로 재구매했습니다.,0,2026-08-01 17:38:09
646,5,베리에게 주려고 살이 붙어서 고민하다 골랐어요. 봉지 소리만 나도 달려옵니다. 부드러워서 잘 넘겨요. 한창때라 그런지 급여량이 넉넉히 필요해요. 주변에도 추천하고 있어요.,0,2025-09-10 07:50:00
647,5,먼지에게 주려고 먹던 사료가 안 맞는 것 같아 바꿔봤어요. 봉지 소리만 나도 달려옵니다. 나이가 있어 부드러운 쪽을 신경 쓰게 되네요. 바로 재구매했습니다.,0,2026-07-15 05:36:06
648,4,먼지에게 주려고 첨가물이 적은 걸 찾다가 샀어요. 그릇을 비우는 걸 보니 마음이 놓여요. 보관이 편한 점이 좋아요. 한 번에 먹기 딱 좋은 크기예요. 소고기 알레르기가 있어 원료를 하나하나 확인하고 샀어요. 다음에도 살 것 같아요.,0,2026-07-07 18:23:58
649,5,먼지에게 주려고 훈련 보상용으로 샀어요. 정신없이 먹어요. 가볍고 부스러기가 적어요. 한 번에 먹기 딱 좋은 크기예요. 바로 재구매했습니다.,0,2026-07-14 23:07:17
650,4,먼지에게 주려고 수제라 믿음이 가서 골랐어요. 잘 먹어서 다행이에요. 가볍고 부스러기가 적어요. 한 번에 먹기 딱 좋은 크기예요. 나이가 있어 부드러운 쪽을 신경 쓰게 되네요. 소고기 알레르기가 있어 원료를 하나하나 확인하고 샀어요. 떨어지면 다시 주문하려고요.,0,2026-05-27 08:09:00
651,1,먼지에게 주려고 주식을 바꿔볼까 해서 골랐어요. 거의 입도 안 댔어요. 부드러워서 잘 넘겨요. 한 번에 먹기 딱 좋은 크기예요. 소고기 알레르기가 있어 원료를 하나하나 확인하고 샀어요. 재구매는 어려울 것 같아요.,0,2026-07-20 02:40:16
652,3,먼지에게 주려고 작게 끊어 주기 좋아 보여 골랐어요. 주면 먹기는 하는데 열광하진 않아요. 한 봉지로 같이 먹입니다. 한 번에 먹기 딱 좋은 크기예요. 소고기이 들어간 걸 먹으면 긁어서 성분표부터 봤습니다. 가격을 보고 재구매를 정하려고요.,0,2026-05-25 07:58:04
653,5,몽이에게 주려고 산책 뒤에 다리를 아껴주고 싶었어요. 봉지 소리만 나도 달려옵니다. 주변에도 추천하고 있어요.,0,2026-07-30 07:24:38
654,5,베리에게 주려고 소화가 편한 걸 고르고 싶었어요. 봉지 소리만 나도 달려옵니다. 바로 재구매했습니다.,0,2026-04-28 13:25:41
655,4,베리에게 주려고 털 상태가 계속 신경 쓰였어요. 그릇을 비우는 걸 보니 마음이 놓여요. 부드러워서 잘 넘겨요. 한 번에 먹기 딱 좋은 크기예요. 나이가 있어 부드러운 쪽을 신경 쓰게 되네요. 떨어지면 다시 주문하려고요.,0,2026-05-21 11:57:30
656,5,베리에게 주려고 수제라 믿음이 가서 골랐어요. 정신없이 먹어요. 바로 재구매했습니다.,0,2026-06-09 03:01:05
657,5,베리에게 주려고 치석이 껴서 알아보다 샀어요. 정신없이 먹어요. 바로 재구매했습니다.,0,2026-06-17 07:08:12
658,3,유리에게 주려고 체중 관리가 필요하다고 해서요. 그럭저럭 먹는 편이에요. 보관이 편한 점이 좋아요. 가격을 보고 재구매를 정하려고요.,0,2026-08-10 16:37:19
659,5,까미에게 주려고 양치를 싫어해서 대신할 걸 찾았어요. 정신없이 먹어요. 가볍고 부스러기가 적어요. 한 번에 먹기 딱 좋은 크기예요. 주변에도 추천하고 있어요.,0,2026-08-02 10:43:34
660,4,까미에게 주려고 체중 관리가 필요하다고 해서요. 그릇을 비우는 걸 보니 마음이 놓여요. 보관이 편한 점이 좋아요. 한 번에 먹기 딱 좋은 크기예요. 다음에도 살 것 같아요.,0,2026-05-20 15:56:04
661,3,까미에게 주려고 주식을 바꿔볼까 해서 골랐어요. 그럭저럭 먹는 편이에요. 부드러워서 잘 넘겨요. 가격을 보고 재구매를 정하려고요.,0,2026-06-17 16:17:20
662,4,밤비에게 주려고 피부를 자꾸 긁어서 찾아봤어요. 잘 먹어서 다행이에요. 바삭해서 손에 묻지 않아요. 떨어지면 다시 주문하려고요.,0,2026-05-12 14:16:58
663,5,밤비에게 주려고 속이 자주 안 좋아서 찾아봤어요. 봉지 소리만 나도 달려옵니다. 주변에도 추천하고 있어요.,0,2026-05-25 01:33:37
664,5,밤비에게 주려고 먹던 사료가 안 맞는 것 같아 바꿔봤어요. 정신없이 먹어요. 알갱이가 단단해 오래 씹어요. 한 번에 먹기 딱 좋은 크기예요. 주변에도 추천하고 있어요.,0,2026-07-11 12:17:01
665,2,레오에게 주려고 피부를 자꾸 긁어서 찾아봤어요. 처음엔 먹다가 금방 남기더라고요. 신선한 느낌이 들어요. 한 번에 먹기 딱 좋은 크기예요. 재구매는 조금 더 고민해보려고요.,0,2026-04-07 08:21:44
666,4,레오에게 주려고 피부를 자꾸 긁어서 찾아봤어요. 그릇을 비우는 걸 보니 마음이 놓여요. 다음에도 살 것 같아요.,0,2025-12-06 10:21:54
667,3,레오에게 주려고 양치를 싫어해서 대신할 걸 찾았어요. 그럭저럭 먹는 편이에요. 한창때라 그런지 급여량이 넉넉히 필요해요. 무난해서 당분간은 이걸로 갑니다.,0,2026-02-06 05:11:46
668,2,레오에게 주려고 먹던 사료가 안 맞는 것 같아 바꿔봤어요. 처음엔 먹다가 금방 남기더라고요. 보관이 편한 점이 좋아요. 한창때라 그런지 급여량이 넉넉히 필요해요. 재구매는 조금 더 고민해보려고요.,0,2026-04-12 19:06:30
669,4,망고에게 주려고 속이 자주 안 좋아서 찾아봤어요. 잘 먹어서 다행이에요. 보관이 편한 점이 좋아요. 덩치가 있어 양이 금방 줄어요. 떨어지면 다시 주문하려고요.,0,2025-03-13 12:43:04
670,5,망고에게 주려고 주식을 바꿔볼까 해서 골랐어요. 정신없이 먹어요. 덩치가 있어 양이 금방 줄어요. 바로 재구매했습니다.,0,2025-09-08 00:45:30
671,4,망고에게 주려고 관절이 약해 보여 걱정이었어요. 그릇을 비우는 걸 보니 마음이 놓여요. 한창때라 그런지 급여량이 넉넉히 필요해요. 다음에도 살 것 같아요.,0,2025-10-19 15:40:27
672,5,망고에게 주려고 산책 뒤에 다리를 아껴주고 싶었어요. 정신없이 먹어요. 보관이 편한 점이 좋아요. 한창때라 그런지 급여량이 넉넉히 필요해요. 바로 재구매했습니다.,0,2026-07-31 20:04:12
673,4,레오에게 주려고 털 상태가 계속 신경 쓰였어요. 잘 먹어서 다행이에요. 부드러워서 잘 넘겨요. 한 번에 먹기 딱 좋은 크기예요. 도라지이 들어간 걸 먹으면 긁어서 성분표부터 봤습니다. 다음에도 살 것 같아요.,0,2026-08-19 03:35:25
674,4,레오에게 주려고 산책 뒤에 다리를 아껴주고 싶었어요. 잘 먹어서 다행이에요. 한창때라 그런지 급여량이 넉넉히 필요해요. 도라지이 들어간 걸 먹으면 긁어서 성분표부터 봤습니다. 다음에도 살 것 같아요.,0,2026-08-19 09:11:23
675,3,레오에게 주려고 소화가 편한 걸 고르고 싶었어요. 주면 먹기는 하는데 열광하진 않아요. 알갱이가 단단해 오래 씹어요. 도라지 알레르기가 있어 원료를 하나하나 확인하고 샀어요. 가격을 보고 재구매를 정하려고요.,0,2026-08-19 12:00:05
676,2,봄이에게 주려고 관절이 약해 보여 걱정이었어요. 억지로 먹이는 느낌이라 아쉬워요. 보관이 편한 점이 좋아요. 작은 아이 입에도 부담이 없어요. 아직 어려서 조금씩 나눠 급여하고 있어요. 한 번 더 줘보고 결정하려 합니다.,0,2026-08-22 06:17:29
677,5,봄이에게 주려고 신장 수치가 걱정돼서요. 봉지 소리만 나도 달려옵니다. 바로 재구매했습니다.,0,2026-08-16 18:16:21
678,2,초코에게 주려고 관절이 약해 보여 걱정이었어요. 억지로 먹이는 느낌이라 아쉬워요. 한 번 더 줘보고 결정하려 합니다.,0,2026-07-24 16:38:48
679,2,초코에게 주려고 신장 수치가 걱정돼서요. 억지로 먹이는 느낌이라 아쉬워요. 알갱이가 단단해 오래 씹어요. 한 번 더 줘보고 결정하려 합니다.,0,2026-08-23 07:24:49
680,5,초코에게 주려고 체중 관리가 필요하다고 해서요. 봉지 소리만 나도 달려옵니다. 바로 재구매했습니다.,0,2026-07-20 11:07:54
681,4,초코에게 주려고 작게 끊어 주기 좋아 보여 골랐어요. 그릇을 비우는 걸 보니 마음이 놓여요. 바삭해서 손에 묻지 않아요. 입이 작은 아이인데 알맞은 크기예요. 떨어지면 다시 주문하려고요.,0,2026-07-20 23:21:33
682,4,쿠키에게 주려고 먹던 사료가 안 맞는 것 같아 바꿔봤어요. 잘 먹어서 다행이에요. 보관이 편한 점이 좋아요. 입이 작은 아이인데 알맞은 크기예요. 다음에도 살 것 같아요.,0,2026-05-30 03:20:01
683,4,쿠키에게 주려고 산책 뒤에 다리를 아껴주고 싶었어요. 잘 먹어서 다행이에요. 한창때라 그런지 급여량이 넉넉히 필요해요. 떨어지면 다시 주문하려고요.,0,2026-05-26 05:39:37
684,3,쿠키에게 주려고 수제라 믿음이 가서 골랐어요. 주면 먹기는 하는데 열광하진 않아요. 가볍고 부스러기가 적어요. 입이 작은 아이인데 알맞은 크기예요. 한창때라 그런지 급여량이 넉넉히 필요해요. 가격을 보고 재구매를 정하려고요.,0,2026-04-16 20:23:26
685,4,아톰에게 주려고 털 상태가 계속 신경 쓰였어요. 그릇을 비우는 걸 보니 마음이 놓여요. 바삭해서 손에 묻지 않아요. 덩치가 있어 양이 금방 줄어요. 가금류이 들어간 걸 먹으면 긁어서 성분표부터 봤습니다. 다음에도 살 것 같아요.,0,2026-06-28 01:47:29
686,4,아톰에게 주려고 관절이 약해 보여 걱정이었어요. 잘 먹어서 다행이에요. 둘 다 먹일 수 있어 편해요. 가금류이 들어간 걸 먹으면 긁어서 성분표부터 봤습니다. 다음에도 살 것 같아요.,0,2026-06-25 11:59:42
687,4,레오에게 주려고 산책 뒤에 다리를 아껴주고 싶었어요. 그릇을 비우는 걸 보니 마음이 놓여요. 보관이 편한 점이 좋아요. 떨어지면 다시 주문하려고요.,0,2025-04-07 09:38:29
688,4,탄이에게 주려고 체중 관리가 필요하다고 해서요. 그릇을 비우는 걸 보니 마음이 놓여요. 알갱이가 단단해 오래 씹어요. 덩치가 있어 양이 금방 줄어요. 떨어지면 다시 주문하려고요.,0,2026-01-10 03:27:37
689,4,탄이에게 주려고 수제라 믿음이 가서 골랐어요. 그릇을 비우는 걸 보니 마음이 놓여요. 바삭해서 손에 묻지 않아요. 떨어지면 다시 주문하려고요.,0,2026-08-11 00:15:14
690,4,탄이에게 주려고 속이 자주 안 좋아서 찾아봤어요. 그릇을 비우는 걸 보니 마음이 놓여요. 보관이 편한 점이 좋아요. 덩치가 있어 양이 금방 줄어요. 한창때라 그런지 급여량이 넉넉히 필요해요. 다음에도 살 것 같아요.,0,2026-02-19 20:54:02
691,5,탄이에게 주려고 피부를 자꾸 긁어서 찾아봤어요. 봉지 소리만 나도 달려옵니다. 바삭해서 손에 묻지 않아요. 바로 재구매했습니다.,0,2026-04-05 19:00:50
692,4,코코에게 주려고 피부를 자꾸 긁어서 찾아봤어요. 잘 먹어서 다행이에요. 보관이 편한 점이 좋아요. 한창때라 그런지 급여량이 넉넉히 필요해요. 떨어지면 다시 주문하려고요.,0,2026-08-16 11:12:37
693,3,코코에게 주려고 양치를 싫어해서 대신할 걸 찾았어요. 그럭저럭 먹는 편이에요. 가볍고 부스러기가 적어요. 곤충단백이 들어간 걸 먹으면 긁어서 성분표부터 봤습니다. 무난해서 당분간은 이걸로 갑니다.,0,2026-03-21 09:13:37
694,3,토리에게 주려고 피부를 자꾸 긁어서 찾아봤어요. 그럭저럭 먹는 편이에요. 가격을 보고 재구매를 정하려고요.,0,2026-08-17 11:36:43
695,5,토리에게 주려고 산책 뒤에 다리를 아껴주고 싶었어요. 정신없이 먹어요. 알갱이가 단단해 오래 씹어요. 나이가 있어 부드러운 쪽을 신경 쓰게 되네요. 바로 재구매했습니다.,0,2026-07-31 00:20:21
696,4,구름에게 주려고 주식을 바꿔볼까 해서 골랐어요. 잘 먹어서 다행이에요. 입이 작은 아이인데 알맞은 크기예요. 떨어지면 다시 주문하려고요.,0,2026-08-15 06:56:25
697,4,구름에게 주려고 신장 수치가 걱정돼서요. 그릇을 비우는 걸 보니 마음이 놓여요. 보관이 편한 점이 좋아요. 나이가 있어 부드러운 쪽을 신경 쓰게 되네요. 떨어지면 다시 주문하려고요.,0,2026-05-19 07:45:46
698,4,구름에게 주려고 주식을 바꿔볼까 해서 골랐어요. 잘 먹어서 다행이에요. 입이 작은 아이인데 알맞은 크기예요. 다음에도 살 것 같아요.,0,2026-05-06 22:39:27
699,3,구름에게 주려고 소화가 편한 걸 고르고 싶었어요. 주면 먹기는 하는데 열광하진 않아요. 입이 작은 아이인데 알맞은 크기예요. 무난해서 당분간은 이걸로 갑니다.,0,2026-06-16 15:00:42
700,5,구름에게 주려고 먹던 사료가 안 맞는 것 같아 바꿔봤어요. 봉지 소리만 나도 달려옵니다. 알갱이가 단단해 오래 씹어요. 입이 작은 아이인데 알맞은 크기예요. 주변에도 추천하고 있어요.,0,2026-04-21 09:26:54
701,4,구름에게 주려고 산책 뒤에 다리를 아껴주고 싶었어요. 잘 먹어서 다행이에요. 보관이 편한 점이 좋아요. 입이 작은 아이인데 알맞은 크기예요. 나이가 있어 부드러운 쪽을 신경 쓰게 되네요. 다음에도 살 것 같아요.,0,2026-08-06 04:01:19
702,4,쿠키에게 주려고 작게 끊어 주기 좋아 보여 골랐어요. 그릇을 비우는 걸 보니 마음이 놓여요. 입이 작은 아이인데 알맞은 크기예요. 나이가 있어 부드러운 쪽을 신경 쓰게 되네요. 다음에도 살 것 같아요.,0,2026-06-29 15:03:05
703,4,쿠키에게 주려고 치석이 껴서 알아보다 샀어요. 잘 먹어서 다행이에요. 입이 작은 아이인데 알맞은 크기예요. 다음에도 살 것 같아요.,0,2026-05-05 02:05:17
704,4,쿠키에게 주려고 신장 수치가 걱정돼서요. 그릇을 비우는 걸 보니 마음이 놓여요. 입이 작은 아이인데 알맞은 크기예요. 나이가 있어 부드러운 쪽을 신경 쓰게 되네요. 새우 알레르기가 있어 원료를 하나하나 확인하고 샀어요. 떨어지면 다시 주문하려고요.,0,2026-05-13 19:32:35
705,4,쿠키에게 주려고 주식을 바꿔볼까 해서 골랐어요. 그릇을 비우는 걸 보니 마음이 놓여요. 부드러워서 잘 넘겨요. 새우 알레르기가 있어 원료를 하나하나 확인하고 샀어요. 다음에도 살 것 같아요.,0,2026-06-20 04:13:37
706,3,레오에게 주려고 치석이 껴서 알아보다 샀어요. 그럭저럭 먹는 편이에요. 옥수수 알레르기가 있어 원료를 하나하나 확인하고 샀어요. 무난해서 당분간은 이걸로 갑니다.,0,2026-07-16 20:39:26
707,4,레오에게 주려고 산책 뒤에 다리를 아껴주고 싶었어요. 그릇을 비우는 걸 보니 마음이 놓여요. 한창때라 그런지 급여량이 넉넉히 필요해요. 옥수수이 들어간 걸 먹으면 긁어서 성분표부터 봤습니다. 다음에도 살 것 같아요.,0,2026-06-16 07:57:32
708,3,유리에게 주려고 먹던 사료가 안 맞는 것 같아 바꿔봤어요. 그럭저럭 먹는 편이에요. 부드러워서 잘 넘겨요. 아직 어려서 조금씩 나눠 급여하고 있어요. 치즈 알레르기가 있어 원료를 하나하나 확인하고 샀어요. 무난해서 당분간은 이걸로 갑니다.,0,2026-04-29 02:52:54
709,3,떡볶이에게 주려고 신장 수치가 걱정돼서요. 그럭저럭 먹는 편이에요. 알갱이가 단단해 오래 씹어요. 큰 아이라 한 봉지가 며칠 못 갑니다. 나이가 있어 부드러운 쪽을 신경 쓰게 되네요. 가격을 보고 재구매를 정하려고요.,0,2026-08-03 02:20:48
710,3,떡볶이에게 주려고 훈련 보상용으로 샀어요. 주면 먹기는 하는데 열광하진 않아요. 둘 다 먹일 수 있어 편해요. 가격을 보고 재구매를 정하려고요.,0,2025-12-08 20:25:27
711,5,떡볶이에게 주려고 먹던 사료가 안 맞는 것 같아 바꿔봤어요. 봉지 소리만 나도 달려옵니다. 부드러워서 잘 넘겨요. 나이가 있어 부드러운 쪽을 신경 쓰게 되네요. 바로 재구매했습니다.,0,2025-11-17 13:33:02
712,3,떡볶이에게 주려고 피부를 자꾸 긁어서 찾아봤어요. 그럭저럭 먹는 편이에요. 알갱이가 단단해 오래 씹어요. 큰 아이라 한 봉지가 며칠 못 갑니다. 무난해서 당분간은 이걸로 갑니다.,0,2026-05-05 08:46:21
713,3,베리에게 주려고 관절이 약해 보여 걱정이었어요. 그럭저럭 먹는 편이에요. 가볍고 부스러기가 적어요. 한 번에 먹기 딱 좋은 크기예요. 가격을 보고 재구매를 정하려고요.,0,2026-07-04 20:10:35
714,2,베리에게 주려고 체중 관리가 필요하다고 해서요. 처음엔 먹다가 금방 남기더라고요. 수분이 많아 물 대신 챙겨주기 좋아요. 한 번에 먹기 딱 좋은 크기예요. 한 번 더 줘보고 결정하려 합니다.,0,2026-08-10 19:26:32
715,4,베리에게 주려고 관절이 약해 보여 걱정이었어요. 잘 먹어서 다행이에요. 한 번에 먹기 딱 좋은 크기예요. 아직 어려서 조금씩 나눠 급여하고 있어요. 떨어지면 다시 주문하려고요.,0,2026-07-23 00:08:28
716,3,베리에게 주려고 피부를 자꾸 긁어서 찾아봤어요. 그럭저럭 먹는 편이에요. 부드러워서 잘 넘겨요. 한 번에 먹기 딱 좋은 크기예요. 아직 어려서 조금씩 나눠 급여하고 있어요. 무난해서 당분간은 이걸로 갑니다.,0,2026-08-03 14:57:20
717,5,베리에게 주려고 살이 붙어서 고민하다 골랐어요. 봉지 소리만 나도 달려옵니다. 둘 다 먹일 수 있어 편해요. 한 번에 먹기 딱 좋은 크기예요. 아직 어려서 조금씩 나눠 급여하고 있어요. 바로 재구매했습니다.,0,2026-07-07 10:23:34
718,1,베리에게 주려고 주식을 바꿔볼까 해서 골랐어요. 거의 입도 안 댔어요. 알갱이가 단단해 오래 씹어요. 재구매는 어려울 것 같아요.,0,2026-08-02 02:21:13
719,3,먼지에게 주려고 체중 관리가 필요하다고 해서요. 주면 먹기는 하는데 열광하진 않아요. 수분이 많아 물 대신 챙겨주기 좋아요. 덩치가 있어 양이 금방 줄어요. 무난해서 당분간은 이걸로 갑니다.,0,2026-05-20 17:28:34
720,1,먼지에게 주려고 주식을 바꿔볼까 해서 골랐어요. 거의 입도 안 댔어요. 수분이 많아 물 대신 챙겨주기 좋아요. 덩치가 있어 양이 금방 줄어요. 쌀 알레르기가 있어 원료를 하나하나 확인하고 샀어요. 다른 제품을 다시 찾아봐야겠어요.,0,2026-05-28 03:33:55
721,3,먼지에게 주려고 양치를 싫어해서 대신할 걸 찾았어요. 주면 먹기는 하는데 열광하진 않아요. 보관이 편한 점이 좋아요. 덩치가 있어 양이 금방 줄어요. 쌀이 들어간 걸 먹으면 긁어서 성분표부터 봤습니다. 무난해서 당분간은 이걸로 갑니다.,0,2026-06-04 17:17:56
722,5,먼지에게 주려고 피부를 자꾸 긁어서 찾아봤어요. 정신없이 먹어요. 바삭해서 손에 묻지 않아요. 한창때라 그런지 급여량이 넉넉히 필요해요. 바로 재구매했습니다.,0,2026-06-12 00:55:38
723,4,먼지에게 주려고 수제라 믿음이 가서 골랐어요. 그릇을 비우는 걸 보니 마음이 놓여요. 한 봉지로 같이 먹입니다. 덩치가 있어 양이 금방 줄어요. 쌀이 들어간 걸 먹으면 긁어서 성분표부터 봤습니다. 다음에도 살 것 같아요.,0,2026-06-29 22:35:59
724,3,먼지에게 주려고 소화가 편한 걸 고르고 싶었어요. 그럭저럭 먹는 편이에요. 덩치가 있어 양이 금방 줄어요. 쌀 알레르기가 있어 원료를 하나하나 확인하고 샀어요. 가격을 보고 재구매를 정하려고요.,0,2026-07-16 14:52:47
725,4,콩이에게 주려고 털 상태가 계속 신경 쓰였어요. 그릇을 비우는 걸 보니 마음이 놓여요. 한창때라 그런지 급여량이 넉넉히 필요해요. 다음에도 살 것 같아요.,0,2026-06-04 05:49:36
726,1,콩이에게 주려고 양치를 싫어해서 대신할 걸 찾았어요. 거의 입도 안 댔어요. 보관이 편한 점이 좋아요. 다른 제품을 다시 찾아봐야겠어요.,0,2025-10-16 21:13:54
727,5,콩이에게 주려고 체중 관리가 필요하다고 해서요. 정신없이 먹어요. 둘 다 먹일 수 있어 편해요. 작은 아이 입에도 부담이 없어요. 한창때라 그런지 급여량이 넉넉히 필요해요. 바로 재구매했습니다.,0,2026-03-18 03:38:57
728,5,콩이에게 주려고 주식을 바꿔볼까 해서 골랐어요. 정신없이 먹어요. 수분이 많아 물 대신 챙겨주기 좋아요. 바로 재구매했습니다.,0,2026-05-20 07:16:02
729,5,봄이에게 주려고 소화가 편한 걸 고르고 싶었어요. 정신없이 먹어요. 작은 아이 입에도 부담이 없어요. 주변에도 추천하고 있어요.,0,2026-01-06 13:31:46
730,5,봄이에게 주려고 물을 잘 안 마시는 편이라 신경 쓰였어요. 정신없이 먹어요. 알갱이가 단단해 오래 씹어요. 한창때라 그런지 급여량이 넉넉히 필요해요. 글루텐곡물 알레르기가 있어 원료를 하나하나 확인하고 샀어요. 주변에도 추천하고 있어요.,0,2026-03-13 09:16:29
731,3,라떼에게 주려고 산책 뒤에 다리를 아껴주고 싶었어요. 주면 먹기는 하는데 열광하진 않아요. 나이가 있어 부드러운 쪽을 신경 쓰게 되네요. 무난해서 당분간은 이걸로 갑니다.,0,2025-07-17 03:13:14
732,5,라떼에게 주려고 속이 자주 안 좋아서 찾아봤어요. 봉지 소리만 나도 달려옵니다. 보관이 편한 점이 좋아요. 바로 재구매했습니다.,0,2026-05-01 00:33:32
733,5,라떼에게 주려고 털 상태가 계속 신경 쓰였어요. 봉지 소리만 나도 달려옵니다. 한 번에 먹기 딱 좋은 크기예요. 나이가 있어 부드러운 쪽을 신경 쓰게 되네요. 주변에도 추천하고 있어요.,0,2026-02-01 06:54:08
734,5,라떼에게 주려고 털 상태가 계속 신경 쓰였어요. 봉지 소리만 나도 달려옵니다. 한 봉지로 같이 먹입니다. 한 번에 먹기 딱 좋은 크기예요. 주변에도 추천하고 있어요.,0,2025-12-13 07:20:31
735,5,라떼에게 주려고 먹던 사료가 안 맞는 것 같아 바꿔봤어요. 정신없이 먹어요. 둘 다 먹일 수 있어 편해요. 주변에도 추천하고 있어요.,0,2026-07-31 20:50:09
736,5,라떼에게 주려고 양치를 싫어해서 대신할 걸 찾았어요. 봉지 소리만 나도 달려옵니다. 바로 재구매했습니다.,0,2026-04-11 11:13:14
737,4,설이에게 주려고 신장 수치가 걱정돼서요. 잘 먹어서 다행이에요. 알갱이가 단단해 오래 씹어요. 입이 작은 아이인데 알맞은 크기예요. 한창때라 그런지 급여량이 넉넉히 필요해요. 떨어지면 다시 주문하려고요.,0,2026-02-21 07:50:29
738,5,마루에게 주려고 소화가 편한 걸 고르고 싶었어요. 봉지 소리만 나도 달려옵니다. 덩치가 있어 양이 금방 줄어요. 한창때라 그런지 급여량이 넉넉히 필요해요. 주변에도 추천하고 있어요.,0,2025-12-26 13:21:40
739,1,마루에게 주려고 속이 자주 안 좋아서 찾아봤어요. 냄새만 맡고 돌아서네요. 보관이 편한 점이 좋아요. 한창때라 그런지 급여량이 넉넉히 필요해요. 다른 제품을 다시 찾아봐야겠어요.,0,2026-02-24 06:42:34
740,3,아톰에게 주려고 살이 붙어서 고민하다 골랐어요. 주면 먹기는 하는데 열광하진 않아요. 알갱이가 단단해 오래 씹어요. 작은 아이 입에도 부담이 없어요. 무난해서 당분간은 이걸로 갑니다.,0,2025-01-01 11:17:10
741,4,아톰에게 주려고 속이 자주 안 좋아서 찾아봤어요. 잘 먹어서 다행이에요. 떨어지면 다시 주문하려고요.,0,2025-03-11 17:05:34
742,4,아톰에게 주려고 살이 붙어서 고민하다 골랐어요. 잘 먹어서 다행이에요. 알갱이가 단단해 오래 씹어요. 작은 아이 입에도 부담이 없어요. 다음에도 살 것 같아요.,0,2026-02-22 05:54:31
743,5,아톰에게 주려고 수제라 믿음이 가서 골랐어요. 정신없이 먹어요. 바삭해서 손에 묻지 않아요. 작은 아이 입에도 부담이 없어요. 주변에도 추천하고 있어요.,0,2026-06-06 21:12:50
744,5,해피에게 주려고 털 상태가 계속 신경 쓰였어요. 정신없이 먹어요. 보관이 편한 점이 좋아요. 덩치가 있어 양이 금방 줄어요. 한창때라 그런지 급여량이 넉넉히 필요해요. 주변에도 추천하고 있어요.,0,2025-11-17 22:38:11
745,5,해피에게 주려고 치석이 껴서 알아보다 샀어요. 봉지 소리만 나도 달려옵니다. 한창때라 그런지 급여량이 넉넉히 필요해요. 바로 재구매했습니다.,0,2026-01-29 05:26:00
746,4,해피에게 주려고 소화가 편한 걸 고르고 싶었어요. 그릇을 비우는 걸 보니 마음이 놓여요. 보관이 편한 점이 좋아요. 덩치가 있어 양이 금방 줄어요. 다음에도 살 것 같아요.,0,2026-05-27 13:00:31
747,4,단추에게 주려고 치석이 껴서 알아보다 샀어요. 잘 먹어서 다행이에요. 다음에도 살 것 같아요.,0,2026-08-25 11:26:18
748,5,단추에게 주려고 피부를 자꾸 긁어서 찾아봤어요. 봉지 소리만 나도 달려옵니다. 신선한 느낌이 들어요. 한창때라 그런지 급여량이 넉넉히 필요해요. 주변에도 추천하고 있어요.,0,2026-08-14 19:54:51
749,4,단추에게 주려고 속이 자주 안 좋아서 찾아봤어요. 그릇을 비우는 걸 보니 마음이 놓여요. 둘 다 먹일 수 있어 편해요. 한 번에 먹기 딱 좋은 크기예요. 다음에도 살 것 같아요.,0,2026-08-22 20:31:13
750,5,단추에게 주려고 관절이 약해 보여 걱정이었어요. 봉지 소리만 나도 달려옵니다. 한창때라 그런지 급여량이 넉넉히 필요해요. 주변에도 추천하고 있어요.,0,2026-06-24 15:41:47
751,3,단추에게 주려고 털 상태가 계속 신경 쓰였어요. 주면 먹기는 하는데 열광하진 않아요. 신선한 느낌이 들어요. 한 번에 먹기 딱 좋은 크기예요. 한창때라 그런지 급여량이 넉넉히 필요해요. 가격을 보고 재구매를 정하려고요.,0,2026-06-05 09:06:02
752,4,단추에게 주려고 양치를 싫어해서 대신할 걸 찾았어요. 잘 먹어서 다행이에요. 알갱이가 단단해 오래 씹어요. 떨어지면 다시 주문하려고요.,0,2026-05-28 08:29:47
753,4,단추에게 주려고 산책 뒤에 다리를 아껴주고 싶었어요. 그릇을 비우는 걸 보니 마음이 놓여요. 가볍고 부스러기가 적어요. 한 번에 먹기 딱 좋은 크기예요. 떨어지면 다시 주문하려고요.,0,2026-06-12 06:42:55
754,3,단추에게 주려고 신장 수치가 걱정돼서요. 그럭저럭 먹는 편이에요. 바삭해서 손에 묻지 않아요. 가격을 보고 재구매를 정하려고요.,0,2026-05-21 14:22:03
755,3,라떼에게 주려고 새로운 간식을 찾다가 골랐어요. 그럭저럭 먹는 편이에요. 가볍고 부스러기가 적어요. 한창때라 그런지 급여량이 넉넉히 필요해요. 가격을 보고 재구매를 정하려고요.,0,2026-08-01 15:02:48
756,5,라떼에게 주려고 첨가물이 적은 걸 찾다가 샀어요. 정신없이 먹어요. 주변에도 추천하고 있어요.,0,2026-06-28 04:52:11
757,3,라떼에게 주려고 털 상태가 계속 신경 쓰였어요. 그럭저럭 먹는 편이에요. 한 봉지로 같이 먹입니다. 한 번에 먹기 딱 좋은 크기예요. 한창때라 그런지 급여량이 넉넉히 필요해요. 가격을 보고 재구매를 정하려고요.,0,2026-07-16 09:49:32
758,2,라떼에게 주려고 속이 자주 안 좋아서 찾아봤어요. 처음엔 먹다가 금방 남기더라고요. 알갱이가 단단해 오래 씹어요. 한 번에 먹기 딱 좋은 크기예요. 한창때라 그런지 급여량이 넉넉히 필요해요. 한 번 더 줘보고 결정하려 합니다.,0,2026-07-18 02:18:57
759,5,똘이에게 주려고 털 상태가 계속 신경 쓰였어요. 봉지 소리만 나도 달려옵니다. 작은 아이 입에도 부담이 없어요. 바로 재구매했습니다.,0,2026-07-11 22:56:26
760,3,똘이에게 주려고 신장 수치가 걱정돼서요. 그럭저럭 먹는 편이에요. 바삭해서 손에 묻지 않아요. 가격을 보고 재구매를 정하려고요.,0,2026-07-23 10:10:03
761,5,베리에게 주려고 훈련 보상용으로 샀어요. 정신없이 먹어요. 알갱이가 단단해 오래 씹어요. 한창때라 그런지 급여량이 넉넉히 필요해요. 바로 재구매했습니다.,0,2026-08-21 17:13:38
762,5,베리에게 주려고 체중 관리가 필요하다고 해서요. 봉지 소리만 나도 달려옵니다. 알갱이가 단단해 오래 씹어요. 작은 아이 입에도 부담이 없어요. 주변에도 추천하고 있어요.,0,2026-08-03 03:16:52
763,4,베리에게 주려고 작게 끊어 주기 좋아 보여 골랐어요. 그릇을 비우는 걸 보니 마음이 놓여요. 바삭해서 손에 묻지 않아요. 다음에도 살 것 같아요.,0,2026-07-18 17:56:00
764,5,떡볶이에게 주려고 속이 자주 안 좋아서 찾아봤어요. 정신없이 먹어요. 주변에도 추천하고 있어요.,0,2026-06-26 05:35:45
765,4,떡볶이에게 주려고 산책 뒤에 다리를 아껴주고 싶었어요. 잘 먹어서 다행이에요. 알갱이가 단단해 오래 씹어요. 나이가 있어 부드러운 쪽을 신경 쓰게 되네요. 떨어지면 다시 주문하려고요.,0,2026-08-08 04:00:00
766,5,뽀삐에게 주려고 첨가물이 적은 걸 찾다가 샀어요. 봉지 소리만 나도 달려옵니다. 둘 다 먹일 수 있어 편해요. 큰 아이라 한 봉지가 며칠 못 갑니다. 주변에도 추천하고 있어요.,0,2026-07-05 01:45:36
767,4,뽀삐에게 주려고 훈련 보상용으로 샀어요. 그릇을 비우는 걸 보니 마음이 놓여요. 다음에도 살 것 같아요.,0,2026-08-10 12:03:01
768,3,뽀삐에게 주려고 간식으로 하나 들여봤어요. 그럭저럭 먹는 편이에요. 가볍고 부스러기가 적어요. 큰 아이라 한 봉지가 며칠 못 갑니다. 무난해서 당분간은 이걸로 갑니다.,0,2026-04-20 08:52:07
769,5,뽀삐에게 주려고 산책 뒤에 다리를 아껴주고 싶었어요. 정신없이 먹어요. 바삭해서 손에 묻지 않아요. 큰 아이라 한 봉지가 며칠 못 갑니다. 주변에도 추천하고 있어요.,0,2026-01-30 23:53:02
770,4,뽀삐에게 주려고 피부를 자꾸 긁어서 찾아봤어요. 그릇을 비우는 걸 보니 마음이 놓여요. 다음에도 살 것 같아요.,0,2026-05-09 04:41:48
771,5,뽀삐에게 주려고 체중 관리가 필요하다고 해서요. 봉지 소리만 나도 달려옵니다. 보관이 편한 점이 좋아요. 바로 재구매했습니다.,0,2026-01-14 00:15:59
772,3,뽀삐에게 주려고 치석이 껴서 알아보다 샀어요. 그럭저럭 먹는 편이에요. 큰 아이라 한 봉지가 며칠 못 갑니다. 무난해서 당분간은 이걸로 갑니다.,0,2026-06-24 22:48:13
773,5,뽀삐에게 주려고 피부를 자꾸 긁어서 찾아봤어요. 정신없이 먹어요. 알갱이가 단단해 오래 씹어요. 큰 아이라 한 봉지가 며칠 못 갑니다. 한창때라 그런지 급여량이 넉넉히 필요해요. 바로 재구매했습니다.,0,2026-08-02 02:50:15
774,4,유리에게 주려고 체중 관리가 필요하다고 해서요. 잘 먹어서 다행이에요. 보관이 편한 점이 좋아요. 작은 아이 입에도 부담이 없어요. 다음에도 살 것 같아요.,0,2026-05-15 04:10:44
775,3,유리에게 주려고 신장 수치가 걱정돼서요. 주면 먹기는 하는데 열광하진 않아요. 보관이 편한 점이 좋아요. 나이가 있어 부드러운 쪽을 신경 쓰게 되네요. 가격을 보고 재구매를 정하려고요.,0,2026-08-23 08:26:51
776,4,유리에게 주려고 소화가 편한 걸 고르고 싶었어요. 잘 먹어서 다행이에요. 둘 다 먹일 수 있어 편해요. 작은 아이 입에도 부담이 없어요. 나이가 있어 부드러운 쪽을 신경 쓰게 되네요. 다음에도 살 것 같아요.,0,2026-08-09 16:07:07
777,4,유리에게 주려고 살이 붙어서 고민하다 골랐어요. 그릇을 비우는 걸 보니 마음이 놓여요. 보관이 편한 점이 좋아요. 작은 아이 입에도 부담이 없어요. 다음에도 살 것 같아요.,0,2026-06-10 03:42:14
778,3,라떼에게 주려고 먹던 사료가 안 맞는 것 같아 바꿔봤어요. 그럭저럭 먹는 편이에요. 한 번에 먹기 딱 좋은 크기예요. 더덕이 들어간 걸 먹으면 긁어서 성분표부터 봤습니다. 무난해서 당분간은 이걸로 갑니다.,0,2026-02-12 19:27:03
779,4,라떼에게 주려고 살이 붙어서 고민하다 골랐어요. 그릇을 비우는 걸 보니 마음이 놓여요. 한 번에 먹기 딱 좋은 크기예요. 다음에도 살 것 같아요.,0,2026-06-24 02:00:07
780,5,라떼에게 주려고 첨가물이 적은 걸 찾다가 샀어요. 정신없이 먹어요. 한 번에 먹기 딱 좋은 크기예요. 더덕 알레르기가 있어 원료를 하나하나 확인하고 샀어요. 주변에도 추천하고 있어요.,0,2026-06-29 12:12:18
781,5,떡볶이에게 주려고 첨가물이 적은 걸 찾다가 샀어요. 정신없이 먹어요. 요거트 알레르기가 있어 원료를 하나하나 확인하고 샀어요. 주변에도 추천하고 있어요.,0,2026-06-03 03:45:48
782,4,떡볶이에게 주려고 간식으로 하나 들여봤어요. 그릇을 비우는 걸 보니 마음이 놓여요. 요거트 알레르기가 있어 원료를 하나하나 확인하고 샀어요. 다음에도 살 것 같아요.,0,2026-06-11 17:34:02
783,4,떡볶이에게 주려고 첨가물이 적은 걸 찾다가 샀어요. 그릇을 비우는 걸 보니 마음이 놓여요. 작은 아이 입에도 부담이 없어요. 요거트 알레르기가 있어 원료를 하나하나 확인하고 샀어요. 떨어지면 다시 주문하려고요.,0,2026-06-27 20:36:53
784,5,떡볶이에게 주려고 털 상태가 계속 신경 쓰였어요. 봉지 소리만 나도 달려옵니다. 작은 아이 입에도 부담이 없어요. 바로 재구매했습니다.,0,2026-04-29 21:06:48
785,5,떡볶이에게 주려고 살이 붙어서 고민하다 골랐어요. 봉지 소리만 나도 달려옵니다. 보관이 편한 점이 좋아요. 작은 아이 입에도 부담이 없어요. 요거트 알레르기가 있어 원료를 하나하나 확인하고 샀어요. 바로 재구매했습니다.,0,2026-07-15 03:34:21
786,4,떡볶이에게 주려고 산책 뒤에 다리를 아껴주고 싶었어요. 그릇을 비우는 걸 보니 마음이 놓여요. 한 봉지로 같이 먹입니다. 다음에도 살 것 같아요.,0,2026-07-04 02:45:53
787,5,순이에게 주려고 산책 뒤에 다리를 아껴주고 싶었어요. 봉지 소리만 나도 달려옵니다. 작은 아이 입에도 부담이 없어요. 주변에도 추천하고 있어요.,0,2026-08-11 14:49:34
788,3,순이에게 주려고 산책 뒤에 다리를 아껴주고 싶었어요. 그럭저럭 먹는 편이에요. 알갱이가 단단해 오래 씹어요. 한창때라 그런지 급여량이 넉넉히 필요해요. 무난해서 당분간은 이걸로 갑니다.,0,2026-08-19 22:45:14
789,1,떡볶이에게 주려고 산책 뒤에 다리를 아껴주고 싶었어요. 냄새만 맡고 돌아서네요. 수분이 많아 물 대신 챙겨주기 좋아요. 한창때라 그런지 급여량이 넉넉히 필요해요. 옥수수 알레르기가 있어 원료를 하나하나 확인하고 샀어요. 다른 제품을 다시 찾아봐야겠어요.,0,2025-12-16 10:12:37
790,4,떡볶이에게 주려고 소화가 편한 걸 고르고 싶었어요. 그릇을 비우는 걸 보니 마음이 놓여요. 바삭해서 손에 묻지 않아요. 옥수수 알레르기가 있어 원료를 하나하나 확인하고 샀어요. 다음에도 살 것 같아요.,0,2025-12-19 14:42:49
791,5,설이에게 주려고 체중 관리가 필요하다고 해서요. 봉지 소리만 나도 달려옵니다. 보관이 편한 점이 좋아요. 한창때라 그런지 급여량이 넉넉히 필요해요. 주변에도 추천하고 있어요.,0,2026-07-13 10:09:33
792,4,설이에게 주려고 관절이 약해 보여 걱정이었어요. 그릇을 비우는 걸 보니 마음이 놓여요. 보관이 편한 점이 좋아요. 작은 아이 입에도 부담이 없어요. 떨어지면 다시 주문하려고요.,0,2026-02-04 22:51:13
793,5,설이에게 주려고 작게 끊어 주기 좋아 보여 골랐어요. 정신없이 먹어요. 가볍고 부스러기가 적어요. 난류이 들어간 걸 먹으면 긁어서 성분표부터 봤습니다. 바로 재구매했습니다.,0,2026-08-05 03:34:40
794,5,설이에게 주려고 주식을 바꿔볼까 해서 골랐어요. 정신없이 먹어요. 한창때라 그런지 급여량이 넉넉히 필요해요. 바로 재구매했습니다.,0,2026-03-19 19:55:54
795,4,별이에게 주려고 간식으로 하나 들여봤어요. 잘 먹어서 다행이에요. 둘 다 먹일 수 있어 편해요. 한 번에 먹기 딱 좋은 크기예요. 다음에도 살 것 같아요.,0,2026-08-15 09:56:46
796,4,별이에게 주려고 먹던 사료가 안 맞는 것 같아 바꿔봤어요. 잘 먹어서 다행이에요. 부드러워서 잘 넘겨요. 한 번에 먹기 딱 좋은 크기예요. 떨어지면 다시 주문하려고요.,0,2026-08-17 00:02:31
797,5,레오에게 주려고 물을 잘 안 마시는 편이라 신경 쓰였어요. 정신없이 먹어요. 한창때라 그런지 급여량이 넉넉히 필요해요. 바로 재구매했습니다.,0,2026-08-12 01:25:15
798,5,레오에게 주려고 속이 자주 안 좋아서 찾아봤어요. 정신없이 먹어요. 보관이 편한 점이 좋아요. 작은 아이 입에도 부담이 없어요. 바로 재구매했습니다.,0,2026-08-25 23:49:39
799,1,치즈에게 주려고 산책 뒤에 다리를 아껴주고 싶었어요. 냄새만 맡고 돌아서네요. 다른 제품을 다시 찾아봐야겠어요.,0,2025-12-20 22:25:56
800,1,치즈에게 주려고 피부를 자꾸 긁어서 찾아봤어요. 냄새만 맡고 돌아서네요. 수분이 많아 물 대신 챙겨주기 좋아요. 작은 아이 입에도 부담이 없어요. 다른 제품을 다시 찾아봐야겠어요.,0,2026-08-14 02:23:52
801,2,치즈에게 주려고 피부를 자꾸 긁어서 찾아봤어요. 억지로 먹이는 느낌이라 아쉬워요. 한 번 더 줘보고 결정하려 합니다.,0,2025-12-09 05:16:52
802,1,토리에게 주려고 치석이 껴서 알아보다 샀어요. 거의 입도 안 댔어요. 알갱이가 단단해 오래 씹어요. 난류이 들어간 걸 먹으면 긁어서 성분표부터 봤습니다. 다른 제품을 다시 찾아봐야겠어요.,0,2026-07-02 14:41:42
803,4,토리에게 주려고 먹던 사료가 안 맞는 것 같아 바꿔봤어요. 그릇을 비우는 걸 보니 마음이 놓여요. 작은 아이 입에도 부담이 없어요. 난류 알레르기가 있어 원료를 하나하나 확인하고 샀어요. 떨어지면 다시 주문하려고요.,0,2026-07-18 13:35:28
804,4,토리에게 주려고 물을 잘 안 마시는 편이라 신경 쓰였어요. 잘 먹어서 다행이에요. 보관이 편한 점이 좋아요. 한창때라 그런지 급여량이 넉넉히 필요해요. 난류 알레르기가 있어 원료를 하나하나 확인하고 샀어요. 떨어지면 다시 주문하려고요.,0,2026-08-01 12:51:15
805,5,토리에게 주려고 주식을 바꿔볼까 해서 골랐어요. 정신없이 먹어요. 한창때라 그런지 급여량이 넉넉히 필요해요. 주변에도 추천하고 있어요.,0,2026-06-28 23:51:17
806,5,토리에게 주려고 주식을 바꿔볼까 해서 골랐어요. 봉지 소리만 나도 달려옵니다. 한창때라 그런지 급여량이 넉넉히 필요해요. 난류 알레르기가 있어 원료를 하나하나 확인하고 샀어요. 주변에도 추천하고 있어요.,0,2026-07-16 18:03:05
807,2,토리에게 주려고 관절이 약해 보여 걱정이었어요. 억지로 먹이는 느낌이라 아쉬워요. 가볍고 부스러기가 적어요. 난류 알레르기가 있어 원료를 하나하나 확인하고 샀어요. 한 번 더 줘보고 결정하려 합니다.,0,2026-07-09 05:32:28
808,5,밤비에게 주려고 살이 붙어서 고민하다 골랐어요. 봉지 소리만 나도 달려옵니다. 수분이 많아 물 대신 챙겨주기 좋아요. 작은 아이 입에도 부담이 없어요. 닭고기이 들어간 걸 먹으면 긁어서 성분표부터 봤습니다. 바로 재구매했습니다.,0,2026-05-18 22:13:31
809,5,밤비에게 주려고 털 상태가 계속 신경 쓰였어요. 봉지 소리만 나도 달려옵니다. 보관이 편한 점이 좋아요. 한창때라 그런지 급여량이 넉넉히 필요해요. 주변에도 추천하고 있어요.,0,2026-05-27 05:04:12
810,2,밤비에게 주려고 물을 잘 안 마시는 편이라 신경 쓰였어요. 처음엔 먹다가 금방 남기더라고요. 작은 아이 입에도 부담이 없어요. 닭고기 알레르기가 있어 원료를 하나하나 확인하고 샀어요. 한 번 더 줘보고 결정하려 합니다.,0,2026-06-26 10:23:52
811,3,밤비에게 주려고 소화가 편한 걸 고르고 싶었어요. 주면 먹기는 하는데 열광하진 않아요. 보관이 편한 점이 좋아요. 한창때라 그런지 급여량이 넉넉히 필요해요. 가격을 보고 재구매를 정하려고요.,0,2026-06-28 23:19:39
812,3,밤비에게 주려고 체중 관리가 필요하다고 해서요. 주면 먹기는 하는데 열광하진 않아요. 작은 아이 입에도 부담이 없어요. 닭고기이 들어간 걸 먹으면 긁어서 성분표부터 봤습니다. 무난해서 당분간은 이걸로 갑니다.,0,2026-07-01 07:28:33
813,4,밤비에게 주려고 물을 잘 안 마시는 편이라 신경 쓰였어요. 잘 먹어서 다행이에요. 가볍고 부스러기가 적어요. 닭고기이 들어간 걸 먹으면 긁어서 성분표부터 봤습니다. 다음에도 살 것 같아요.,0,2026-07-04 17:11:38
814,4,방울에게 주려고 양치를 싫어해서 대신할 걸 찾았어요. 잘 먹어서 다행이에요. 다음에도 살 것 같아요.,0,2026-06-12 13:33:58
815,2,방울에게 주려고 물을 잘 안 마시는 편이라 신경 쓰였어요. 처음엔 먹다가 금방 남기더라고요. 재구매는 조금 더 고민해보려고요.,0,2026-06-28 11:25:12
816,3,방울에게 주려고 수제라 믿음이 가서 골랐어요. 주면 먹기는 하는데 열광하진 않아요. 한 번에 먹기 딱 좋은 크기예요. 한창때라 그런지 급여량이 넉넉히 필요해요. 무난해서 당분간은 이걸로 갑니다.,0,2026-08-10 17:43:27
817,3,코코에게 주려고 관절이 약해 보여 걱정이었어요. 주면 먹기는 하는데 열광하진 않아요. 입이 작은 아이인데 알맞은 크기예요. 가격을 보고 재구매를 정하려고요.,0,2026-06-15 19:02:50
818,4,코코에게 주려고 주식을 바꿔볼까 해서 골랐어요. 그릇을 비우는 걸 보니 마음이 놓여요. 입이 작은 아이인데 알맞은 크기예요. 한창때라 그런지 급여량이 넉넉히 필요해요. 떨어지면 다시 주문하려고요.,0,2026-08-07 11:05:49
819,5,유리에게 주려고 피부를 자꾸 긁어서 찾아봤어요. 봉지 소리만 나도 달려옵니다. 덩치가 있어 양이 금방 줄어요. 바로 재구매했습니다.,0,2026-06-25 02:13:30
820,4,유리에게 주려고 체중 관리가 필요하다고 해서요. 그릇을 비우는 걸 보니 마음이 놓여요. 덩치가 있어 양이 금방 줄어요. 쌀이 들어간 걸 먹으면 긁어서 성분표부터 봤습니다. 다음에도 살 것 같아요.,0,2026-04-27 18:57:27
821,3,유리에게 주려고 훈련 보상용으로 샀어요. 주면 먹기는 하는데 열광하진 않아요. 가볍고 부스러기가 적어요. 쌀이 들어간 걸 먹으면 긁어서 성분표부터 봤습니다. 무난해서 당분간은 이걸로 갑니다.,0,2026-07-23 13:21:45
822,4,떡볶이에게 주려고 체중 관리가 필요하다고 해서요. 그릇을 비우는 걸 보니 마음이 놓여요. 한창때라 그런지 급여량이 넉넉히 필요해요. 다음에도 살 것 같아요.,0,2026-06-09 19:48:36
823,1,떡볶이에게 주려고 살이 붙어서 고민하다 골랐어요. 냄새만 맡고 돌아서네요. 알갱이가 단단해 오래 씹어요. 아직 어려서 조금씩 나눠 급여하고 있어요. 재구매는 어려울 것 같아요.,0,2026-01-30 19:41:07
824,2,떡볶이에게 주려고 속이 자주 안 좋아서 찾아봤어요. 억지로 먹이는 느낌이라 아쉬워요. 한 번에 먹기 딱 좋은 크기예요. 재구매는 조금 더 고민해보려고요.,0,2026-03-10 16:12:36
825,3,떡볶이에게 주려고 신장 수치가 걱정돼서요. 그럭저럭 먹는 편이에요. 알갱이가 단단해 오래 씹어요. 한 번에 먹기 딱 좋은 크기예요. 무난해서 당분간은 이걸로 갑니다.,0,2026-08-01 00:27:41
826,2,떡볶이에게 주려고 살이 붙어서 고민하다 골랐어요. 억지로 먹이는 느낌이라 아쉬워요. 알갱이가 단단해 오래 씹어요. 재구매는 조금 더 고민해보려고요.,0,2026-05-12 10:05:45
827,3,떡볶이에게 주려고 산책 뒤에 다리를 아껴주고 싶었어요. 주면 먹기는 하는데 열광하진 않아요. 알갱이가 단단해 오래 씹어요. 무난해서 당분간은 이걸로 갑니다.,0,2026-05-03 03:50:14
828,3,떡볶이에게 주려고 먹던 사료가 안 맞는 것 같아 바꿔봤어요. 주면 먹기는 하는데 열광하진 않아요. 가격을 보고 재구매를 정하려고요.,0,2026-07-20 03:41:03
829,3,떡볶이에게 주려고 관절이 약해 보여 걱정이었어요. 그럭저럭 먹는 편이에요. 알갱이가 단단해 오래 씹어요. 한 번에 먹기 딱 좋은 크기예요. 무난해서 당분간은 이걸로 갑니다.,0,2026-03-15 07:33:03
830,4,쿠키에게 주려고 살이 붙어서 고민하다 골랐어요. 잘 먹어서 다행이에요. 부드러워서 잘 넘겨요. 귀리 알레르기가 있어 원료를 하나하나 확인하고 샀어요. 다음에도 살 것 같아요.,0,2024-10-03 13:11:41
831,3,쿠키에게 주려고 신장 수치가 걱정돼서요. 주면 먹기는 하는데 열광하진 않아요. 덩치가 있어 양이 금방 줄어요. 귀리 알레르기가 있어 원료를 하나하나 확인하고 샀어요. 무난해서 당분간은 이걸로 갑니다.,0,2025-07-20 07:51:37
832,5,쿠키에게 주려고 체중 관리가 필요하다고 해서요. 봉지 소리만 나도 달려옵니다. 덩치가 있어 양이 금방 줄어요. 한창때라 그런지 급여량이 넉넉히 필요해요. 귀리 알레르기가 있어 원료를 하나하나 확인하고 샀어요. 주변에도 추천하고 있어요.,0,2026-01-21 10:26:16
833,5,가을에게 주려고 먹던 사료가 안 맞는 것 같아 바꿔봤어요. 정신없이 먹어요. 한 봉지로 같이 먹입니다. 한 번에 먹기 딱 좋은 크기예요. 바로 재구매했습니다.,0,2026-08-07 03:13:39
834,3,가을에게 주려고 먹던 사료가 안 맞는 것 같아 바꿔봤어요. 주면 먹기는 하는데 열광하진 않아요. 수분이 많아 물 대신 챙겨주기 좋아요. 한창때라 그런지 급여량이 넉넉히 필요해요. 치즈 알레르기가 있어 원료를 하나하나 확인하고 샀어요. 가격을 보고 재구매를 정하려고요.,0,2026-06-30 22:40:22
835,1,베리에게 주려고 소화가 편한 걸 고르고 싶었어요. 거의 입도 안 댔어요. 수분이 많아 물 대신 챙겨주기 좋아요. 다른 제품을 다시 찾아봐야겠어요.,0,2026-07-09 04:30:53
836,4,베리에게 주려고 치석이 껴서 알아보다 샀어요. 잘 먹어서 다행이에요. 나이가 있어 부드러운 쪽을 신경 쓰게 되네요. 다음에도 살 것 같아요.,0,2026-07-24 23:30:44
837,4,베리에게 주려고 주식을 바꿔볼까 해서 골랐어요. 잘 먹어서 다행이에요. 나이가 있어 부드러운 쪽을 신경 쓰게 되네요. 다음에도 살 것 같아요.,0,2026-07-08 21:15:13
838,4,구름에게 주려고 주식을 바꿔볼까 해서 골랐어요. 그릇을 비우는 걸 보니 마음이 놓여요. 작은 아이 입에도 부담이 없어요. 한창때라 그런지 급여량이 넉넉히 필요해요. 떨어지면 다시 주문하려고요.,0,2026-08-17 14:20:20
839,3,구름에게 주려고 소화가 편한 걸 고르고 싶었어요. 그럭저럭 먹는 편이에요. 한 봉지로 같이 먹입니다. 작은 아이 입에도 부담이 없어요. 한창때라 그런지 급여량이 넉넉히 필요해요. 무난해서 당분간은 이걸로 갑니다.,0,2026-08-17 04:49:32
840,1,구름에게 주려고 산책 뒤에 다리를 아껴주고 싶었어요. 냄새만 맡고 돌아서네요. 보관이 편한 점이 좋아요. 작은 아이 입에도 부담이 없어요. 한창때라 그런지 급여량이 넉넉히 필요해요. 재구매는 어려울 것 같아요.,0,2026-05-27 21:47:24
841,4,망고에게 주려고 수제라 믿음이 가서 골랐어요. 잘 먹어서 다행이에요. 가볍고 부스러기가 적어요. 다음에도 살 것 같아요.,0,2026-06-26 14:52:52
842,5,삐삐에게 주려고 주식을 바꿔볼까 해서 골랐어요. 봉지 소리만 나도 달려옵니다. 수분이 많아 물 대신 챙겨주기 좋아요. 한창때라 그런지 급여량이 넉넉히 필요해요. 주변에도 추천하고 있어요.,0,2026-08-19 09:08:01
843,5,삐삐에게 주려고 주식을 바꿔볼까 해서 골랐어요. 봉지 소리만 나도 달려옵니다. 한 번에 먹기 딱 좋은 크기예요. 바로 재구매했습니다.,0,2026-07-24 05:11:52
844,4,삐삐에게 주려고 소화가 편한 걸 고르고 싶었어요. 잘 먹어서 다행이에요. 알갱이가 단단해 오래 씹어요. 한창때라 그런지 급여량이 넉넉히 필요해요. 떨어지면 다시 주문하려고요.,0,2026-08-21 04:09:39
845,5,삐삐에게 주려고 양치를 싫어해서 대신할 걸 찾았어요. 봉지 소리만 나도 달려옵니다. 알갱이가 단단해 오래 씹어요. 한창때라 그런지 급여량이 넉넉히 필요해요. 주변에도 추천하고 있어요.,0,2026-07-02 04:10:34
846,4,삐삐에게 주려고 수제라 믿음이 가서 골랐어요. 그릇을 비우는 걸 보니 마음이 놓여요. 한 번에 먹기 딱 좋은 크기예요. 떨어지면 다시 주문하려고요.,0,2026-08-03 02:45:07
847,2,삐삐에게 주려고 산책 뒤에 다리를 아껴주고 싶었어요. 처음엔 먹다가 금방 남기더라고요. 한 번에 먹기 딱 좋은 크기예요. 한 번 더 줘보고 결정하려 합니다.,0,2026-05-16 21:43:08
848,3,삐삐에게 주려고 훈련 보상용으로 샀어요. 주면 먹기는 하는데 열광하진 않아요. 가볍고 부스러기가 적어요. 가격을 보고 재구매를 정하려고요.,0,2026-06-24 11:45:40
849,3,삐삐에게 주려고 훈련 보상용으로 샀어요. 주면 먹기는 하는데 열광하진 않아요. 바삭해서 손에 묻지 않아요. 무난해서 당분간은 이걸로 갑니다.,0,2026-06-06 15:21:27
850,4,방울에게 주려고 주식을 바꿔볼까 해서 골랐어요. 그릇을 비우는 걸 보니 마음이 놓여요. 수분이 많아 물 대신 챙겨주기 좋아요. 한 번에 먹기 딱 좋은 크기예요. 한창때라 그런지 급여량이 넉넉히 필요해요. 인공색소 알레르기가 있어 원료를 하나하나 확인하고 샀어요. 떨어지면 다시 주문하려고요.,0,2026-06-11 21:41:33
851,5,방울에게 주려고 살이 붙어서 고민하다 골랐어요. 정신없이 먹어요. 보관이 편한 점이 좋아요. 인공색소이 들어간 걸 먹으면 긁어서 성분표부터 봤습니다. 바로 재구매했습니다.,0,2026-07-01 20:40:25
852,5,콩이에게 주려고 피부를 자꾸 긁어서 찾아봤어요. 봉지 소리만 나도 달려옵니다. 주변에도 추천하고 있어요.,0,2026-07-20 12:55:07
853,4,콩이에게 주려고 관절이 약해 보여 걱정이었어요. 잘 먹어서 다행이에요. 보관이 편한 점이 좋아요. 한 번에 먹기 딱 좋은 크기예요. 나이가 있어 부드러운 쪽을 신경 쓰게 되네요. 다음에도 살 것 같아요.,0,2026-08-17 03:04:26
854,4,마루에게 주려고 치석이 껴서 알아보다 샀어요. 잘 먹어서 다행이에요. 떨어지면 다시 주문하려고요.,0,2026-07-30 03:12:21
855,4,마루에게 주려고 관절이 약해 보여 걱정이었어요. 그릇을 비우는 걸 보니 마음이 놓여요. 보관이 편한 점이 좋아요. 덩치가 있어 양이 금방 줄어요. 홍합이 들어간 걸 먹으면 긁어서 성분표부터 봤습니다. 떨어지면 다시 주문하려고요.,0,2026-07-29 00:57:20
856,5,마루에게 주려고 치석이 껴서 알아보다 샀어요. 봉지 소리만 나도 달려옵니다. 덩치가 있어 양이 금방 줄어요. 나이가 있어 부드러운 쪽을 신경 쓰게 되네요. 바로 재구매했습니다.,0,2026-07-16 08:22:30
857,5,마루에게 주려고 양치를 싫어해서 대신할 걸 찾았어요. 정신없이 먹어요. 가볍고 부스러기가 적어요. 덩치가 있어 양이 금방 줄어요. 바로 재구매했습니다.,0,2026-08-10 23:59:40
858,3,뽀삐에게 주려고 작게 끊어 주기 좋아 보여 골랐어요. 주면 먹기는 하는데 열광하진 않아요. 가볍고 부스러기가 적어요. 무난해서 당분간은 이걸로 갑니다.,0,2026-06-21 23:33:06
859,3,뽀삐에게 주려고 산책 뒤에 다리를 아껴주고 싶었어요. 주면 먹기는 하는데 열광하진 않아요. 부드러워서 잘 넘겨요. 가격을 보고 재구매를 정하려고요.,0,2026-07-05 21:46:42
860,4,뽀삐에게 주려고 살이 붙어서 고민하다 골랐어요. 잘 먹어서 다행이에요. 보관이 편한 점이 좋아요. 한창때라 그런지 급여량이 넉넉히 필요해요. 다음에도 살 것 같아요.,0,2025-08-09 17:09:27
861,3,뽀삐에게 주려고 살이 붙어서 고민하다 골랐어요. 주면 먹기는 하는데 열광하진 않아요. 한창때라 그런지 급여량이 넉넉히 필요해요. 무난해서 당분간은 이걸로 갑니다.,0,2026-07-20 19:26:31
862,5,라떼에게 주려고 작게 끊어 주기 좋아 보여 골랐어요. 봉지 소리만 나도 달려옵니다. 가볍고 부스러기가 적어요. 덩치가 있어 양이 금방 줄어요. 보리이 들어간 걸 먹으면 긁어서 성분표부터 봤습니다. 바로 재구매했습니다.,0,2025-08-08 14:28:04
863,5,라떼에게 주려고 훈련 보상용으로 샀어요. 정신없이 먹어요. 둘 다 먹일 수 있어 편해요. 덩치가 있어 양이 금방 줄어요. 주변에도 추천하고 있어요.,0,2025-06-26 15:00:39
864,5,라떼에게 주려고 물을 잘 안 마시는 편이라 신경 쓰였어요. 정신없이 먹어요. 부드러워서 잘 넘겨요. 덩치가 있어 양이 금방 줄어요. 아직 어려서 조금씩 나눠 급여하고 있어요. 주변에도 추천하고 있어요.,0,2025-07-03 22:34:45
865,4,라떼에게 주려고 먹던 사료가 안 맞는 것 같아 바꿔봤어요. 그릇을 비우는 걸 보니 마음이 놓여요. 수분이 많아 물 대신 챙겨주기 좋아요. 보리이 들어간 걸 먹으면 긁어서 성분표부터 봤습니다. 다음에도 살 것 같아요.,0,2026-07-17 16:24:33
866,4,라떼에게 주려고 관절이 약해 보여 걱정이었어요. 잘 먹어서 다행이에요. 알갱이가 단단해 오래 씹어요. 덩치가 있어 양이 금방 줄어요. 떨어지면 다시 주문하려고요.,0,2025-09-02 01:28:04
867,3,라떼에게 주려고 피부를 자꾸 긁어서 찾아봤어요. 주면 먹기는 하는데 열광하진 않아요. 알갱이가 단단해 오래 씹어요. 무난해서 당분간은 이걸로 갑니다.,0,2026-05-11 22:59:09
868,5,단추에게 주려고 주식을 바꿔볼까 해서 골랐어요. 봉지 소리만 나도 달려옵니다. 덩치가 있어 양이 금방 줄어요. 나이가 있어 부드러운 쪽을 신경 쓰게 되네요. 적색육이 들어간 걸 먹으면 긁어서 성분표부터 봤습니다. 바로 재구매했습니다.,0,2026-02-23 23:52:11
869,3,단추에게 주려고 물을 잘 안 마시는 편이라 신경 쓰였어요. 주면 먹기는 하는데 열광하진 않아요. 알갱이가 단단해 오래 씹어요. 적색육이 들어간 걸 먹으면 긁어서 성분표부터 봤습니다. 가격을 보고 재구매를 정하려고요.,0,2026-04-04 18:40:40
870,4,삐삐에게 주려고 먹던 사료가 안 맞는 것 같아 바꿔봤어요. 그릇을 비우는 걸 보니 마음이 놓여요. 첨가물이 들어간 걸 먹으면 긁어서 성분표부터 봤습니다. 다음에도 살 것 같아요.,0,2026-07-17 14:41:50
871,1,삐삐에게 주려고 살이 붙어서 고민하다 골랐어요. 냄새만 맡고 돌아서네요. 한 번에 먹기 딱 좋은 크기예요. 재구매는 어려울 것 같아요.,0,2026-08-07 03:01:24
872,5,나비에게 주려고 치석이 껴서 알아보다 샀어요. 봉지 소리만 나도 달려옵니다. 둘 다 먹일 수 있어 편해요. 한 번에 먹기 딱 좋은 크기예요. 주변에도 추천하고 있어요.,0,2026-08-21 10:23:09
873,5,치즈에게 주려고 물을 잘 안 마시는 편이라 신경 쓰였어요. 봉지 소리만 나도 달려옵니다. 한 번에 먹기 딱 좋은 크기예요. 칠면조이 들어간 걸 먹으면 긁어서 성분표부터 봤습니다. 주변에도 추천하고 있어요.,0,2026-07-26 21:52:27
874,4,치즈에게 주려고 속이 자주 안 좋아서 찾아봤어요. 잘 먹어서 다행이에요. 알갱이가 단단해 오래 씹어요. 한 번에 먹기 딱 좋은 크기예요. 한창때라 그런지 급여량이 넉넉히 필요해요. 다음에도 살 것 같아요.,0,2026-08-15 06:14:11
875,5,치즈에게 주려고 피부를 자꾸 긁어서 찾아봤어요. 정신없이 먹어요. 칠면조이 들어간 걸 먹으면 긁어서 성분표부터 봤습니다. 주변에도 추천하고 있어요.,0,2026-05-26 23:04:13
876,4,치즈에게 주려고 산책 뒤에 다리를 아껴주고 싶었어요. 그릇을 비우는 걸 보니 마음이 놓여요. 알갱이가 단단해 오래 씹어요. 한창때라 그런지 급여량이 넉넉히 필요해요. 칠면조 알레르기가 있어 원료를 하나하나 확인하고 샀어요. 떨어지면 다시 주문하려고요.,0,2026-08-08 03:32:59
877,5,치즈에게 주려고 피부를 자꾸 긁어서 찾아봤어요. 봉지 소리만 나도 달려옵니다. 한 번에 먹기 딱 좋은 크기예요. 한창때라 그런지 급여량이 넉넉히 필요해요. 칠면조 알레르기가 있어 원료를 하나하나 확인하고 샀어요. 주변에도 추천하고 있어요.,0,2026-07-09 07:42:33
878,3,치즈에게 주려고 신장 수치가 걱정돼서요. 그럭저럭 먹는 편이에요. 알갱이가 단단해 오래 씹어요. 한 번에 먹기 딱 좋은 크기예요. 칠면조 알레르기가 있어 원료를 하나하나 확인하고 샀어요. 가격을 보고 재구매를 정하려고요.,0,2026-08-23 19:40:27
879,5,치즈에게 주려고 소화가 편한 걸 고르고 싶었어요. 봉지 소리만 나도 달려옵니다. 한 번에 먹기 딱 좋은 크기예요. 칠면조 알레르기가 있어 원료를 하나하나 확인하고 샀어요. 주변에도 추천하고 있어요.,0,2026-06-01 20:59:36
880,2,치즈에게 주려고 체중 관리가 필요하다고 해서요. 억지로 먹이는 느낌이라 아쉬워요. 한 번에 먹기 딱 좋은 크기예요. 칠면조이 들어간 걸 먹으면 긁어서 성분표부터 봤습니다. 재구매는 조금 더 고민해보려고요.,0,2026-06-03 01:13:19
881,1,루비에게 주려고 양치를 싫어해서 대신할 걸 찾았어요. 거의 입도 안 댔어요. 바삭해서 손에 묻지 않아요. 다른 제품을 다시 찾아봐야겠어요.,0,2026-08-09 13:09:35
882,5,루비에게 주려고 작게 끊어 주기 좋아 보여 골랐어요. 봉지 소리만 나도 달려옵니다. 한 봉지로 같이 먹입니다. 한창때라 그런지 급여량이 넉넉히 필요해요. 주변에도 추천하고 있어요.,0,2026-08-19 04:57:52
883,4,탄이에게 주려고 물을 잘 안 마시는 편이라 신경 쓰였어요. 그릇을 비우는 걸 보니 마음이 놓여요. 보관이 편한 점이 좋아요. 떨어지면 다시 주문하려고요.,0,2026-06-11 23:54:03
884,2,탄이에게 주려고 첨가물이 적은 걸 찾다가 샀어요. 억지로 먹이는 느낌이라 아쉬워요. 둘 다 먹일 수 있어 편해요. 한 번 더 줘보고 결정하려 합니다.,0,2026-03-06 21:10:36
885,3,먼지에게 주려고 피부를 자꾸 긁어서 찾아봤어요. 그럭저럭 먹는 편이에요. 덩치가 있어 양이 금방 줄어요. 나이가 있어 부드러운 쪽을 신경 쓰게 되네요. 무난해서 당분간은 이걸로 갑니다.,0,2025-12-01 07:27:16
886,4,먼지에게 주려고 속이 자주 안 좋아서 찾아봤어요. 그릇을 비우는 걸 보니 마음이 놓여요. 부드러워서 잘 넘겨요. 떨어지면 다시 주문하려고요.,0,2026-04-14 03:30:45
887,4,먼지에게 주려고 신장 수치가 걱정돼서요. 잘 먹어서 다행이에요. 보관이 편한 점이 좋아요. 나이가 있어 부드러운 쪽을 신경 쓰게 되네요. 떨어지면 다시 주문하려고요.,0,2026-07-30 04:50:25
888,4,먼지에게 주려고 양치를 싫어해서 대신할 걸 찾았어요. 그릇을 비우는 걸 보니 마음이 놓여요. 다음에도 살 것 같아요.,0,2026-05-31 19:29:08
889,5,별이에게 주려고 털 상태가 계속 신경 쓰였어요. 봉지 소리만 나도 달려옵니다. 부드러워서 잘 넘겨요. 작은 아이 입에도 부담이 없어요. 아직 어려서 조금씩 나눠 급여하고 있어요. 주변에도 추천하고 있어요.,0,2026-08-04 19:03:44
890,4,별이에게 주려고 훈련 보상용으로 샀어요. 그릇을 비우는 걸 보니 마음이 놓여요. 작은 아이 입에도 부담이 없어요. 아직 어려서 조금씩 나눠 급여하고 있어요. 떨어지면 다시 주문하려고요.,0,2026-07-19 12:14:29
891,3,별이에게 주려고 물을 잘 안 마시는 편이라 신경 쓰였어요. 주면 먹기는 하는데 열광하진 않아요. 보관이 편한 점이 좋아요. 작은 아이 입에도 부담이 없어요. 가격을 보고 재구매를 정하려고요.,0,2026-06-08 04:10:24
892,3,마루에게 주려고 소화가 편한 걸 고르고 싶었어요. 그럭저럭 먹는 편이에요. 무난해서 당분간은 이걸로 갑니다.,0,2025-10-27 06:57:10
893,5,마루에게 주려고 살이 붙어서 고민하다 골랐어요. 정신없이 먹어요. 바로 재구매했습니다.,0,2025-11-17 22:07:54
894,3,마루에게 주려고 소화가 편한 걸 고르고 싶었어요. 그럭저럭 먹는 편이에요. 보관이 편한 점이 좋아요. 나이가 있어 부드러운 쪽을 신경 쓰게 되네요. 무난해서 당분간은 이걸로 갑니다.,0,2026-07-04 07:13:29
895,3,밤비에게 주려고 훈련 보상용으로 샀어요. 주면 먹기는 하는데 열광하진 않아요. 무난해서 당분간은 이걸로 갑니다.,0,2026-06-10 00:46:14
896,3,밤비에게 주려고 신장 수치가 걱정돼서요. 그럭저럭 먹는 편이에요. 덩치가 있어 양이 금방 줄어요. 무난해서 당분간은 이걸로 갑니다.,0,2026-04-26 05:15:26
897,4,밤비에게 주려고 치석이 껴서 알아보다 샀어요. 잘 먹어서 다행이에요. 알갱이가 단단해 오래 씹어요. 덩치가 있어 양이 금방 줄어요. 떨어지면 다시 주문하려고요.,0,2025-03-22 05:19:17
898,5,밤비에게 주려고 치석이 껴서 알아보다 샀어요. 봉지 소리만 나도 달려옵니다. 덩치가 있어 양이 금방 줄어요. 한창때라 그런지 급여량이 넉넉히 필요해요. 바로 재구매했습니다.,0,2026-06-02 01:56:00
899,4,밤비에게 주려고 주식을 바꿔볼까 해서 골랐어요. 그릇을 비우는 걸 보니 마음이 놓여요. 떨어지면 다시 주문하려고요.,0,2026-06-09 14:45:43
900,4,밤비에게 주려고 작게 끊어 주기 좋아 보여 골랐어요. 그릇을 비우는 걸 보니 마음이 놓여요. 한창때라 그런지 급여량이 넉넉히 필요해요. 다음에도 살 것 같아요.,0,2026-06-26 09:20:37
901,5,유리에게 주려고 피부를 자꾸 긁어서 찾아봤어요. 봉지 소리만 나도 달려옵니다. 부드러워서 잘 넘겨요. 주변에도 추천하고 있어요.,0,2026-07-09 02:36:05
902,5,유리에게 주려고 치석이 껴서 알아보다 샀어요. 정신없이 먹어요. 한창때라 그런지 급여량이 넉넉히 필요해요. 주변에도 추천하고 있어요.,0,2026-06-11 09:32:10
903,4,유리에게 주려고 수제라 믿음이 가서 골랐어요. 잘 먹어서 다행이에요. 다음에도 살 것 같아요.,0,2026-06-24 16:43:55
904,1,유리에게 주려고 체중 관리가 필요하다고 해서요. 냄새만 맡고 돌아서네요. 한창때라 그런지 급여량이 넉넉히 필요해요. 다른 제품을 다시 찾아봐야겠어요.,0,2026-06-06 05:02:29
905,1,유리에게 주려고 속이 자주 안 좋아서 찾아봤어요. 거의 입도 안 댔어요. 작은 아이 입에도 부담이 없어요. 다른 제품을 다시 찾아봐야겠어요.,0,2026-07-13 19:03:37
906,5,유리에게 주려고 훈련 보상용으로 샀어요. 정신없이 먹어요. 주변에도 추천하고 있어요.,0,2026-07-29 08:25:28
907,3,베리에게 주려고 산책 뒤에 다리를 아껴주고 싶었어요. 주면 먹기는 하는데 열광하진 않아요. 알갱이가 단단해 오래 씹어요. 작은 아이 입에도 부담이 없어요. 무난해서 당분간은 이걸로 갑니다.,0,2026-07-04 18:46:08
908,3,봄이에게 주려고 털 상태가 계속 신경 쓰였어요. 그럭저럭 먹는 편이에요. 가격을 보고 재구매를 정하려고요.,0,2026-05-11 09:27:16
909,4,코코에게 주려고 피부를 자꾸 긁어서 찾아봤어요. 잘 먹어서 다행이에요. 보관이 편한 점이 좋아요. 덩치가 있어 양이 금방 줄어요. 떨어지면 다시 주문하려고요.,0,2026-07-18 23:22:21
910,4,코코에게 주려고 주식을 바꿔볼까 해서 골랐어요. 잘 먹어서 다행이에요. 완두 알레르기가 있어 원료를 하나하나 확인하고 샀어요. 다음에도 살 것 같아요.,0,2026-03-02 09:57:30
911,5,코코에게 주려고 털 상태가 계속 신경 쓰였어요. 정신없이 먹어요. 덩치가 있어 양이 금방 줄어요. 완두이 들어간 걸 먹으면 긁어서 성분표부터 봤습니다. 바로 재구매했습니다.,0,2025-06-23 21:11:58
912,5,코코에게 주려고 작게 끊어 주기 좋아 보여 골랐어요. 정신없이 먹어요. 바삭해서 손에 묻지 않아요. 덩치가 있어 양이 금방 줄어요. 완두 알레르기가 있어 원료를 하나하나 확인하고 샀어요. 바로 재구매했습니다.,0,2025-10-04 01:58:22
913,3,방울에게 주려고 관절이 약해 보여 걱정이었어요. 주면 먹기는 하는데 열광하진 않아요. 입이 작은 아이인데 알맞은 크기예요. 무난해서 당분간은 이걸로 갑니다.,0,2026-07-12 19:58:17
914,5,방울에게 주려고 속이 자주 안 좋아서 찾아봤어요. 봉지 소리만 나도 달려옵니다. 보관이 편한 점이 좋아요. 주변에도 추천하고 있어요.,0,2025-11-06 04:05:07
915,3,방울에게 주려고 양치를 싫어해서 대신할 걸 찾았어요. 주면 먹기는 하는데 열광하진 않아요. 보관이 편한 점이 좋아요. 한창때라 그런지 급여량이 넉넉히 필요해요. 무난해서 당분간은 이걸로 갑니다.,0,2025-06-19 00:08:44
916,2,방울에게 주려고 살이 붙어서 고민하다 골랐어요. 처음엔 먹다가 금방 남기더라고요. 입이 작은 아이인데 알맞은 크기예요. 한창때라 그런지 급여량이 넉넉히 필요해요. 한 번 더 줘보고 결정하려 합니다.,0,2026-01-25 05:42:07
917,4,방울에게 주려고 털 상태가 계속 신경 쓰였어요. 잘 먹어서 다행이에요. 가볍고 부스러기가 적어요. 입이 작은 아이인데 알맞은 크기예요. 다음에도 살 것 같아요.,0,2026-06-14 20:45:05
918,5,방울에게 주려고 먹던 사료가 안 맞는 것 같아 바꿔봤어요. 봉지 소리만 나도 달려옵니다. 입이 작은 아이인데 알맞은 크기예요. 주변에도 추천하고 있어요.,0,2026-07-06 00:56:45
919,5,유리에게 주려고 관절이 약해 보여 걱정이었어요. 봉지 소리만 나도 달려옵니다. 한창때라 그런지 급여량이 넉넉히 필요해요. 주변에도 추천하고 있어요.,0,2026-05-11 14:20:29
920,4,유리에게 주려고 털 상태가 계속 신경 쓰였어요. 잘 먹어서 다행이에요. 한창때라 그런지 급여량이 넉넉히 필요해요. 다음에도 살 것 같아요.,0,2026-07-18 09:00:32
921,4,라떼에게 주려고 치석이 껴서 알아보다 샀어요. 그릇을 비우는 걸 보니 마음이 놓여요. 한 봉지로 같이 먹입니다. 한 번에 먹기 딱 좋은 크기예요. 한창때라 그런지 급여량이 넉넉히 필요해요. 다음에도 살 것 같아요.,0,2026-01-24 16:04:25
922,5,라떼에게 주려고 소화가 편한 걸 고르고 싶었어요. 봉지 소리만 나도 달려옵니다. 한 번에 먹기 딱 좋은 크기예요. 한창때라 그런지 급여량이 넉넉히 필요해요. 주변에도 추천하고 있어요.,0,2025-11-12 10:55:54
923,3,슈슈에게 주려고 작게 끊어 주기 좋아 보여 골랐어요. 주면 먹기는 하는데 열광하진 않아요. 가볍고 부스러기가 적어요. 무난해서 당분간은 이걸로 갑니다.,0,2026-06-13 04:12:54
924,5,슈슈에게 주려고 속이 자주 안 좋아서 찾아봤어요. 정신없이 먹어요. 갑각류이 들어간 걸 먹으면 긁어서 성분표부터 봤습니다. 주변에도 추천하고 있어요.,0,2026-07-23 15:01:23
925,5,슈슈에게 주려고 치석이 껴서 알아보다 샀어요. 정신없이 먹어요. 해동해서 주는 게 조금 번거로워요. 바로 재구매했습니다.,0,2026-08-06 18:02:03
926,4,슈슈에게 주려고 주식을 바꿔볼까 해서 골랐어요. 잘 먹어서 다행이에요. 한 봉지로 같이 먹입니다. 한창때라 그런지 급여량이 넉넉히 필요해요. 갑각류 알레르기가 있어 원료를 하나하나 확인하고 샀어요. 떨어지면 다시 주문하려고요.,0,2026-08-08 14:41:56
927,4,달이에게 주려고 소화가 편한 걸 고르고 싶었어요. 잘 먹어서 다행이에요. 알갱이가 단단해 오래 씹어요. 한창때라 그런지 급여량이 넉넉히 필요해요. 다음에도 살 것 같아요.,0,2026-06-24 01:47:12
928,3,달이에게 주려고 살이 붙어서 고민하다 골랐어요. 주면 먹기는 하는데 열광하진 않아요. 한 번에 먹기 딱 좋은 크기예요. 옥수수 알레르기가 있어 원료를 하나하나 확인하고 샀어요. 무난해서 당분간은 이걸로 갑니다.,0,2026-08-12 21:27:57
929,5,달이에게 주려고 첨가물이 적은 걸 찾다가 샀어요. 봉지 소리만 나도 달려옵니다. 한 번에 먹기 딱 좋은 크기예요. 옥수수이 들어간 걸 먹으면 긁어서 성분표부터 봤습니다. 주변에도 추천하고 있어요.,0,2026-05-24 09:29:04
930,5,달이에게 주려고 수제라 믿음이 가서 골랐어요. 정신없이 먹어요. 알갱이가 단단해 오래 씹어요. 한창때라 그런지 급여량이 넉넉히 필요해요. 옥수수이 들어간 걸 먹으면 긁어서 성분표부터 봤습니다. 주변에도 추천하고 있어요.,0,2026-06-25 08:19:52
931,4,유리에게 주려고 관절이 약해 보여 걱정이었어요. 잘 먹어서 다행이에요. 덩치가 있어 양이 금방 줄어요. 다음에도 살 것 같아요.,0,2026-08-08 23:50:42
932,4,유리에게 주려고 속이 자주 안 좋아서 찾아봤어요. 그릇을 비우는 걸 보니 마음이 놓여요. 알갱이가 단단해 오래 씹어요. 덩치가 있어 양이 금방 줄어요. 한창때라 그런지 급여량이 넉넉히 필요해요. 떨어지면 다시 주문하려고요.,0,2026-02-17 08:01:16
933,3,달이에게 주려고 체중 관리가 필요하다고 해서요. 그럭저럭 먹는 편이에요. 무난해서 당분간은 이걸로 갑니다.,0,2026-01-15 05:51:25
934,2,달이에게 주려고 수제라 믿음이 가서 골랐어요. 억지로 먹이는 느낌이라 아쉬워요. 둘 다 먹일 수 있어 편해요. 한 번에 먹기 딱 좋은 크기예요. 재구매는 조금 더 고민해보려고요.,0,2025-05-21 11:41:10
935,5,달이에게 주려고 소화가 편한 걸 고르고 싶었어요. 봉지 소리만 나도 달려옵니다. 알갱이가 단단해 오래 씹어요. 한 번에 먹기 딱 좋은 크기예요. 나이가 있어 부드러운 쪽을 신경 쓰게 되네요. 주변에도 추천하고 있어요.,0,2024-11-09 17:46:42
936,5,봄이에게 주려고 먹던 사료가 안 맞는 것 같아 바꿔봤어요. 봉지 소리만 나도 달려옵니다. 보관이 편한 점이 좋아요. 나이가 있어 부드러운 쪽을 신경 쓰게 되네요. 바로 재구매했습니다.,0,2026-06-09 04:50:09
937,5,봄이에게 주려고 작게 끊어 주기 좋아 보여 골랐어요. 봉지 소리만 나도 달려옵니다. 바삭해서 손에 묻지 않아요. 작은 아이 입에도 부담이 없어요. 바로 재구매했습니다.,0,2026-08-11 04:58:12
938,3,봄이에게 주려고 물을 잘 안 마시는 편이라 신경 쓰였어요. 주면 먹기는 하는데 열광하진 않아요. 작은 아이 입에도 부담이 없어요. 가격을 보고 재구매를 정하려고요.,0,2025-10-02 08:35:22
939,5,봄이에게 주려고 신장 수치가 걱정돼서요. 정신없이 먹어요. 알갱이가 단단해 오래 씹어요. 작은 아이 입에도 부담이 없어요. 주변에도 추천하고 있어요.,0,2026-03-30 00:39:20
940,2,보리에게 주려고 소화가 편한 걸 고르고 싶었어요. 처음엔 먹다가 금방 남기더라고요. 보관이 편한 점이 좋아요. 한창때라 그런지 급여량이 넉넉히 필요해요. 한 번 더 줘보고 결정하려 합니다.,0,2025-09-15 12:42:55
941,4,보리에게 주려고 소화가 편한 걸 고르고 싶었어요. 그릇을 비우는 걸 보니 마음이 놓여요. 한 번에 먹기 딱 좋은 크기예요. 한창때라 그런지 급여량이 넉넉히 필요해요. 다음에도 살 것 같아요.,0,2025-09-04 11:58:27
942,4,라떼에게 주려고 속이 자주 안 좋아서 찾아봤어요. 그릇을 비우는 걸 보니 마음이 놓여요. 떨어지면 다시 주문하려고요.,0,2026-08-08 14:12:17
943,2,라떼에게 주려고 털 상태가 계속 신경 쓰였어요. 억지로 먹이는 느낌이라 아쉬워요. 한창때라 그런지 급여량이 넉넉히 필요해요. 재구매는 조금 더 고민해보려고요.,0,2026-08-09 21:33:25
944,4,라떼에게 주려고 털 상태가 계속 신경 쓰였어요. 그릇을 비우는 걸 보니 마음이 놓여요. 다음에도 살 것 같아요.,0,2026-08-10 04:53:08
945,5,라떼에게 주려고 체중 관리가 필요하다고 해서요. 봉지 소리만 나도 달려옵니다. 작은 아이 입에도 부담이 없어요. 바로 재구매했습니다.,0,2026-08-10 03:13:48
946,4,구름에게 주려고 치석이 껴서 알아보다 샀어요. 그릇을 비우는 걸 보니 마음이 놓여요. 가볍고 부스러기가 적어요. 떨어지면 다시 주문하려고요.,0,2026-08-06 16:20:05
947,4,구름에게 주려고 속이 자주 안 좋아서 찾아봤어요. 그릇을 비우는 걸 보니 마음이 놓여요. 알갱이가 단단해 오래 씹어요. 한 번에 먹기 딱 좋은 크기예요. 한창때라 그런지 급여량이 넉넉히 필요해요. 다음에도 살 것 같아요.,0,2026-08-08 06:39:59
948,4,구름에게 주려고 산책 뒤에 다리를 아껴주고 싶었어요. 그릇을 비우는 걸 보니 마음이 놓여요. 다음에도 살 것 같아요.,0,2026-08-11 02:16:24
949,5,뽀삐에게 주려고 물을 잘 안 마시는 편이라 신경 쓰였어요. 정신없이 먹어요. 한 봉지로 같이 먹입니다. 한창때라 그런지 급여량이 넉넉히 필요해요. 바로 재구매했습니다.,0,2026-03-01 07:32:21
950,5,뽀삐에게 주려고 피부를 자꾸 긁어서 찾아봤어요. 정신없이 먹어요. 한창때라 그런지 급여량이 넉넉히 필요해요. 주변에도 추천하고 있어요.,0,2026-08-01 06:44:18
951,3,뽀삐에게 주려고 새로운 간식을 찾다가 골랐어요. 주면 먹기는 하는데 열광하진 않아요. 무난해서 당분간은 이걸로 갑니다.,0,2026-06-05 15:08:47
952,3,뽀삐에게 주려고 작게 끊어 주기 좋아 보여 골랐어요. 주면 먹기는 하는데 열광하진 않아요. 바삭해서 손에 묻지 않아요. 한창때라 그런지 급여량이 넉넉히 필요해요. 적색육 알레르기가 있어 원료를 하나하나 확인하고 샀어요. 가격을 보고 재구매를 정하려고요.,0,2026-07-18 17:59:51
953,3,슈슈에게 주려고 털 상태가 계속 신경 쓰였어요. 주면 먹기는 하는데 열광하진 않아요. 작은 아이 입에도 부담이 없어요. 가격을 보고 재구매를 정하려고요.,0,2026-07-26 11:36:54
954,5,슈슈에게 주려고 신장 수치가 걱정돼서요. 정신없이 먹어요. 작은 아이 입에도 부담이 없어요. 바로 재구매했습니다.,0,2025-11-16 22:58:22
955,3,슈슈에게 주려고 관절이 약해 보여 걱정이었어요. 그럭저럭 먹는 편이에요. 수분이 많아 물 대신 챙겨주기 좋아요. 작은 아이 입에도 부담이 없어요. 무난해서 당분간은 이걸로 갑니다.,0,2026-01-15 12:14:14
956,2,호두에게 주려고 첨가물이 적은 걸 찾다가 샀어요. 억지로 먹이는 느낌이라 아쉬워요. 한 번 더 줘보고 결정하려 합니다.,0,2026-08-16 07:57:59
957,5,호두에게 주려고 작게 끊어 주기 좋아 보여 골랐어요. 봉지 소리만 나도 달려옵니다. 부드러워서 잘 넘겨요. 덩치가 있어 양이 금방 줄어요. 바로 재구매했습니다.,0,2026-08-06 19:06:39
958,3,호두에게 주려고 첨가물이 적은 걸 찾다가 샀어요. 그럭저럭 먹는 편이에요. 보관이 편한 점이 좋아요. 덩치가 있어 양이 금방 줄어요. 한창때라 그런지 급여량이 넉넉히 필요해요. 귀리이 들어간 걸 먹으면 긁어서 성분표부터 봤습니다. 무난해서 당분간은 이걸로 갑니다.,0,2026-06-14 23:20:49
959,4,호두에게 주려고 간식으로 하나 들여봤어요. 그릇을 비우는 걸 보니 마음이 놓여요. 가볍고 부스러기가 적어요. 덩치가 있어 양이 금방 줄어요. 다음에도 살 것 같아요.,0,2026-07-16 04:44:17
960,2,망고에게 주려고 첨가물이 적은 걸 찾다가 샀어요. 억지로 먹이는 느낌이라 아쉬워요. 가볍고 부스러기가 적어요. 한 번 더 줘보고 결정하려 합니다.,0,2026-06-04 05:14:10
961,5,마루에게 주려고 첨가물이 적은 걸 찾다가 샀어요. 봉지 소리만 나도 달려옵니다. 보관이 편한 점이 좋아요. 나이가 있어 부드러운 쪽을 신경 쓰게 되네요. 단백질 알레르기가 있어 원료를 하나하나 확인하고 샀어요. 주변에도 추천하고 있어요.,0,2026-06-18 05:55:33
962,5,마루에게 주려고 털 상태가 계속 신경 쓰였어요. 봉지 소리만 나도 달려옵니다. 둘 다 먹일 수 있어 편해요. 단백질이 들어간 걸 먹으면 긁어서 성분표부터 봤습니다. 주변에도 추천하고 있어요.,0,2025-12-01 07:42:16
963,5,탄이에게 주려고 관절이 약해 보여 걱정이었어요. 정신없이 먹어요. 부드러워서 잘 넘겨요. 주변에도 추천하고 있어요.,0,2026-08-03 21:33:17
964,4,두부에게 주려고 소화가 편한 걸 고르고 싶었어요. 그릇을 비우는 걸 보니 마음이 놓여요. 부드러워서 잘 넘겨요. 작은 아이 입에도 부담이 없어요. 한창때라 그런지 급여량이 넉넉히 필요해요. 땅콩 알레르기가 있어 원료를 하나하나 확인하고 샀어요. 떨어지면 다시 주문하려고요.,0,2025-10-03 10:55:43
965,4,두부에게 주려고 털 상태가 계속 신경 쓰였어요. 잘 먹어서 다행이에요. 알갱이가 단단해 오래 씹어요. 작은 아이 입에도 부담이 없어요. 한창때라 그런지 급여량이 넉넉히 필요해요. 다음에도 살 것 같아요.,0,2025-10-14 05:59:26
966,4,두부에게 주려고 치석이 껴서 알아보다 샀어요. 그릇을 비우는 걸 보니 마음이 놓여요. 한창때라 그런지 급여량이 넉넉히 필요해요. 땅콩이 들어간 걸 먹으면 긁어서 성분표부터 봤습니다. 떨어지면 다시 주문하려고요.,0,2026-06-20 14:12:20
967,4,나비에게 주려고 산책 뒤에 다리를 아껴주고 싶었어요. 잘 먹어서 다행이에요. 한 번에 먹기 딱 좋은 크기예요. 떨어지면 다시 주문하려고요.,0,2026-08-12 23:15:52
968,4,나비에게 주려고 속이 자주 안 좋아서 찾아봤어요. 그릇을 비우는 걸 보니 마음이 놓여요. 보관이 편한 점이 좋아요. 아직 어려서 조금씩 나눠 급여하고 있어요. 다음에도 살 것 같아요.,0,2026-06-29 19:32:06
969,5,나비에게 주려고 속이 자주 안 좋아서 찾아봤어요. 정신없이 먹어요. 한 번에 먹기 딱 좋은 크기예요. 아직 어려서 조금씩 나눠 급여하고 있어요. 주변에도 추천하고 있어요.,0,2026-04-01 06:50:03
970,4,나비에게 주려고 체중 관리가 필요하다고 해서요. 그릇을 비우는 걸 보니 마음이 놓여요. 보관이 편한 점이 좋아요. 아직 어려서 조금씩 나눠 급여하고 있어요. 다음에도 살 것 같아요.,0,2026-08-21 13:09:05
971,1,별이에게 주려고 체중 관리가 필요하다고 해서요. 냄새만 맡고 돌아서네요. 한창때라 그런지 급여량이 넉넉히 필요해요. 옥수수이 들어간 걸 먹으면 긁어서 성분표부터 봤습니다. 재구매는 어려울 것 같아요.,0,2026-06-21 15:46:30
972,5,감자에게 주려고 관절이 약해 보여 걱정이었어요. 정신없이 먹어요. 주변에도 추천하고 있어요.,0,2026-05-01 22:42:04
973,4,두부에게 주려고 털 상태가 계속 신경 쓰였어요. 잘 먹어서 다행이에요. 알갱이가 단단해 오래 씹어요. 작은 아이 입에도 부담이 없어요. 다음에도 살 것 같아요.,0,2026-07-16 00:27:46
974,4,두부에게 주려고 산책 뒤에 다리를 아껴주고 싶었어요. 그릇을 비우는 걸 보니 마음이 놓여요. 부드러워서 잘 넘겨요. 작은 아이 입에도 부담이 없어요. 떨어지면 다시 주문하려고요.,0,2026-07-22 02:27:34
975,5,두부에게 주려고 체중 관리가 필요하다고 해서요. 봉지 소리만 나도 달려옵니다. 나이가 있어 부드러운 쪽을 신경 쓰게 되네요. 주변에도 추천하고 있어요.,0,2026-08-12 13:01:27
976,5,두부에게 주려고 신장 수치가 걱정돼서요. 정신없이 먹어요. 나이가 있어 부드러운 쪽을 신경 쓰게 되네요. 바로 재구매했습니다.,0,2026-07-05 05:52:41
977,4,두부에게 주려고 산책 뒤에 다리를 아껴주고 싶었어요. 잘 먹어서 다행이에요. 작은 아이 입에도 부담이 없어요. 나이가 있어 부드러운 쪽을 신경 쓰게 되네요. 떨어지면 다시 주문하려고요.,0,2026-07-15 00:42:13
978,5,두부에게 주려고 산책 뒤에 다리를 아껴주고 싶었어요. 정신없이 먹어요. 가볍고 부스러기가 적어요. 작은 아이 입에도 부담이 없어요. 주변에도 추천하고 있어요.,0,2026-07-16 06:28:24
979,5,두부에게 주려고 살이 붙어서 고민하다 골랐어요. 정신없이 먹어요. 보관이 편한 점이 좋아요. 작은 아이 입에도 부담이 없어요. 나이가 있어 부드러운 쪽을 신경 쓰게 되네요. 바로 재구매했습니다.,0,2026-06-15 08:15:17
980,5,두부에게 주려고 소화가 편한 걸 고르고 싶었어요. 정신없이 먹어요. 작은 아이 입에도 부담이 없어요. 나이가 있어 부드러운 쪽을 신경 쓰게 되네요. 바로 재구매했습니다.,0,2026-06-30 16:13:46
981,4,두부에게 주려고 털 상태가 계속 신경 쓰였어요. 그릇을 비우는 걸 보니 마음이 놓여요. 떨어지면 다시 주문하려고요.,0,2026-03-07 16:53:03
982,2,두부에게 주려고 산책 뒤에 다리를 아껴주고 싶었어요. 억지로 먹이는 느낌이라 아쉬워요. 보관이 편한 점이 좋아요. 재구매는 조금 더 고민해보려고요.,0,2026-03-01 13:48:05
983,1,두부에게 주려고 먹던 사료가 안 맞는 것 같아 바꿔봤어요. 냄새만 맡고 돌아서네요. 입이 작은 아이인데 알맞은 크기예요. 재구매는 어려울 것 같아요.,0,2026-04-28 21:11:41
984,4,두부에게 주려고 체중 관리가 필요하다고 해서요. 그릇을 비우는 걸 보니 마음이 놓여요. 입이 작은 아이인데 알맞은 크기예요. 한창때라 그런지 급여량이 넉넉히 필요해요. 떨어지면 다시 주문하려고요.,0,2026-04-20 06:24:11
985,3,두부에게 주려고 털 상태가 계속 신경 쓰였어요. 주면 먹기는 하는데 열광하진 않아요. 입이 작은 아이인데 알맞은 크기예요. 한창때라 그런지 급여량이 넉넉히 필요해요. 가격을 보고 재구매를 정하려고요.,0,2026-07-07 13:38:29
986,5,두부에게 주려고 치석이 껴서 알아보다 샀어요. 정신없이 먹어요. 한 봉지로 같이 먹입니다. 입이 작은 아이인데 알맞은 크기예요. 주변에도 추천하고 있어요.,0,2026-08-08 23:47:46
987,5,단추에게 주려고 관절이 약해 보여 걱정이었어요. 정신없이 먹어요. 한창때라 그런지 급여량이 넉넉히 필요해요. 주변에도 추천하고 있어요.,0,2026-02-11 10:26:26
988,3,단추에게 주려고 훈련 보상용으로 샀어요. 주면 먹기는 하는데 열광하진 않아요. 가볍고 부스러기가 적어요. 한 번에 먹기 딱 좋은 크기예요. 가격을 보고 재구매를 정하려고요.,0,2026-08-13 19:42:39
989,5,단추에게 주려고 체중 관리가 필요하다고 해서요. 정신없이 먹어요. 가볍고 부스러기가 적어요. 대두이 들어간 걸 먹으면 긁어서 성분표부터 봤습니다. 주변에도 추천하고 있어요.,0,2026-06-25 20:30:05
990,4,단추에게 주려고 양치를 싫어해서 대신할 걸 찾았어요. 그릇을 비우는 걸 보니 마음이 놓여요. 보관이 편한 점이 좋아요. 한창때라 그런지 급여량이 넉넉히 필요해요. 떨어지면 다시 주문하려고요.,0,2026-05-26 10:36:11
991,5,단추에게 주려고 훈련 보상용으로 샀어요. 정신없이 먹어요. 한창때라 그런지 급여량이 넉넉히 필요해요. 대두 알레르기가 있어 원료를 하나하나 확인하고 샀어요. 주변에도 추천하고 있어요.,0,2026-06-07 17:27:49
992,5,단추에게 주려고 먹던 사료가 안 맞는 것 같아 바꿔봤어요. 정신없이 먹어요. 알갱이가 단단해 오래 씹어요. 한창때라 그런지 급여량이 넉넉히 필요해요. 주변에도 추천하고 있어요.,0,2026-04-25 12:21:57
993,5,치즈에게 주려고 첨가물이 적은 걸 찾다가 샀어요. 봉지 소리만 나도 달려옵니다. 작은 아이 입에도 부담이 없어요. 한창때라 그런지 급여량이 넉넉히 필요해요. 첨가물이 들어간 걸 먹으면 긁어서 성분표부터 봤습니다. 바로 재구매했습니다.,0,2026-07-31 08:13:28
994,3,치즈에게 주려고 털 상태가 계속 신경 쓰였어요. 주면 먹기는 하는데 열광하진 않아요. 무난해서 당분간은 이걸로 갑니다.,0,2026-08-09 10:39:48
995,4,치즈에게 주려고 피부를 자꾸 긁어서 찾아봤어요. 그릇을 비우는 걸 보니 마음이 놓여요. 바삭해서 손에 묻지 않아요. 다음에도 살 것 같아요.,0,2026-07-31 05:05:58
996,5,치즈에게 주려고 털 상태가 계속 신경 쓰였어요. 정신없이 먹어요. 신선한 느낌이 들어요. 첨가물 알레르기가 있어 원료를 하나하나 확인하고 샀어요. 주변에도 추천하고 있어요.,0,2026-08-12 18:25:42
997,3,뽀삐에게 주려고 훈련 보상용으로 샀어요. 주면 먹기는 하는데 열광하진 않아요. 무난해서 당분간은 이걸로 갑니다.,0,2026-02-28 05:13:15
998,4,뽀삐에게 주려고 체중 관리가 필요하다고 해서요. 잘 먹어서 다행이에요. 덩치가 있어 양이 금방 줄어요. 갑각류 알레르기가 있어 원료를 하나하나 확인하고 샀어요. 떨어지면 다시 주문하려고요.,0,2026-08-06 01:53:46
999,3,몽이에게 주려고 양치를 싫어해서 대신할 걸 찾았어요. 그럭저럭 먹는 편이에요. 둘 다 먹일 수 있어 편해요. 한 번에 먹기 딱 좋은 크기예요. 무난해서 당분간은 이걸로 갑니다.,0,2026-05-02 09:40:51
1000,5,구름에게 주려고 속이 자주 안 좋아서 찾아봤어요. 정신없이 먹어요. 보관이 편한 점이 좋아요. 주변에도 추천하고 있어요.,0,2025-05-06 13:43:29
1001,5,구름에게 주려고 먹던 사료가 안 맞는 것 같아 바꿔봤어요. 정신없이 먹어요. 바로 재구매했습니다.,0,2025-07-04 18:37:52
1002,2,구름에게 주려고 산책 뒤에 다리를 아껴주고 싶었어요. 억지로 먹이는 느낌이라 아쉬워요. 가볍고 부스러기가 적어요. 재구매는 조금 더 고민해보려고요.,0,2025-09-04 22:54:44
1003,4,구름에게 주려고 치석이 껴서 알아보다 샀어요. 그릇을 비우는 걸 보니 마음이 놓여요. 떨어지면 다시 주문하려고요.,0,2025-12-02 17:22:48
1004,3,구름에게 주려고 주식을 바꿔볼까 해서 골랐어요. 그럭저럭 먹는 편이에요. 무난해서 당분간은 이걸로 갑니다.,0,2026-03-12 02:16:46
1005,1,구름에게 주려고 양치를 싫어해서 대신할 걸 찾았어요. 거의 입도 안 댔어요. 보관이 편한 점이 좋아요. 재구매는 어려울 것 같아요.,0,2026-07-17 10:07:06
1006,5,두부에게 주려고 훈련 보상용으로 샀어요. 봉지 소리만 나도 달려옵니다. 한 번에 먹기 딱 좋은 크기예요. 어류 알레르기가 있어 원료를 하나하나 확인하고 샀어요. 바로 재구매했습니다.,0,2026-08-12 10:56:26
1007,4,두부에게 주려고 살이 붙어서 고민하다 골랐어요. 그릇을 비우는 걸 보니 마음이 놓여요. 한 번에 먹기 딱 좋은 크기예요. 한창때라 그런지 급여량이 넉넉히 필요해요. 떨어지면 다시 주문하려고요.,0,2026-05-14 18:21:49
1008,5,똘이에게 주려고 속이 자주 안 좋아서 찾아봤어요. 정신없이 먹어요. 한창때라 그런지 급여량이 넉넉히 필요해요. 주변에도 추천하고 있어요.,0,2025-03-11 09:58:23
1009,5,똘이에게 주려고 관절이 약해 보여 걱정이었어요. 봉지 소리만 나도 달려옵니다. 부드러워서 잘 넘겨요. 한창때라 그런지 급여량이 넉넉히 필요해요. 바로 재구매했습니다.,0,2025-03-21 14:01:12
1010,3,똘이에게 주려고 속이 자주 안 좋아서 찾아봤어요. 그럭저럭 먹는 편이에요. 작은 아이 입에도 부담이 없어요. 무난해서 당분간은 이걸로 갑니다.,0,2025-04-03 07:32:53
1011,3,똘이에게 주려고 체중 관리가 필요하다고 해서요. 주면 먹기는 하는데 열광하진 않아요. 알갱이가 단단해 오래 씹어요. 가격을 보고 재구매를 정하려고요.,0,2026-08-24 23:48:05
1012,4,똘이에게 주려고 털 상태가 계속 신경 쓰였어요. 잘 먹어서 다행이에요. 떨어지면 다시 주문하려고요.,0,2025-10-23 20:28:25
1013,5,똘이에게 주려고 체중 관리가 필요하다고 해서요. 정신없이 먹어요. 수분이 많아 물 대신 챙겨주기 좋아요. 바로 재구매했습니다.,0,2026-02-15 09:11:57
1014,4,똘이에게 주려고 산책 뒤에 다리를 아껴주고 싶었어요. 잘 먹어서 다행이에요. 다음에도 살 것 같아요.,0,2026-03-17 09:26:10
1015,5,똘이에게 주려고 살이 붙어서 고민하다 골랐어요. 봉지 소리만 나도 달려옵니다. 보관이 편한 점이 좋아요. 작은 아이 입에도 부담이 없어요. 한창때라 그런지 급여량이 넉넉히 필요해요. 바로 재구매했습니다.,0,2026-06-10 07:16:57
1016,5,먼지에게 주려고 소화가 편한 걸 고르고 싶었어요. 정신없이 먹어요. 수분이 많아 물 대신 챙겨주기 좋아요. 덩치가 있어 양이 금방 줄어요. 바로 재구매했습니다.,0,2026-08-08 06:23:58
1017,4,먼지에게 주려고 물을 잘 안 마시는 편이라 신경 쓰였어요. 잘 먹어서 다행이에요. 신선한 느낌이 들어요. 덩치가 있어 양이 금방 줄어요. 게 알레르기가 있어 원료를 하나하나 확인하고 샀어요. 떨어지면 다시 주문하려고요.,0,2026-08-09 12:07:44
1018,4,먼지에게 주려고 관절이 약해 보여 걱정이었어요. 잘 먹어서 다행이에요. 덩치가 있어 양이 금방 줄어요. 한창때라 그런지 급여량이 넉넉히 필요해요. 게 알레르기가 있어 원료를 하나하나 확인하고 샀어요. 떨어지면 다시 주문하려고요.,0,2026-06-14 13:32:12
1019,5,감자에게 주려고 양치를 싫어해서 대신할 걸 찾았어요. 봉지 소리만 나도 달려옵니다. 알갱이가 단단해 오래 씹어요. 작은 아이 입에도 부담이 없어요. 귀리이 들어간 걸 먹으면 긁어서 성분표부터 봤습니다. 주변에도 추천하고 있어요.,0,2025-09-22 13:03:59
1020,4,감자에게 주려고 주식을 바꿔볼까 해서 골랐어요. 잘 먹어서 다행이에요. 귀리 알레르기가 있어 원료를 하나하나 확인하고 샀어요. 다음에도 살 것 같아요.,0,2025-07-17 04:07:14
1021,4,감자에게 주려고 물을 잘 안 마시는 편이라 신경 쓰였어요. 그릇을 비우는 걸 보니 마음이 놓여요. 부드러워서 잘 넘겨요. 나이가 있어 부드러운 쪽을 신경 쓰게 되네요. 떨어지면 다시 주문하려고요.,0,2025-06-07 11:01:10
1022,4,감자에게 주려고 주식을 바꿔볼까 해서 골랐어요. 그릇을 비우는 걸 보니 마음이 놓여요. 알갱이가 단단해 오래 씹어요. 귀리이 들어간 걸 먹으면 긁어서 성분표부터 봤습니다. 떨어지면 다시 주문하려고요.,0,2025-07-05 21:35:32
1023,5,감자에게 주려고 첨가물이 적은 걸 찾다가 샀어요. 봉지 소리만 나도 달려옵니다. 가볍고 부스러기가 적어요. 귀리 알레르기가 있어 원료를 하나하나 확인하고 샀어요. 바로 재구매했습니다.,0,2026-07-28 05:55:08
1024,5,감자에게 주려고 주식을 바꿔볼까 해서 골랐어요. 정신없이 먹어요. 부드러워서 잘 넘겨요. 작은 아이 입에도 부담이 없어요. 귀리이 들어간 걸 먹으면 긁어서 성분표부터 봤습니다. 바로 재구매했습니다.,0,2026-05-04 15:30:10
1025,4,먼지에게 주려고 주식을 바꿔볼까 해서 골랐어요. 그릇을 비우는 걸 보니 마음이 놓여요. 알갱이가 단단해 오래 씹어요. 한 번에 먹기 딱 좋은 크기예요. 적색육이 들어간 걸 먹으면 긁어서 성분표부터 봤습니다. 떨어지면 다시 주문하려고요.,0,2026-05-04 13:25:04
1026,4,먼지에게 주려고 살이 붙어서 고민하다 골랐어요. 잘 먹어서 다행이에요. 한 번에 먹기 딱 좋은 크기예요. 한창때라 그런지 급여량이 넉넉히 필요해요. 적색육이 들어간 걸 먹으면 긁어서 성분표부터 봤습니다. 다음에도 살 것 같아요.,0,2026-07-09 03:56:55
1027,5,먼지에게 주려고 관절이 약해 보여 걱정이었어요. 봉지 소리만 나도 달려옵니다. 적색육 알레르기가 있어 원료를 하나하나 확인하고 샀어요. 주변에도 추천하고 있어요.,0,2025-08-28 02:05:50
1028,4,먼지에게 주려고 살이 붙어서 고민하다 골랐어요. 잘 먹어서 다행이에요. 둘 다 먹일 수 있어 편해요. 적색육 알레르기가 있어 원료를 하나하나 확인하고 샀어요. 다음에도 살 것 같아요.,0,2026-06-29 12:47:54
1029,5,먼지에게 주려고 소화가 편한 걸 고르고 싶었어요. 봉지 소리만 나도 달려옵니다. 보관이 편한 점이 좋아요. 한 번에 먹기 딱 좋은 크기예요. 한창때라 그런지 급여량이 넉넉히 필요해요. 바로 재구매했습니다.,0,2026-03-18 20:55:17
1030,4,먼지에게 주려고 훈련 보상용으로 샀어요. 잘 먹어서 다행이에요. 바삭해서 손에 묻지 않아요. 한 번에 먹기 딱 좋은 크기예요. 적색육이 들어간 걸 먹으면 긁어서 성분표부터 봤습니다. 떨어지면 다시 주문하려고요.,0,2026-07-15 15:44:07
1031,4,먼지에게 주려고 산책 뒤에 다리를 아껴주고 싶었어요. 잘 먹어서 다행이에요. 둘 다 먹일 수 있어 편해요. 한 번에 먹기 딱 좋은 크기예요. 적색육이 들어간 걸 먹으면 긁어서 성분표부터 봤습니다. 다음에도 살 것 같아요.,0,2026-04-10 14:36:34
1032,4,먼지에게 주려고 속이 자주 안 좋아서 찾아봤어요. 잘 먹어서 다행이에요. 적색육이 들어간 걸 먹으면 긁어서 성분표부터 봤습니다. 다음에도 살 것 같아요.,0,2026-06-14 23:33:23
1033,3,봄이에게 주려고 양치를 싫어해서 대신할 걸 찾았어요. 그럭저럭 먹는 편이에요. 바삭해서 손에 묻지 않아요. 덩치가 있어 양이 금방 줄어요. 무난해서 당분간은 이걸로 갑니다.,0,2026-04-25 02:58:27
1034,4,봄이에게 주려고 소화가 편한 걸 고르고 싶었어요. 잘 먹어서 다행이에요. 보관이 편한 점이 좋아요. 덩치가 있어 양이 금방 줄어요. 땅콩이 들어간 걸 먹으면 긁어서 성분표부터 봤습니다. 다음에도 살 것 같아요.,0,2026-06-13 15:01:47
1035,5,아톰에게 주려고 털 상태가 계속 신경 쓰였어요. 정신없이 먹어요. 바로 재구매했습니다.,0,2026-06-24 15:39:42
1036,3,아톰에게 주려고 물을 잘 안 마시는 편이라 신경 쓰였어요. 주면 먹기는 하는데 열광하진 않아요. 보관이 편한 점이 좋아요. 한 번에 먹기 딱 좋은 크기예요. 가격을 보고 재구매를 정하려고요.,0,2026-03-31 18:05:11
1037,1,라떼에게 주려고 산책 뒤에 다리를 아껴주고 싶었어요. 냄새만 맡고 돌아서네요. 입이 작은 아이인데 알맞은 크기예요. 다른 제품을 다시 찾아봐야겠어요.,0,2026-07-13 15:32:36
1038,3,라떼에게 주려고 산책 뒤에 다리를 아껴주고 싶었어요. 그럭저럭 먹는 편이에요. 아직 어려서 조금씩 나눠 급여하고 있어요. 무난해서 당분간은 이걸로 갑니다.,0,2026-03-22 17:11:12
1039,4,라떼에게 주려고 소화가 편한 걸 고르고 싶었어요. 그릇을 비우는 걸 보니 마음이 놓여요. 다음에도 살 것 같아요.,0,2026-03-16 18:15:18
1040,5,라떼에게 주려고 살이 붙어서 고민하다 골랐어요. 봉지 소리만 나도 달려옵니다. 바삭해서 손에 묻지 않아요. 바로 재구매했습니다.,0,2026-06-19 21:23:58
1041,4,밤비에게 주려고 새로운 간식을 찾다가 골랐어요. 잘 먹어서 다행이에요. 가볍고 부스러기가 적어요. 한창때라 그런지 급여량이 넉넉히 필요해요. 다음에도 살 것 같아요.,0,2025-02-27 23:09:57
1042,5,밤비에게 주려고 피부를 자꾸 긁어서 찾아봤어요. 정신없이 먹어요. 가볍고 부스러기가 적어요. 주변에도 추천하고 있어요.,0,2025-08-25 18:39:11
1043,5,치즈에게 주려고 신장 수치가 걱정돼서요. 정신없이 먹어요. 한 봉지로 같이 먹입니다. 주변에도 추천하고 있어요.,0,2026-05-23 01:32:04
1044,5,치즈에게 주려고 털 상태가 계속 신경 쓰였어요. 정신없이 먹어요. 바로 재구매했습니다.,0,2026-05-24 16:46:56
1045,5,치즈에게 주려고 관절이 약해 보여 걱정이었어요. 봉지 소리만 나도 달려옵니다. 아직 어려서 조금씩 나눠 급여하고 있어요. 바로 재구매했습니다.,0,2026-03-14 23:57:37
1046,4,까미에게 주려고 관절이 약해 보여 걱정이었어요. 잘 먹어서 다행이에요. 알갱이가 단단해 오래 씹어요. 덩치가 있어 양이 금방 줄어요. 한창때라 그런지 급여량이 넉넉히 필요해요. 첨가물 알레르기가 있어 원료를 하나하나 확인하고 샀어요. 다음에도 살 것 같아요.,0,2026-08-06 21:18:21
1047,4,까미에게 주려고 작게 끊어 주기 좋아 보여 골랐어요. 잘 먹어서 다행이에요. 수분이 많아 물 대신 챙겨주기 좋아요. 덩치가 있어 양이 금방 줄어요. 한창때라 그런지 급여량이 넉넉히 필요해요. 첨가물이 들어간 걸 먹으면 긁어서 성분표부터 봤습니다. 다음에도 살 것 같아요.,0,2026-08-13 19:22:25
1048,5,까미에게 주려고 먹던 사료가 안 맞는 것 같아 바꿔봤어요. 정신없이 먹어요. 덩치가 있어 양이 금방 줄어요. 한창때라 그런지 급여량이 넉넉히 필요해요. 주변에도 추천하고 있어요.,0,2026-01-21 07:00:03
1049,4,나비에게 주려고 피부를 자꾸 긁어서 찾아봤어요. 잘 먹어서 다행이에요. 떨어지면 다시 주문하려고요.,0,2026-07-08 17:20:25
1050,5,나비에게 주려고 산책 뒤에 다리를 아껴주고 싶었어요. 봉지 소리만 나도 달려옵니다. 가볍고 부스러기가 적어요. 아직 어려서 조금씩 나눠 급여하고 있어요. 감자이 들어간 걸 먹으면 긁어서 성분표부터 봤습니다. 바로 재구매했습니다.,0,2026-07-01 15:47:14
1051,4,토리에게 주려고 작게 끊어 주기 좋아 보여 골랐어요. 잘 먹어서 다행이에요. 가볍고 부스러기가 적어요. 덩치가 있어 양이 금방 줄어요. 아직 어려서 조금씩 나눠 급여하고 있어요. 떨어지면 다시 주문하려고요.,0,2026-07-16 22:18:41
1052,4,토리에게 주려고 첨가물이 적은 걸 찾다가 샀어요. 그릇을 비우는 걸 보니 마음이 놓여요. 연어 알레르기가 있어 원료를 하나하나 확인하고 샀어요. 떨어지면 다시 주문하려고요.,0,2026-07-02 04:21:20
1053,5,토리에게 주려고 속이 자주 안 좋아서 찾아봤어요. 봉지 소리만 나도 달려옵니다. 바로 재구매했습니다.,0,2026-06-17 17:07:26
1054,3,토리에게 주려고 첨가물이 적은 걸 찾다가 샀어요. 주면 먹기는 하는데 열광하진 않아요. 둘 다 먹일 수 있어 편해요. 가격을 보고 재구매를 정하려고요.,0,2026-08-14 02:15:40
1055,4,토리에게 주려고 관절이 약해 보여 걱정이었어요. 잘 먹어서 다행이에요. 수분이 많아 물 대신 챙겨주기 좋아요. 덩치가 있어 양이 금방 줄어요. 연어 알레르기가 있어 원료를 하나하나 확인하고 샀어요. 다음에도 살 것 같아요.,0,2026-06-21 05:09:06
1056,4,토리에게 주려고 첨가물이 적은 걸 찾다가 샀어요. 잘 먹어서 다행이에요. 덩치가 있어 양이 금방 줄어요. 다음에도 살 것 같아요.,0,2026-06-26 17:03:19
1057,5,코코에게 주려고 털 상태가 계속 신경 쓰였어요. 정신없이 먹어요. 더덕 알레르기가 있어 원료를 하나하나 확인하고 샀어요. 주변에도 추천하고 있어요.,0,2026-04-25 12:59:56
1058,4,코코에게 주려고 관절이 약해 보여 걱정이었어요. 그릇을 비우는 걸 보니 마음이 놓여요. 보관이 편한 점이 좋아요. 한 번에 먹기 딱 좋은 크기예요. 다음에도 살 것 같아요.,0,2026-07-10 15:57:06
1059,4,별이에게 주려고 물을 잘 안 마시는 편이라 신경 쓰였어요. 잘 먹어서 다행이에요. 바삭해서 손에 묻지 않아요. 우유 알레르기가 있어 원료를 하나하나 확인하고 샀어요. 다음에도 살 것 같아요.,0,2026-06-03 23:03:16
1060,5,별이에게 주려고 산책 뒤에 다리를 아껴주고 싶었어요. 봉지 소리만 나도 달려옵니다. 한창때라 그런지 급여량이 넉넉히 필요해요. 주변에도 추천하고 있어요.,0,2026-08-05 08:17:03
1061,4,별이에게 주려고 산책 뒤에 다리를 아껴주고 싶었어요. 잘 먹어서 다행이에요. 부드러워서 잘 넘겨요. 작은 아이 입에도 부담이 없어요. 우유 알레르기가 있어 원료를 하나하나 확인하고 샀어요. 다음에도 살 것 같아요.,0,2026-07-02 01:01:38
1062,3,별이에게 주려고 관절이 약해 보여 걱정이었어요. 그럭저럭 먹는 편이에요. 작은 아이 입에도 부담이 없어요. 한창때라 그런지 급여량이 넉넉히 필요해요. 가격을 보고 재구매를 정하려고요.,0,2026-06-22 12:58:54
1063,1,봄이에게 주려고 산책 뒤에 다리를 아껴주고 싶었어요. 거의 입도 안 댔어요. 알갱이가 단단해 오래 씹어요. 작은 아이 입에도 부담이 없어요. 다른 제품을 다시 찾아봐야겠어요.,0,2026-05-07 18:45:57
1064,4,봄이에게 주려고 수제라 믿음이 가서 골랐어요. 잘 먹어서 다행이에요. 한창때라 그런지 급여량이 넉넉히 필요해요. 다음에도 살 것 같아요.,0,2026-05-16 19:52:58
1065,1,봄이에게 주려고 살이 붙어서 고민하다 골랐어요. 냄새만 맡고 돌아서네요. 가볍고 부스러기가 적어요. 작은 아이 입에도 부담이 없어요. 재구매는 어려울 것 같아요.,0,2026-06-01 04:31:09
1066,5,달이에게 주려고 살이 붙어서 고민하다 골랐어요. 정신없이 먹어요. 아직 어려서 조금씩 나눠 급여하고 있어요. 대구이 들어간 걸 먹으면 긁어서 성분표부터 봤습니다. 바로 재구매했습니다.,0,2025-06-09 04:39:17
1067,4,달이에게 주려고 관절이 약해 보여 걱정이었어요. 그릇을 비우는 걸 보니 마음이 놓여요. 아직 어려서 조금씩 나눠 급여하고 있어요. 떨어지면 다시 주문하려고요.,0,2025-08-14 18:45:17
1068,3,달이에게 주려고 산책 뒤에 다리를 아껴주고 싶었어요. 그럭저럭 먹는 편이에요. 수분이 많아 물 대신 챙겨주기 좋아요. 작은 아이 입에도 부담이 없어요. 가격을 보고 재구매를 정하려고요.,0,2025-09-11 01:37:51
1069,5,달이에게 주려고 털 상태가 계속 신경 쓰였어요. 봉지 소리만 나도 달려옵니다. 작은 아이 입에도 부담이 없어요. 대구 알레르기가 있어 원료를 하나하나 확인하고 샀어요. 주변에도 추천하고 있어요.,0,2026-08-01 19:33:25
1070,5,라떼에게 주려고 물을 잘 안 마시는 편이라 신경 쓰였어요. 정신없이 먹어요. 덩치가 있어 양이 금방 줄어요. 한창때라 그런지 급여량이 넉넉히 필요해요. 새우이 들어간 걸 먹으면 긁어서 성분표부터 봤습니다. 주변에도 추천하고 있어요.,0,2025-10-07 03:14:06
1071,2,라떼에게 주려고 산책 뒤에 다리를 아껴주고 싶었어요. 처음엔 먹다가 금방 남기더라고요. 덩치가 있어 양이 금방 줄어요. 새우이 들어간 걸 먹으면 긁어서 성분표부터 봤습니다. 재구매는 조금 더 고민해보려고요.,0,2026-01-18 05:00:34
1072,5,라떼에게 주려고 치석이 껴서 알아보다 샀어요. 봉지 소리만 나도 달려옵니다. 새우 알레르기가 있어 원료를 하나하나 확인하고 샀어요. 바로 재구매했습니다.,0,2026-01-20 16:44:23
1073,3,라떼에게 주려고 먹던 사료가 안 맞는 것 같아 바꿔봤어요. 주면 먹기는 하는데 열광하진 않아요. 수분이 많아 물 대신 챙겨주기 좋아요. 새우 알레르기가 있어 원료를 하나하나 확인하고 샀어요. 가격을 보고 재구매를 정하려고요.,0,2026-02-23 13:05:27
1074,3,라떼에게 주려고 간식으로 하나 들여봤어요. 그럭저럭 먹는 편이에요. 한창때라 그런지 급여량이 넉넉히 필요해요. 새우 알레르기가 있어 원료를 하나하나 확인하고 샀어요. 가격을 보고 재구매를 정하려고요.,0,2026-04-20 02:43:49
1075,4,라떼에게 주려고 피부를 자꾸 긁어서 찾아봤어요. 그릇을 비우는 걸 보니 마음이 놓여요. 새우이 들어간 걸 먹으면 긁어서 성분표부터 봤습니다. 다음에도 살 것 같아요.,0,2026-07-21 14:34:05
1076,4,라떼에게 주려고 털 상태가 계속 신경 쓰였어요. 그릇을 비우는 걸 보니 마음이 놓여요. 떨어지면 다시 주문하려고요.,0,2026-06-25 01:55:41
1077,4,라떼에게 주려고 새로운 간식을 찾다가 골랐어요. 잘 먹어서 다행이에요. 둘 다 먹일 수 있어 편해요. 덩치가 있어 양이 금방 줄어요. 새우이 들어간 걸 먹으면 긁어서 성분표부터 봤습니다. 다음에도 살 것 같아요.,0,2026-06-29 16:48:49
1078,1,콩이에게 주려고 산책 뒤에 다리를 아껴주고 싶었어요. 거의 입도 안 댔어요. 보관이 편한 점이 좋아요. 한 번에 먹기 딱 좋은 크기예요. 나이가 있어 부드러운 쪽을 신경 쓰게 되네요. 재구매는 어려울 것 같아요.,0,2026-08-12 14:41:28
1079,5,콩이에게 주려고 치석이 껴서 알아보다 샀어요. 정신없이 먹어요. 알갱이가 단단해 오래 씹어요. 한 번에 먹기 딱 좋은 크기예요. 바로 재구매했습니다.,0,2026-07-24 21:56:30
1080,5,콩이에게 주려고 살이 붙어서 고민하다 골랐어요. 봉지 소리만 나도 달려옵니다. 치즈이 들어간 걸 먹으면 긁어서 성분표부터 봤습니다. 바로 재구매했습니다.,0,2026-08-19 19:15:33
1081,5,콩이에게 주려고 체중 관리가 필요하다고 해서요. 봉지 소리만 나도 달려옵니다. 바로 재구매했습니다.,0,2026-06-04 08:54:41
1082,3,똘이에게 주려고 소화가 편한 걸 고르고 싶었어요. 주면 먹기는 하는데 열광하진 않아요. 부드러워서 잘 넘겨요. 한 번에 먹기 딱 좋은 크기예요. 무난해서 당분간은 이걸로 갑니다.,0,2026-07-11 22:04:11
1083,2,똘이에게 주려고 관절이 약해 보여 걱정이었어요. 처음엔 먹다가 금방 남기더라고요. 보리이 들어간 걸 먹으면 긁어서 성분표부터 봤습니다. 재구매는 조금 더 고민해보려고요.,0,2026-07-18 21:40:11
1084,4,똘이에게 주려고 피부를 자꾸 긁어서 찾아봤어요. 잘 먹어서 다행이에요. 한 번에 먹기 딱 좋은 크기예요. 보리이 들어간 걸 먹으면 긁어서 성분표부터 봤습니다. 다음에도 살 것 같아요.,0,2026-05-16 04:34:35
1085,5,똘이에게 주려고 수제라 믿음이 가서 골랐어요. 정신없이 먹어요. 바삭해서 손에 묻지 않아요. 한 번에 먹기 딱 좋은 크기예요. 보리 알레르기가 있어 원료를 하나하나 확인하고 샀어요. 주변에도 추천하고 있어요.,0,2026-06-12 17:27:24
1086,5,똘이에게 주려고 관절이 약해 보여 걱정이었어요. 봉지 소리만 나도 달려옵니다. 한 번에 먹기 딱 좋은 크기예요. 주변에도 추천하고 있어요.,0,2026-05-26 09:23:32
1087,4,똘이에게 주려고 털 상태가 계속 신경 쓰였어요. 잘 먹어서 다행이에요. 한 번에 먹기 딱 좋은 크기예요. 보리 알레르기가 있어 원료를 하나하나 확인하고 샀어요. 다음에도 살 것 같아요.,0,2026-07-02 09:32:46
1088,1,떡볶이에게 주려고 체중 관리가 필요하다고 해서요. 냄새만 맡고 돌아서네요. 보관이 편한 점이 좋아요. 한창때라 그런지 급여량이 넉넉히 필요해요. 다른 제품을 다시 찾아봐야겠어요.,0,2025-12-30 16:59:43
1089,2,떡볶이에게 주려고 물을 잘 안 마시는 편이라 신경 쓰였어요. 억지로 먹이는 느낌이라 아쉬워요. 알갱이가 단단해 오래 씹어요. 작은 아이 입에도 부담이 없어요. 한창때라 그런지 급여량이 넉넉히 필요해요. 재구매는 조금 더 고민해보려고요.,0,2026-08-22 17:41:04
1090,4,떡볶이에게 주려고 먹던 사료가 안 맞는 것 같아 바꿔봤어요. 잘 먹어서 다행이에요. 작은 아이 입에도 부담이 없어요. 한창때라 그런지 급여량이 넉넉히 필요해요. 다음에도 살 것 같아요.,0,2026-06-07 06:02:11
1091,5,해피에게 주려고 털 상태가 계속 신경 쓰였어요. 정신없이 먹어요. 알갱이가 단단해 오래 씹어요. 게 알레르기가 있어 원료를 하나하나 확인하고 샀어요. 바로 재구매했습니다.,0,2026-05-19 20:31:57
1092,4,해피에게 주려고 신장 수치가 걱정돼서요. 잘 먹어서 다행이에요. 덩치가 있어 양이 금방 줄어요. 게 알레르기가 있어 원료를 하나하나 확인하고 샀어요. 떨어지면 다시 주문하려고요.,0,2026-07-01 23:43:17
1093,5,베리에게 주려고 새로운 간식을 찾다가 골랐어요. 정신없이 먹어요. 바삭해서 손에 묻지 않아요. 보리이 들어간 걸 먹으면 긁어서 성분표부터 봤습니다. 주변에도 추천하고 있어요.,0,2026-06-07 09:30:53
1094,4,베리에게 주려고 양치를 싫어해서 대신할 걸 찾았어요. 잘 먹어서 다행이에요. 가볍고 부스러기가 적어요. 보리이 들어간 걸 먹으면 긁어서 성분표부터 봤습니다. 다음에도 살 것 같아요.,0,2026-08-10 12:22:22
1095,1,방울에게 주려고 신장 수치가 걱정돼서요. 거의 입도 안 댔어요. 부드러워서 잘 넘겨요. 작은 아이 입에도 부담이 없어요. 다른 제품을 다시 찾아봐야겠어요.,0,2026-07-06 21:57:25
1096,5,방울에게 주려고 훈련 보상용으로 샀어요. 봉지 소리만 나도 달려옵니다. 바삭해서 손에 묻지 않아요. 한창때라 그런지 급여량이 넉넉히 필요해요. 주변에도 추천하고 있어요.,0,2026-08-01 09:22:24
1097,4,방울에게 주려고 털 상태가 계속 신경 쓰였어요. 잘 먹어서 다행이에요. 알갱이가 단단해 오래 씹어요. 작은 아이 입에도 부담이 없어요. 떨어지면 다시 주문하려고요.,0,2026-07-10 09:19:48
1098,5,방울에게 주려고 주식을 바꿔볼까 해서 골랐어요. 정신없이 먹어요. 작은 아이 입에도 부담이 없어요. 바로 재구매했습니다.,0,2026-06-24 19:41:14
1099,5,방울에게 주려고 피부를 자꾸 긁어서 찾아봤어요. 정신없이 먹어요. 한 봉지로 같이 먹입니다. 바로 재구매했습니다.,0,2026-06-20 13:07:18
1100,5,방울에게 주려고 속이 자주 안 좋아서 찾아봤어요. 정신없이 먹어요. 한창때라 그런지 급여량이 넉넉히 필요해요. 주변에도 추천하고 있어요.,0,2026-07-25 00:40:25
1101,4,콩이에게 주려고 체중 관리가 필요하다고 해서요. 잘 먹어서 다행이에요. 작은 아이 입에도 부담이 없어요. 다음에도 살 것 같아요.,0,2025-12-03 10:05:53
1102,5,콩이에게 주려고 관절이 약해 보여 걱정이었어요. 봉지 소리만 나도 달려옵니다. 바삭해서 손에 묻지 않아요. 한창때라 그런지 급여량이 넉넉히 필요해요. 주변에도 추천하고 있어요.,0,2026-03-17 01:57:59
1103,5,콩이에게 주려고 산책 뒤에 다리를 아껴주고 싶었어요. 정신없이 먹어요. 작은 아이 입에도 부담이 없어요. 한창때라 그런지 급여량이 넉넉히 필요해요. 바로 재구매했습니다.,0,2026-08-19 21:47:51
1104,4,콩이에게 주려고 소화가 편한 걸 고르고 싶었어요. 잘 먹어서 다행이에요. 알갱이가 단단해 오래 씹어요. 작은 아이 입에도 부담이 없어요. 다음에도 살 것 같아요.,0,2026-05-02 07:23:43
1105,3,삐삐에게 주려고 체중 관리가 필요하다고 해서요. 그럭저럭 먹는 편이에요. 둘 다 먹일 수 있어 편해요. 무난해서 당분간은 이걸로 갑니다.,0,2025-09-27 01:59:43
1106,4,삐삐에게 주려고 산책 뒤에 다리를 아껴주고 싶었어요. 잘 먹어서 다행이에요. 한창때라 그런지 급여량이 넉넉히 필요해요. 다음에도 살 것 같아요.,0,2025-12-22 04:22:29
1107,2,삐삐에게 주려고 양치를 싫어해서 대신할 걸 찾았어요. 처음엔 먹다가 금방 남기더라고요. 한 봉지로 같이 먹입니다. 한창때라 그런지 급여량이 넉넉히 필요해요. 재구매는 조금 더 고민해보려고요.,0,2026-02-26 11:34:45
1108,4,삐삐에게 주려고 살이 붙어서 고민하다 골랐어요. 그릇을 비우는 걸 보니 마음이 놓여요. 한창때라 그런지 급여량이 넉넉히 필요해요. 떨어지면 다시 주문하려고요.,0,2026-05-19 19:47:47
1109,3,모카에게 주려고 물을 잘 안 마시는 편이라 신경 쓰였어요. 그럭저럭 먹는 편이에요. 한 번에 먹기 딱 좋은 크기예요. 한창때라 그런지 급여량이 넉넉히 필요해요. 무난해서 당분간은 이걸로 갑니다.,0,2025-12-10 16:07:37
1110,3,모카에게 주려고 피부를 자꾸 긁어서 찾아봤어요. 주면 먹기는 하는데 열광하진 않아요. 신선한 느낌이 들어요. 가격을 보고 재구매를 정하려고요.,0,2026-06-06 06:28:31
1111,4,감자에게 주려고 양치를 싫어해서 대신할 걸 찾았어요. 그릇을 비우는 걸 보니 마음이 놓여요. 떨어지면 다시 주문하려고요.,0,2025-10-14 15:28:10
1112,4,감자에게 주려고 산책 뒤에 다리를 아껴주고 싶었어요. 그릇을 비우는 걸 보니 마음이 놓여요. 가볍고 부스러기가 적어요. 다음에도 살 것 같아요.,0,2026-07-08 19:36:18
1113,3,감자에게 주려고 먹던 사료가 안 맞는 것 같아 바꿔봤어요. 주면 먹기는 하는데 열광하진 않아요. 보관이 편한 점이 좋아요. 덩치가 있어 양이 금방 줄어요. 한창때라 그런지 급여량이 넉넉히 필요해요. 무난해서 당분간은 이걸로 갑니다.,0,2026-08-06 06:42:51
1114,3,감자에게 주려고 새로운 간식을 찾다가 골랐어요. 그럭저럭 먹는 편이에요. 가볍고 부스러기가 적어요. 한창때라 그런지 급여량이 넉넉히 필요해요. 가격을 보고 재구매를 정하려고요.,0,2026-05-06 16:16:10
1115,5,감자에게 주려고 새로운 간식을 찾다가 골랐어요. 봉지 소리만 나도 달려옵니다. 덩치가 있어 양이 금방 줄어요. 바로 재구매했습니다.,0,2026-01-29 09:29:59
1116,5,감자에게 주려고 체중 관리가 필요하다고 해서요. 봉지 소리만 나도 달려옵니다. 보관이 편한 점이 좋아요. 한창때라 그런지 급여량이 넉넉히 필요해요. 주변에도 추천하고 있어요.,0,2025-09-16 06:33:57
1117,3,감자에게 주려고 소화가 편한 걸 고르고 싶었어요. 주면 먹기는 하는데 열광하진 않아요. 부드러워서 잘 넘겨요. 한창때라 그런지 급여량이 넉넉히 필요해요. 무난해서 당분간은 이걸로 갑니다.,0,2026-01-29 23:31:53
1118,4,감자에게 주려고 주식을 바꿔볼까 해서 골랐어요. 그릇을 비우는 걸 보니 마음이 놓여요. 보관이 편한 점이 좋아요. 덩치가 있어 양이 금방 줄어요. 다음에도 살 것 같아요.,0,2026-05-01 15:01:33
1119,5,나비에게 주려고 수제라 믿음이 가서 골랐어요. 봉지 소리만 나도 달려옵니다. 덩치가 있어 양이 금방 줄어요. 주변에도 추천하고 있어요.,0,2026-06-03 12:40:29
1120,3,나비에게 주려고 피부를 자꾸 긁어서 찾아봤어요. 그럭저럭 먹는 편이에요. 알갱이가 단단해 오래 씹어요. 덩치가 있어 양이 금방 줄어요. 나이가 있어 부드러운 쪽을 신경 쓰게 되네요. 무난해서 당분간은 이걸로 갑니다.,0,2026-04-25 10:57:04
1121,5,나비에게 주려고 체중 관리가 필요하다고 해서요. 봉지 소리만 나도 달려옵니다. 덩치가 있어 양이 금방 줄어요. 바로 재구매했습니다.,0,2026-05-17 09:34:19
1122,1,나비에게 주려고 산책 뒤에 다리를 아껴주고 싶었어요. 냄새만 맡고 돌아서네요. 보관이 편한 점이 좋아요. 재구매는 어려울 것 같아요.,0,2026-05-19 01:00:03
1123,4,나비에게 주려고 치석이 껴서 알아보다 샀어요. 잘 먹어서 다행이에요. 보관이 편한 점이 좋아요. 덩치가 있어 양이 금방 줄어요. 다음에도 살 것 같아요.,0,2026-05-25 14:53:25
1124,4,나비에게 주려고 체중 관리가 필요하다고 해서요. 그릇을 비우는 걸 보니 마음이 놓여요. 알갱이가 단단해 오래 씹어요. 떨어지면 다시 주문하려고요.,0,2026-08-11 20:21:40
1125,5,두부에게 주려고 새로운 간식을 찾다가 골랐어요. 정신없이 먹어요. 한창때라 그런지 급여량이 넉넉히 필요해요. 바로 재구매했습니다.,0,2026-07-17 06:38:35
1126,5,두부에게 주려고 먹던 사료가 안 맞는 것 같아 바꿔봤어요. 봉지 소리만 나도 달려옵니다. 알갱이가 단단해 오래 씹어요. 덩치가 있어 양이 금방 줄어요. 바로 재구매했습니다.,0,2026-08-16 19:21:37
1127,4,두부에게 주려고 훈련 보상용으로 샀어요. 그릇을 비우는 걸 보니 마음이 놓여요. 덩치가 있어 양이 금방 줄어요. 한창때라 그런지 급여량이 넉넉히 필요해요. 떨어지면 다시 주문하려고요.,0,2026-06-18 08:42:27
1128,5,두부에게 주려고 새로운 간식을 찾다가 골랐어요. 정신없이 먹어요. 바로 재구매했습니다.,0,2025-09-14 23:57:39
1129,5,두부에게 주려고 피부를 자꾸 긁어서 찾아봤어요. 봉지 소리만 나도 달려옵니다. 덩치가 있어 양이 금방 줄어요. 한창때라 그런지 급여량이 넉넉히 필요해요. 주변에도 추천하고 있어요.,0,2026-02-22 19:51:03
1130,5,두부에게 주려고 산책 뒤에 다리를 아껴주고 싶었어요. 봉지 소리만 나도 달려옵니다. 알갱이가 단단해 오래 씹어요. 바로 재구매했습니다.,0,2026-07-10 05:21:58
1131,2,방울에게 주려고 주식을 바꿔볼까 해서 골랐어요. 억지로 먹이는 느낌이라 아쉬워요. 보관이 편한 점이 좋아요. 한 번에 먹기 딱 좋은 크기예요. 재구매는 조금 더 고민해보려고요.,0,2026-07-26 12:00:51
1132,1,방울에게 주려고 털 상태가 계속 신경 쓰였어요. 거의 입도 안 댔어요. 가볍고 부스러기가 적어요. 재구매는 어려울 것 같아요.,0,2026-06-22 13:55:56
1133,3,탄이에게 주려고 수제라 믿음이 가서 골랐어요. 주면 먹기는 하는데 열광하진 않아요. 가볍고 부스러기가 적어요. 가격을 보고 재구매를 정하려고요.,0,2026-05-08 13:15:12
1134,1,탄이에게 주려고 속이 자주 안 좋아서 찾아봤어요. 냄새만 맡고 돌아서네요. 한 봉지로 같이 먹입니다. 한창때라 그런지 급여량이 넉넉히 필요해요. 다른 제품을 다시 찾아봐야겠어요.,0,2026-05-22 13:27:33
1135,5,탄이에게 주려고 피부를 자꾸 긁어서 찾아봤어요. 봉지 소리만 나도 달려옵니다. 부드러워서 잘 넘겨요. 주변에도 추천하고 있어요.,0,2026-07-06 03:21:44
1136,5,탄이에게 주려고 먹던 사료가 안 맞는 것 같아 바꿔봤어요. 봉지 소리만 나도 달려옵니다. 작은 아이 입에도 부담이 없어요. 주변에도 추천하고 있어요.,0,2026-08-08 06:19:41
1137,4,먼지에게 주려고 체중 관리가 필요하다고 해서요. 잘 먹어서 다행이에요. 떨어지면 다시 주문하려고요.,0,2026-05-23 22:31:44
1138,2,먼지에게 주려고 속이 자주 안 좋아서 찾아봤어요. 억지로 먹이는 느낌이라 아쉬워요. 가볍고 부스러기가 적어요. 작은 아이 입에도 부담이 없어요. 나이가 있어 부드러운 쪽을 신경 쓰게 되네요. 재구매는 조금 더 고민해보려고요.,0,2026-05-28 10:20:23
1139,5,먼지에게 주려고 피부를 자꾸 긁어서 찾아봤어요. 정신없이 먹어요. 보관이 편한 점이 좋아요. 바로 재구매했습니다.,0,2026-02-13 05:44:41
1140,5,먼지에게 주려고 소화가 편한 걸 고르고 싶었어요. 봉지 소리만 나도 달려옵니다. 가볍고 부스러기가 적어요. 감자이 들어간 걸 먹으면 긁어서 성분표부터 봤습니다. 바로 재구매했습니다.,0,2026-05-20 09:50:14
1141,3,호두에게 주려고 털 상태가 계속 신경 쓰였어요. 주면 먹기는 하는데 열광하진 않아요. 알갱이가 단단해 오래 씹어요. 한창때라 그런지 급여량이 넉넉히 필요해요. 가격을 보고 재구매를 정하려고요.,0,2026-05-30 13:33:24
1142,5,호두에게 주려고 주식을 바꿔볼까 해서 골랐어요. 봉지 소리만 나도 달려옵니다. 부드러워서 잘 넘겨요. 주변에도 추천하고 있어요.,0,2025-07-20 15:37:28
1143,5,호두에게 주려고 피부를 자꾸 긁어서 찾아봤어요. 정신없이 먹어요. 한 번에 먹기 딱 좋은 크기예요. 바로 재구매했습니다.,0,2026-08-08 19:50:20
1144,3,별이에게 주려고 속이 자주 안 좋아서 찾아봤어요. 그럭저럭 먹는 편이에요. 부드러워서 잘 넘겨요. 무난해서 당분간은 이걸로 갑니다.,0,2026-08-14 04:53:58
1145,5,별이에게 주려고 살이 붙어서 고민하다 골랐어요. 봉지 소리만 나도 달려옵니다. 수분이 많아 물 대신 챙겨주기 좋아요. 주변에도 추천하고 있어요.,0,2026-08-12 13:29:35
1146,1,별이에게 주려고 물을 잘 안 마시는 편이라 신경 쓰였어요. 냄새만 맡고 돌아서네요. 다른 제품을 다시 찾아봐야겠어요.,0,2026-08-03 00:54:14
1147,1,별이에게 주려고 살이 붙어서 고민하다 골랐어요. 냄새만 맡고 돌아서네요. 한창때라 그런지 급여량이 넉넉히 필요해요. 다른 제품을 다시 찾아봐야겠어요.,0,2026-07-28 16:47:51
1148,2,별이에게 주려고 살이 붙어서 고민하다 골랐어요. 처음엔 먹다가 금방 남기더라고요. 한창때라 그런지 급여량이 넉넉히 필요해요. 한 번 더 줘보고 결정하려 합니다.,0,2026-07-27 06:20:29
1149,4,별이에게 주려고 산책 뒤에 다리를 아껴주고 싶었어요. 그릇을 비우는 걸 보니 마음이 놓여요. 부드러워서 잘 넘겨요. 작은 아이 입에도 부담이 없어요. 다음에도 살 것 같아요.,0,2026-07-24 16:06:53
1150,4,방울에게 주려고 첨가물이 적은 걸 찾다가 샀어요. 잘 먹어서 다행이에요. 한 번에 먹기 딱 좋은 크기예요. 우유 알레르기가 있어 원료를 하나하나 확인하고 샀어요. 다음에도 살 것 같아요.,0,2026-05-25 19:44:10
1151,5,방울에게 주려고 치석이 껴서 알아보다 샀어요. 봉지 소리만 나도 달려옵니다. 한 번에 먹기 딱 좋은 크기예요. 우유 알레르기가 있어 원료를 하나하나 확인하고 샀어요. 주변에도 추천하고 있어요.,0,2026-05-24 04:08:28
1152,5,방울에게 주려고 관절이 약해 보여 걱정이었어요. 봉지 소리만 나도 달려옵니다. 알갱이가 단단해 오래 씹어요. 한 번에 먹기 딱 좋은 크기예요. 바로 재구매했습니다.,0,2026-06-01 16:27:18
1153,4,구름에게 주려고 털 상태가 계속 신경 쓰였어요. 그릇을 비우는 걸 보니 마음이 놓여요. 보관이 편한 점이 좋아요. 떨어지면 다시 주문하려고요.,0,2026-05-06 11:03:33
1154,4,구름에게 주려고 관절이 약해 보여 걱정이었어요. 잘 먹어서 다행이에요. 한창때라 그런지 급여량이 넉넉히 필요해요. 떨어지면 다시 주문하려고요.,0,2026-08-11 08:11:52
1155,5,구름에게 주려고 산책 뒤에 다리를 아껴주고 싶었어요. 정신없이 먹어요. 보관이 편한 점이 좋아요. 주변에도 추천하고 있어요.,0,2026-08-19 19:11:41
1156,4,구름에게 주려고 소화가 편한 걸 고르고 싶었어요. 그릇을 비우는 걸 보니 마음이 놓여요. 보관이 편한 점이 좋아요. 다음에도 살 것 같아요.,0,2026-04-22 04:17:30
1157,4,설이에게 주려고 주식을 바꿔볼까 해서 골랐어요. 잘 먹어서 다행이에요. 알갱이가 단단해 오래 씹어요. 한창때라 그런지 급여량이 넉넉히 필요해요. 다음에도 살 것 같아요.,0,2026-06-12 22:56:32
1158,4,설이에게 주려고 주식을 바꿔볼까 해서 골랐어요. 잘 먹어서 다행이에요. 덩치가 있어 양이 금방 줄어요. 다음에도 살 것 같아요.,0,2026-07-25 07:15:53
1159,4,설이에게 주려고 피부를 자꾸 긁어서 찾아봤어요. 그릇을 비우는 걸 보니 마음이 놓여요. 한창때라 그런지 급여량이 넉넉히 필요해요. 떨어지면 다시 주문하려고요.,0,2026-06-29 22:14:32
1160,4,설이에게 주려고 신장 수치가 걱정돼서요. 잘 먹어서 다행이에요. 덩치가 있어 양이 금방 줄어요. 떨어지면 다시 주문하려고요.,0,2026-07-05 21:15:36
1161,4,설이에게 주려고 물을 잘 안 마시는 편이라 신경 쓰였어요. 그릇을 비우는 걸 보니 마음이 놓여요. 신선한 느낌이 들어요. 덩치가 있어 양이 금방 줄어요. 다음에도 살 것 같아요.,0,2026-07-09 01:06:38
1162,5,설이에게 주려고 수제라 믿음이 가서 골랐어요. 정신없이 먹어요. 보관이 편한 점이 좋아요. 한창때라 그런지 급여량이 넉넉히 필요해요. 바로 재구매했습니다.,0,2026-07-17 14:18:08
1163,5,설이에게 주려고 살이 붙어서 고민하다 골랐어요. 봉지 소리만 나도 달려옵니다. 둘 다 먹일 수 있어 편해요. 덩치가 있어 양이 금방 줄어요. 한창때라 그런지 급여량이 넉넉히 필요해요. 바로 재구매했습니다.,0,2026-08-04 06:03:18
1164,5,설이에게 주려고 산책 뒤에 다리를 아껴주고 싶었어요. 정신없이 먹어요. 덩치가 있어 양이 금방 줄어요. 주변에도 추천하고 있어요.,0,2026-08-11 01:21:50
1165,1,먼지에게 주려고 물을 잘 안 마시는 편이라 신경 쓰였어요. 냄새만 맡고 돌아서네요. 보관이 편한 점이 좋아요. 도라지이 들어간 걸 먹으면 긁어서 성분표부터 봤습니다. 다른 제품을 다시 찾아봐야겠어요.,0,2026-08-25 04:57:06
1166,5,먼지에게 주려고 양치를 싫어해서 대신할 걸 찾았어요. 봉지 소리만 나도 달려옵니다. 한 봉지로 같이 먹입니다. 한창때라 그런지 급여량이 넉넉히 필요해요. 바로 재구매했습니다.,0,2025-10-12 01:46:56
1167,3,먼지에게 주려고 산책 뒤에 다리를 아껴주고 싶었어요. 주면 먹기는 하는데 열광하진 않아요. 도라지이 들어간 걸 먹으면 긁어서 성분표부터 봤습니다. 가격을 보고 재구매를 정하려고요.,0,2026-01-25 07:16:14
1168,5,감자에게 주려고 첨가물이 적은 걸 찾다가 샀어요. 정신없이 먹어요. 한창때라 그런지 급여량이 넉넉히 필요해요. 주변에도 추천하고 있어요.,0,2026-06-30 19:02:27
1169,5,감자에게 주려고 털 상태가 계속 신경 쓰였어요. 봉지 소리만 나도 달려옵니다. 알갱이가 단단해 오래 씹어요. 한창때라 그런지 급여량이 넉넉히 필요해요. 주변에도 추천하고 있어요.,0,2026-03-12 23:24:02
1170,4,삐삐에게 주려고 주식을 바꿔볼까 해서 골랐어요. 잘 먹어서 다행이에요. 부드러워서 잘 넘겨요. 작은 아이 입에도 부담이 없어요. 다음에도 살 것 같아요.,0,2026-05-20 04:20:54
1171,3,삐삐에게 주려고 털 상태가 계속 신경 쓰였어요. 주면 먹기는 하는데 열광하진 않아요. 바삭해서 손에 묻지 않아요. 무난해서 당분간은 이걸로 갑니다.,0,2026-08-12 01:23:04
1172,3,슈슈에게 주려고 물을 잘 안 마시는 편이라 신경 쓰였어요. 주면 먹기는 하는데 열광하진 않아요. 참치이 들어간 걸 먹으면 긁어서 성분표부터 봤습니다. 무난해서 당분간은 이걸로 갑니다.,0,2026-08-17 03:43:16
1173,4,슈슈에게 주려고 관절이 약해 보여 걱정이었어요. 잘 먹어서 다행이에요. 한 번에 먹기 딱 좋은 크기예요. 참치 알레르기가 있어 원료를 하나하나 확인하고 샀어요. 떨어지면 다시 주문하려고요.,0,2026-04-04 21:13:46
1174,5,슈슈에게 주려고 먹던 사료가 안 맞는 것 같아 바꿔봤어요. 봉지 소리만 나도 달려옵니다. 한창때라 그런지 급여량이 넉넉히 필요해요. 참치 알레르기가 있어 원료를 하나하나 확인하고 샀어요. 바로 재구매했습니다.,0,2026-02-08 18:57:03
1175,4,슈슈에게 주려고 털 상태가 계속 신경 쓰였어요. 잘 먹어서 다행이에요. 떨어지면 다시 주문하려고요.,0,2026-03-17 19:30:01
1176,5,슈슈에게 주려고 속이 자주 안 좋아서 찾아봤어요. 정신없이 먹어요. 한창때라 그런지 급여량이 넉넉히 필요해요. 주변에도 추천하고 있어요.,0,2026-04-17 06:35:01
1177,4,슈슈에게 주려고 훈련 보상용으로 샀어요. 잘 먹어서 다행이에요. 가볍고 부스러기가 적어요. 한창때라 그런지 급여량이 넉넉히 필요해요. 참치이 들어간 걸 먹으면 긁어서 성분표부터 봤습니다. 떨어지면 다시 주문하려고요.,0,2026-04-21 07:05:29
1178,5,순이에게 주려고 양치를 싫어해서 대신할 걸 찾았어요. 정신없이 먹어요. 알갱이가 단단해 오래 씹어요. 주변에도 추천하고 있어요.,0,2026-03-13 00:55:54
1179,3,가을에게 주려고 주식을 바꿔볼까 해서 골랐어요. 주면 먹기는 하는데 열광하진 않아요. 한 번에 먹기 딱 좋은 크기예요. 무난해서 당분간은 이걸로 갑니다.,0,2025-12-01 20:57:13
1180,5,가을에게 주려고 훈련 보상용으로 샀어요. 봉지 소리만 나도 달려옵니다. 견과류 알레르기가 있어 원료를 하나하나 확인하고 샀어요. 주변에도 추천하고 있어요.,0,2026-03-05 17:54:34
1181,5,가을에게 주려고 체중 관리가 필요하다고 해서요. 정신없이 먹어요. 신선한 느낌이 들어요. 한 번에 먹기 딱 좋은 크기예요. 견과류 알레르기가 있어 원료를 하나하나 확인하고 샀어요. 주변에도 추천하고 있어요.,0,2026-05-12 11:57:17
1182,3,감자에게 주려고 속이 자주 안 좋아서 찾아봤어요. 그럭저럭 먹는 편이에요. 덩치가 있어 양이 금방 줄어요. 한창때라 그런지 급여량이 넉넉히 필요해요. 가격을 보고 재구매를 정하려고요.,0,2026-05-13 08:50:55
1183,5,감자에게 주려고 산책 뒤에 다리를 아껴주고 싶었어요. 정신없이 먹어요. 덩치가 있어 양이 금방 줄어요. 바로 재구매했습니다.,0,2026-05-24 14:59:36
1184,4,감자에게 주려고 신장 수치가 걱정돼서요. 그릇을 비우는 걸 보니 마음이 놓여요. 보관이 편한 점이 좋아요. 덩치가 있어 양이 금방 줄어요. 다음에도 살 것 같아요.,0,2026-06-03 19:40:35
1185,4,감자에게 주려고 먹던 사료가 안 맞는 것 같아 바꿔봤어요. 잘 먹어서 다행이에요. 덩치가 있어 양이 금방 줄어요. 떨어지면 다시 주문하려고요.,0,2026-06-09 20:35:14
1186,4,감자에게 주려고 새로운 간식을 찾다가 골랐어요. 잘 먹어서 다행이에요. 다음에도 살 것 같아요.,0,2026-06-14 03:34:46
1187,3,감자에게 주려고 털 상태가 계속 신경 쓰였어요. 주면 먹기는 하는데 열광하진 않아요. 한창때라 그런지 급여량이 넉넉히 필요해요. 가격을 보고 재구매를 정하려고요.,0,2026-06-25 11:28:11
1188,4,감자에게 주려고 체중 관리가 필요하다고 해서요. 잘 먹어서 다행이에요. 알갱이가 단단해 오래 씹어요. 한창때라 그런지 급여량이 넉넉히 필요해요. 다음에도 살 것 같아요.,0,2026-06-30 02:22:51
1189,4,감자에게 주려고 수제라 믿음이 가서 골랐어요. 잘 먹어서 다행이에요. 덩치가 있어 양이 금방 줄어요. 떨어지면 다시 주문하려고요.,0,2026-07-18 05:10:56
1190,4,달이에게 주려고 소화가 편한 걸 고르고 싶었어요. 그릇을 비우는 걸 보니 마음이 놓여요. 떨어지면 다시 주문하려고요.,0,2026-06-29 10:37:58
1191,3,달이에게 주려고 산책 뒤에 다리를 아껴주고 싶었어요. 그럭저럭 먹는 편이에요. 바삭해서 손에 묻지 않아요. 작은 아이 입에도 부담이 없어요. 한창때라 그런지 급여량이 넉넉히 필요해요. 계란이 들어간 걸 먹으면 긁어서 성분표부터 봤습니다. 가격을 보고 재구매를 정하려고요.,0,2026-02-25 02:06:37
1192,4,달이에게 주려고 소화가 편한 걸 고르고 싶었어요. 잘 먹어서 다행이에요. 다음에도 살 것 같아요.,0,2026-04-17 15:10:48
1193,5,망고에게 주려고 살이 붙어서 고민하다 골랐어요. 봉지 소리만 나도 달려옵니다. 알갱이가 단단해 오래 씹어요. 입이 작은 아이인데 알맞은 크기예요. 한창때라 그런지 급여량이 넉넉히 필요해요. 주변에도 추천하고 있어요.,0,2026-08-24 21:37:04
1194,1,쿠키에게 주려고 속이 자주 안 좋아서 찾아봤어요. 거의 입도 안 댔어요. 한 번에 먹기 딱 좋은 크기예요. 나이가 있어 부드러운 쪽을 신경 쓰게 되네요. 완두 알레르기가 있어 원료를 하나하나 확인하고 샀어요. 다른 제품을 다시 찾아봐야겠어요.,0,2026-02-04 19:28:13
1195,5,쿠키에게 주려고 살이 붙어서 고민하다 골랐어요. 봉지 소리만 나도 달려옵니다. 알갱이가 단단해 오래 씹어요. 한 번에 먹기 딱 좋은 크기예요. 완두 알레르기가 있어 원료를 하나하나 확인하고 샀어요. 바로 재구매했습니다.,0,2026-03-19 09:04:05
1196,4,쿠키에게 주려고 피부를 자꾸 긁어서 찾아봤어요. 잘 먹어서 다행이에요. 알갱이가 단단해 오래 씹어요. 한 번에 먹기 딱 좋은 크기예요. 완두이 들어간 걸 먹으면 긁어서 성분표부터 봤습니다. 다음에도 살 것 같아요.,0,2026-06-19 10:31:22
1197,5,떡볶이에게 주려고 관절이 약해 보여 걱정이었어요. 봉지 소리만 나도 달려옵니다. 부드러워서 잘 넘겨요. 주변에도 추천하고 있어요.,0,2026-01-12 06:18:11
1198,5,떡볶이에게 주려고 소화가 편한 걸 고르고 싶었어요. 정신없이 먹어요. 한창때라 그런지 급여량이 넉넉히 필요해요. 바로 재구매했습니다.,0,2026-03-15 21:39:20
1199,4,떡볶이에게 주려고 작게 끊어 주기 좋아 보여 골랐어요. 그릇을 비우는 걸 보니 마음이 놓여요. 덩치가 있어 양이 금방 줄어요. 한창때라 그런지 급여량이 넉넉히 필요해요. 떨어지면 다시 주문하려고요.,0,2026-08-19 22:56:22
1200,3,떡볶이에게 주려고 주식을 바꿔볼까 해서 골랐어요. 그럭저럭 먹는 편이에요. 덩치가 있어 양이 금방 줄어요. 한창때라 그런지 급여량이 넉넉히 필요해요. 가격을 보고 재구매를 정하려고요.,0,2026-07-19 19:27:35
1201,5,방울에게 주려고 주식을 바꿔볼까 해서 골랐어요. 봉지 소리만 나도 달려옵니다. 나이가 있어 부드러운 쪽을 신경 쓰게 되네요. 바로 재구매했습니다.,0,2026-08-07 16:11:08
1202,4,방울에게 주려고 물을 잘 안 마시는 편이라 신경 쓰였어요. 잘 먹어서 다행이에요. 한 봉지로 같이 먹입니다. 다음에도 살 것 같아요.,0,2026-08-01 05:29:49
1203,4,방울에게 주려고 피부를 자꾸 긁어서 찾아봤어요. 잘 먹어서 다행이에요. 다음에도 살 것 같아요.,0,2026-08-25 23:54:38
1204,4,망고에게 주려고 털 상태가 계속 신경 쓰였어요. 잘 먹어서 다행이에요. 덩치가 있어 양이 금방 줄어요. 다음에도 살 것 같아요.,0,2026-06-25 07:01:54
1205,3,망고에게 주려고 산책 뒤에 다리를 아껴주고 싶었어요. 주면 먹기는 하는데 열광하진 않아요. 보관이 편한 점이 좋아요. 덩치가 있어 양이 금방 줄어요. 무난해서 당분간은 이걸로 갑니다.,0,2026-06-25 06:27:04
1206,5,라떼에게 주려고 새로운 간식을 찾다가 골랐어요. 정신없이 먹어요. 한 봉지로 같이 먹입니다. 바로 재구매했습니다.,0,2026-07-09 19:43:05
1207,5,라떼에게 주려고 물을 잘 안 마시는 편이라 신경 쓰였어요. 정신없이 먹어요. 보관이 편한 점이 좋아요. 작은 아이 입에도 부담이 없어요. 새우 알레르기가 있어 원료를 하나하나 확인하고 샀어요. 바로 재구매했습니다.,0,2026-07-15 14:44:45
1208,5,라떼에게 주려고 털 상태가 계속 신경 쓰였어요. 정신없이 먹어요. 신선한 느낌이 들어요. 한창때라 그런지 급여량이 넉넉히 필요해요. 주변에도 추천하고 있어요.,0,2026-06-09 13:19:31
1209,5,탄이에게 주려고 피부를 자꾸 긁어서 찾아봤어요. 정신없이 먹어요. 주변에도 추천하고 있어요.,0,2026-05-20 05:23:17
1210,5,탄이에게 주려고 털 상태가 계속 신경 쓰였어요. 정신없이 먹어요. 신선한 느낌이 들어요. 한창때라 그런지 급여량이 넉넉히 필요해요. 바로 재구매했습니다.,0,2026-06-06 07:39:28
1211,5,탄이에게 주려고 물을 잘 안 마시는 편이라 신경 쓰였어요. 봉지 소리만 나도 달려옵니다. 보관이 편한 점이 좋아요. 작은 아이 입에도 부담이 없어요. 바로 재구매했습니다.,0,2025-07-19 08:56:08
1212,5,탄이에게 주려고 신장 수치가 걱정돼서요. 정신없이 먹어요. 보관이 편한 점이 좋아요. 작은 아이 입에도 부담이 없어요. 한창때라 그런지 급여량이 넉넉히 필요해요. 바로 재구매했습니다.,0,2026-06-23 12:14:00
1213,5,탄이에게 주려고 피부를 자꾸 긁어서 찾아봤어요. 봉지 소리만 나도 달려옵니다. 보관이 편한 점이 좋아요. 바로 재구매했습니다.,0,2026-06-10 16:27:02
1214,3,탄이에게 주려고 피부를 자꾸 긁어서 찾아봤어요. 그럭저럭 먹는 편이에요. 무난해서 당분간은 이걸로 갑니다.,0,2026-06-24 18:24:33
1215,5,설이에게 주려고 신장 수치가 걱정돼서요. 봉지 소리만 나도 달려옵니다. 보관이 편한 점이 좋아요. 아직 어려서 조금씩 나눠 급여하고 있어요. 주변에도 추천하고 있어요.,0,2026-08-01 23:53:46
1216,5,설이에게 주려고 살이 붙어서 고민하다 골랐어요. 정신없이 먹어요. 알갱이가 단단해 오래 씹어요. 작은 아이 입에도 부담이 없어요. 주변에도 추천하고 있어요.,0,2026-02-19 12:15:31
1217,1,가을에게 주려고 수제라 믿음이 가서 골랐어요. 냄새만 맡고 돌아서네요. 한 봉지로 같이 먹입니다. 재구매는 어려울 것 같아요.,0,2026-08-20 17:24:05
1218,4,가을에게 주려고 피부를 자꾸 긁어서 찾아봤어요. 그릇을 비우는 걸 보니 마음이 놓여요. 보관이 편한 점이 좋아요. 한 번에 먹기 딱 좋은 크기예요. 떨어지면 다시 주문하려고요.,0,2026-08-21 10:52:28
1219,4,가을에게 주려고 산책 뒤에 다리를 아껴주고 싶었어요. 잘 먹어서 다행이에요. 보관이 편한 점이 좋아요. 아직 어려서 조금씩 나눠 급여하고 있어요. 떨어지면 다시 주문하려고요.,0,2026-07-12 12:41:17
1220,4,가을에게 주려고 털 상태가 계속 신경 쓰였어요. 그릇을 비우는 걸 보니 마음이 놓여요. 떨어지면 다시 주문하려고요.,0,2026-07-20 18:28:31
1221,4,가을에게 주려고 산책 뒤에 다리를 아껴주고 싶었어요. 그릇을 비우는 걸 보니 마음이 놓여요. 한 번에 먹기 딱 좋은 크기예요. 떨어지면 다시 주문하려고요.,0,2026-08-23 05:30:45
1222,5,가을에게 주려고 소화가 편한 걸 고르고 싶었어요. 봉지 소리만 나도 달려옵니다. 부드러워서 잘 넘겨요. 한 번에 먹기 딱 좋은 크기예요. 아직 어려서 조금씩 나눠 급여하고 있어요. 바로 재구매했습니다.,0,2026-07-06 20:40:12
1223,5,루비에게 주려고 주식을 바꿔볼까 해서 골랐어요. 봉지 소리만 나도 달려옵니다. 보관이 편한 점이 좋아요. 바로 재구매했습니다.,0,2026-08-03 02:03:35
1224,4,루비에게 주려고 주식을 바꿔볼까 해서 골랐어요. 잘 먹어서 다행이에요. 한창때라 그런지 급여량이 넉넉히 필요해요. 떨어지면 다시 주문하려고요.,0,2026-05-23 05:09:19
1225,5,치즈에게 주려고 체중 관리가 필요하다고 해서요. 정신없이 먹어요. 가볍고 부스러기가 적어요. 입이 작은 아이인데 알맞은 크기예요. 한창때라 그런지 급여량이 넉넉히 필요해요. 주변에도 추천하고 있어요.,0,2026-08-10 11:57:16
1226,1,치즈에게 주려고 피부를 자꾸 긁어서 찾아봤어요. 거의 입도 안 댔어요. 가볍고 부스러기가 적어요. 입이 작은 아이인데 알맞은 크기예요. 다른 제품을 다시 찾아봐야겠어요.,0,2026-02-09 10:23:10
1227,4,치즈에게 주려고 산책 뒤에 다리를 아껴주고 싶었어요. 그릇을 비우는 걸 보니 마음이 놓여요. 보관이 편한 점이 좋아요. 입이 작은 아이인데 알맞은 크기예요. 떨어지면 다시 주문하려고요.,0,2026-04-17 02:43:23
1228,4,슈슈에게 주려고 산책 뒤에 다리를 아껴주고 싶었어요. 잘 먹어서 다행이에요. 아직 어려서 조금씩 나눠 급여하고 있어요. 다음에도 살 것 같아요.,0,2025-09-29 05:46:42
1229,4,슈슈에게 주려고 첨가물이 적은 걸 찾다가 샀어요. 잘 먹어서 다행이에요. 바삭해서 손에 묻지 않아요. 다음에도 살 것 같아요.,0,2025-11-25 15:33:40
1230,2,슈슈에게 주려고 살이 붙어서 고민하다 골랐어요. 억지로 먹이는 느낌이라 아쉬워요. 재구매는 조금 더 고민해보려고요.,0,2026-03-07 01:28:57
1231,5,베리에게 주려고 체중 관리가 필요하다고 해서요. 봉지 소리만 나도 달려옵니다. 알갱이가 단단해 오래 씹어요. 한 번에 먹기 딱 좋은 크기예요. 바로 재구매했습니다.,0,2026-05-10 17:08:36
1232,5,베리에게 주려고 소화가 편한 걸 고르고 싶었어요. 봉지 소리만 나도 달려옵니다. 알갱이가 단단해 오래 씹어요. 한창때라 그런지 급여량이 넉넉히 필요해요. 바로 재구매했습니다.,0,2026-06-03 03:50:03
1233,5,베리에게 주려고 체중 관리가 필요하다고 해서요. 봉지 소리만 나도 달려옵니다. 둘 다 먹일 수 있어 편해요. 한창때라 그런지 급여량이 넉넉히 필요해요. 주변에도 추천하고 있어요.,0,2026-07-23 23:14:46
1234,5,베리에게 주려고 물을 잘 안 마시는 편이라 신경 쓰였어요. 봉지 소리만 나도 달려옵니다. 알갱이가 단단해 오래 씹어요. 한 번에 먹기 딱 좋은 크기예요. 한창때라 그런지 급여량이 넉넉히 필요해요. 채소이 들어간 걸 먹으면 긁어서 성분표부터 봤습니다. 바로 재구매했습니다.,0,2026-08-04 12:55:25
1235,3,떡볶이에게 주려고 수제라 믿음이 가서 골랐어요. 주면 먹기는 하는데 열광하진 않아요. 가볍고 부스러기가 적어요. 한창때라 그런지 급여량이 넉넉히 필요해요. 무난해서 당분간은 이걸로 갑니다.,0,2026-03-17 08:00:12
1236,3,떡볶이에게 주려고 양치를 싫어해서 대신할 걸 찾았어요. 그럭저럭 먹는 편이에요. 가격을 보고 재구매를 정하려고요.,0,2025-10-08 06:03:12
1237,3,떡볶이에게 주려고 첨가물이 적은 걸 찾다가 샀어요. 주면 먹기는 하는데 열광하진 않아요. 무난해서 당분간은 이걸로 갑니다.,0,2026-06-07 04:55:20
1238,5,떡볶이에게 주려고 소화가 편한 걸 고르고 싶었어요. 정신없이 먹어요. 보관이 편한 점이 좋아요. 주변에도 추천하고 있어요.,0,2025-12-24 07:53:30
1239,4,떡볶이에게 주려고 양치를 싫어해서 대신할 걸 찾았어요. 잘 먹어서 다행이에요. 한창때라 그런지 급여량이 넉넉히 필요해요. 다음에도 살 것 같아요.,0,2025-12-24 22:03:21
1240,4,떡볶이에게 주려고 피부를 자꾸 긁어서 찾아봤어요. 그릇을 비우는 걸 보니 마음이 놓여요. 보관이 편한 점이 좋아요. 한창때라 그런지 급여량이 넉넉히 필요해요. 다음에도 살 것 같아요.,0,2026-02-17 05:39:28
1241,5,망고에게 주려고 피부를 자꾸 긁어서 찾아봤어요. 봉지 소리만 나도 달려옵니다. 신선한 느낌이 들어요. 바로 재구매했습니다.,0,2025-11-17 03:32:44
1242,4,망고에게 주려고 소화가 편한 걸 고르고 싶었어요. 잘 먹어서 다행이에요. 작은 아이 입에도 부담이 없어요. 다음에도 살 것 같아요.,0,2025-06-06 00:47:56
1243,5,망고에게 주려고 소화가 편한 걸 고르고 싶었어요. 봉지 소리만 나도 달려옵니다. 보관이 편한 점이 좋아요. 나이가 있어 부드러운 쪽을 신경 쓰게 되네요. 바로 재구매했습니다.,0,2025-06-20 18:21:33
1244,4,망고에게 주려고 산책 뒤에 다리를 아껴주고 싶었어요. 잘 먹어서 다행이에요. 보관이 편한 점이 좋아요. 작은 아이 입에도 부담이 없어요. 곡물이 들어간 걸 먹으면 긁어서 성분표부터 봤습니다. 다음에도 살 것 같아요.,0,2025-12-31 14:40:38
1245,4,망고에게 주려고 수제라 믿음이 가서 골랐어요. 잘 먹어서 다행이에요. 작은 아이 입에도 부담이 없어요. 곡물이 들어간 걸 먹으면 긁어서 성분표부터 봤습니다. 다음에도 살 것 같아요.,0,2026-07-30 03:48:03
1246,1,망고에게 주려고 소화가 편한 걸 고르고 싶었어요. 거의 입도 안 댔어요. 보관이 편한 점이 좋아요. 곡물 알레르기가 있어 원료를 하나하나 확인하고 샀어요. 재구매는 어려울 것 같아요.,0,2026-01-19 12:31:14
1247,4,망고에게 주려고 관절이 약해 보여 걱정이었어요. 잘 먹어서 다행이에요. 나이가 있어 부드러운 쪽을 신경 쓰게 되네요. 곡물이 들어간 걸 먹으면 긁어서 성분표부터 봤습니다. 다음에도 살 것 같아요.,0,2026-02-04 15:59:48
1248,4,망고에게 주려고 피부를 자꾸 긁어서 찾아봤어요. 그릇을 비우는 걸 보니 마음이 놓여요. 다음에도 살 것 같아요.,0,2026-07-09 00:06:10
1249,4,베리에게 주려고 먹던 사료가 안 맞는 것 같아 바꿔봤어요. 그릇을 비우는 걸 보니 마음이 놓여요. 알갱이가 단단해 오래 씹어요. 떨어지면 다시 주문하려고요.,0,2026-03-09 19:25:15
1250,3,베리에게 주려고 먹던 사료가 안 맞는 것 같아 바꿔봤어요. 주면 먹기는 하는데 열광하진 않아요. 작은 아이 입에도 부담이 없어요. 나이가 있어 부드러운 쪽을 신경 쓰게 되네요. 도라지이 들어간 걸 먹으면 긁어서 성분표부터 봤습니다. 무난해서 당분간은 이걸로 갑니다.,0,2025-10-04 12:02:13
1251,4,베리에게 주려고 살이 붙어서 고민하다 골랐어요. 잘 먹어서 다행이에요. 보관이 편한 점이 좋아요. 작은 아이 입에도 부담이 없어요. 도라지 알레르기가 있어 원료를 하나하나 확인하고 샀어요. 떨어지면 다시 주문하려고요.,0,2026-03-24 21:40:20
1252,4,뽀삐에게 주려고 피부를 자꾸 긁어서 찾아봤어요. 그릇을 비우는 걸 보니 마음이 놓여요. 가볍고 부스러기가 적어요. 다음에도 살 것 같아요.,0,2026-08-06 10:41:35
1253,4,뽀삐에게 주려고 먹던 사료가 안 맞는 것 같아 바꿔봤어요. 그릇을 비우는 걸 보니 마음이 놓여요. 보관이 편한 점이 좋아요. 한창때라 그런지 급여량이 넉넉히 필요해요. 떨어지면 다시 주문하려고요.,0,2026-07-17 07:52:00
1254,5,뽀삐에게 주려고 양치를 싫어해서 대신할 걸 찾았어요. 정신없이 먹어요. 주변에도 추천하고 있어요.,0,2026-03-17 18:14:31
1255,3,뽀삐에게 주려고 주식을 바꿔볼까 해서 골랐어요. 그럭저럭 먹는 편이에요. 수분이 많아 물 대신 챙겨주기 좋아요. 무난해서 당분간은 이걸로 갑니다.,0,2026-03-21 16:08:24
1256,3,똘이에게 주려고 털 상태가 계속 신경 쓰였어요. 주면 먹기는 하는데 열광하진 않아요. 보관이 편한 점이 좋아요. 작은 아이 입에도 부담이 없어요. 가격을 보고 재구매를 정하려고요.,0,2026-08-08 21:13:27
1257,4,똘이에게 주려고 관절이 약해 보여 걱정이었어요. 잘 먹어서 다행이에요. 인공색소이 들어간 걸 먹으면 긁어서 성분표부터 봤습니다. 다음에도 살 것 같아요.,0,2026-08-16 16:31:57
1258,4,똘이에게 주려고 체중 관리가 필요하다고 해서요. 그릇을 비우는 걸 보니 마음이 놓여요. 한 봉지로 같이 먹입니다. 작은 아이 입에도 부담이 없어요. 인공색소이 들어간 걸 먹으면 긁어서 성분표부터 봤습니다. 다음에도 살 것 같아요.,0,2026-08-05 10:23:52
1259,5,똘이에게 주려고 산책 뒤에 다리를 아껴주고 싶었어요. 정신없이 먹어요. 바삭해서 손에 묻지 않아요. 인공색소이 들어간 걸 먹으면 긁어서 성분표부터 봤습니다. 바로 재구매했습니다.,0,2026-08-11 04:20:49
1260,5,똘이에게 주려고 살이 붙어서 고민하다 골랐어요. 정신없이 먹어요. 한 봉지로 같이 먹입니다. 한창때라 그런지 급여량이 넉넉히 필요해요. 바로 재구매했습니다.,0,2026-08-14 16:41:59
1261,5,똘이에게 주려고 속이 자주 안 좋아서 찾아봤어요. 봉지 소리만 나도 달려옵니다. 알갱이가 단단해 오래 씹어요. 작은 아이 입에도 부담이 없어요. 한창때라 그런지 급여량이 넉넉히 필요해요. 바로 재구매했습니다.,0,2026-06-28 17:37:06
1262,5,마루에게 주려고 살이 붙어서 고민하다 골랐어요. 정신없이 먹어요. 보관이 편한 점이 좋아요. 주변에도 추천하고 있어요.,0,2026-08-03 15:10:47
1263,4,마루에게 주려고 피부를 자꾸 긁어서 찾아봤어요. 그릇을 비우는 걸 보니 마음이 놓여요. 해동해서 주는 게 조금 번거로워요. 떨어지면 다시 주문하려고요.,0,2026-07-06 12:07:34
1264,1,마루에게 주려고 먹던 사료가 안 맞는 것 같아 바꿔봤어요. 거의 입도 안 댔어요. 부드러워서 잘 넘겨요. 한 번에 먹기 딱 좋은 크기예요. 한창때라 그런지 급여량이 넉넉히 필요해요. 재구매는 어려울 것 같아요.,0,2026-07-23 16:41:37
1265,4,감자에게 주려고 속이 자주 안 좋아서 찾아봤어요. 그릇을 비우는 걸 보니 마음이 놓여요. 보리이 들어간 걸 먹으면 긁어서 성분표부터 봤습니다. 떨어지면 다시 주문하려고요.,0,2026-06-17 02:00:00
1266,2,감자에게 주려고 피부를 자꾸 긁어서 찾아봤어요. 처음엔 먹다가 금방 남기더라고요. 부드러워서 잘 넘겨요. 보리 알레르기가 있어 원료를 하나하나 확인하고 샀어요. 재구매는 조금 더 고민해보려고요.,0,2025-11-14 02:21:23
1267,5,감자에게 주려고 속이 자주 안 좋아서 찾아봤어요. 정신없이 먹어요. 보리 알레르기가 있어 원료를 하나하나 확인하고 샀어요. 바로 재구매했습니다.,0,2026-05-29 07:05:44
1268,4,감자에게 주려고 속이 자주 안 좋아서 찾아봤어요. 잘 먹어서 다행이에요. 한 번에 먹기 딱 좋은 크기예요. 한창때라 그런지 급여량이 넉넉히 필요해요. 다음에도 살 것 같아요.,0,2026-05-06 21:53:19
1269,4,아톰에게 주려고 체중 관리가 필요하다고 해서요. 잘 먹어서 다행이에요. 수분이 많아 물 대신 챙겨주기 좋아요. 작은 아이 입에도 부담이 없어요. 한창때라 그런지 급여량이 넉넉히 필요해요. 다음에도 살 것 같아요.,0,2026-07-21 01:29:32
1270,4,아톰에게 주려고 털 상태가 계속 신경 쓰였어요. 그릇을 비우는 걸 보니 마음이 놓여요. 둘 다 먹일 수 있어 편해요. 작은 아이 입에도 부담이 없어요. 한창때라 그런지 급여량이 넉넉히 필요해요. 다음에도 살 것 같아요.,0,2026-07-10 07:55:26
1271,1,아톰에게 주려고 털 상태가 계속 신경 쓰였어요. 냄새만 맡고 돌아서네요. 부드러워서 잘 넘겨요. 작은 아이 입에도 부담이 없어요. 다른 제품을 다시 찾아봐야겠어요.,0,2026-06-05 22:57:49
1272,4,아톰에게 주려고 속이 자주 안 좋아서 찾아봤어요. 그릇을 비우는 걸 보니 마음이 놓여요. 둘 다 먹일 수 있어 편해요. 떨어지면 다시 주문하려고요.,0,2026-06-05 04:39:48
1273,5,아톰에게 주려고 살이 붙어서 고민하다 골랐어요. 정신없이 먹어요. 알갱이가 단단해 오래 씹어요. 바로 재구매했습니다.,0,2026-07-20 18:41:37
1274,4,아톰에게 주려고 산책 뒤에 다리를 아껴주고 싶었어요. 그릇을 비우는 걸 보니 마음이 놓여요. 바삭해서 손에 묻지 않아요. 떨어지면 다시 주문하려고요.,0,2026-07-05 18:23:28
1275,5,아톰에게 주려고 산책 뒤에 다리를 아껴주고 싶었어요. 정신없이 먹어요. 한 번에 먹기 딱 좋은 크기예요. 바로 재구매했습니다.,0,2026-08-20 01:09:37
1276,5,아톰에게 주려고 피부를 자꾸 긁어서 찾아봤어요. 봉지 소리만 나도 달려옵니다. 보관이 편한 점이 좋아요. 한 번에 먹기 딱 좋은 크기예요. 주변에도 추천하고 있어요.,0,2026-07-10 19:55:46
1277,5,방울에게 주려고 살이 붙어서 고민하다 골랐어요. 정신없이 먹어요. 나이가 있어 부드러운 쪽을 신경 쓰게 되네요. 주변에도 추천하고 있어요.,0,2026-08-02 09:23:22
1278,2,방울에게 주려고 털 상태가 계속 신경 쓰였어요. 처음엔 먹다가 금방 남기더라고요. 수분이 많아 물 대신 챙겨주기 좋아요. 작은 아이 입에도 부담이 없어요. 한 번 더 줘보고 결정하려 합니다.,0,2025-07-15 22:28:41
1279,3,베리에게 주려고 살이 붙어서 고민하다 골랐어요. 그럭저럭 먹는 편이에요. 가격을 보고 재구매를 정하려고요.,0,2026-08-17 20:57:01
1280,3,베리에게 주려고 신장 수치가 걱정돼서요. 그럭저럭 먹는 편이에요. 무난해서 당분간은 이걸로 갑니다.,0,2026-07-31 07:50:19
1281,5,베리에게 주려고 신장 수치가 걱정돼서요. 정신없이 먹어요. 입이 작은 아이인데 알맞은 크기예요. 주변에도 추천하고 있어요.,0,2026-07-26 08:30:02
1282,3,베리에게 주려고 산책 뒤에 다리를 아껴주고 싶었어요. 주면 먹기는 하는데 열광하진 않아요. 알갱이가 단단해 오래 씹어요. 입이 작은 아이인데 알맞은 크기예요. 나이가 있어 부드러운 쪽을 신경 쓰게 되네요. 무난해서 당분간은 이걸로 갑니다.,0,2026-08-11 17:03:14
1283,5,떡볶이에게 주려고 속이 자주 안 좋아서 찾아봤어요. 정신없이 먹어요. 입이 작은 아이인데 알맞은 크기예요. 게 알레르기가 있어 원료를 하나하나 확인하고 샀어요. 주변에도 추천하고 있어요.,0,2026-05-26 01:09:27
1284,4,떡볶이에게 주려고 작게 끊어 주기 좋아 보여 골랐어요. 잘 먹어서 다행이에요. 한 봉지로 같이 먹입니다. 입이 작은 아이인데 알맞은 크기예요. 떨어지면 다시 주문하려고요.,0,2025-10-17 10:59:43
1285,5,떡볶이에게 주려고 주식을 바꿔볼까 해서 골랐어요. 정신없이 먹어요. 입이 작은 아이인데 알맞은 크기예요. 한창때라 그런지 급여량이 넉넉히 필요해요. 바로 재구매했습니다.,0,2026-08-08 21:35:51
1286,5,베리에게 주려고 수제라 믿음이 가서 골랐어요. 정신없이 먹어요. 가볍고 부스러기가 적어요. 나이가 있어 부드러운 쪽을 신경 쓰게 되네요. 바로 재구매했습니다.,0,2026-04-13 21:53:34
1287,5,베리에게 주려고 주식을 바꿔볼까 해서 골랐어요. 봉지 소리만 나도 달려옵니다. 바로 재구매했습니다.,0,2024-06-11 17:24:47
1288,5,콩이에게 주려고 살이 붙어서 고민하다 골랐어요. 정신없이 먹어요. 해동해서 주는 게 조금 번거로워요. 덩치가 있어 양이 금방 줄어요. 한창때라 그런지 급여량이 넉넉히 필요해요. 주변에도 추천하고 있어요.,0,2026-03-28 09:38:34
1289,1,콩이에게 주려고 치석이 껴서 알아보다 샀어요. 냄새만 맡고 돌아서네요. 덩치가 있어 양이 금방 줄어요. 다른 제품을 다시 찾아봐야겠어요.,0,2026-04-20 18:18:38
1290,4,콩이에게 주려고 산책 뒤에 다리를 아껴주고 싶었어요. 그릇을 비우는 걸 보니 마음이 놓여요. 떨어지면 다시 주문하려고요.,0,2026-06-19 04:41:53
1291,3,콩이에게 주려고 살이 붙어서 고민하다 골랐어요. 그럭저럭 먹는 편이에요. 바삭해서 손에 묻지 않아요. 무난해서 당분간은 이걸로 갑니다.,0,2026-07-02 23:56:01
1292,5,루비에게 주려고 속이 자주 안 좋아서 찾아봤어요. 정신없이 먹어요. 덩치가 있어 양이 금방 줄어요. 한창때라 그런지 급여량이 넉넉히 필요해요. 새우이 들어간 걸 먹으면 긁어서 성분표부터 봤습니다. 주변에도 추천하고 있어요.,0,2026-08-19 08:19:05
1293,1,루비에게 주려고 속이 자주 안 좋아서 찾아봤어요. 냄새만 맡고 돌아서네요. 둘 다 먹일 수 있어 편해요. 한창때라 그런지 급여량이 넉넉히 필요해요. 재구매는 어려울 것 같아요.,0,2026-07-29 19:09:33
1294,5,루비에게 주려고 체중 관리가 필요하다고 해서요. 봉지 소리만 나도 달려옵니다. 새우 알레르기가 있어 원료를 하나하나 확인하고 샀어요. 주변에도 추천하고 있어요.,0,2026-06-06 08:45:25
1295,4,루비에게 주려고 첨가물이 적은 걸 찾다가 샀어요. 잘 먹어서 다행이에요. 둘 다 먹일 수 있어 편해요. 새우 알레르기가 있어 원료를 하나하나 확인하고 샀어요. 다음에도 살 것 같아요.,0,2026-03-07 18:39:16
1296,4,루비에게 주려고 산책 뒤에 다리를 아껴주고 싶었어요. 잘 먹어서 다행이에요. 덩치가 있어 양이 금방 줄어요. 새우 알레르기가 있어 원료를 하나하나 확인하고 샀어요. 떨어지면 다시 주문하려고요.,0,2026-03-31 12:27:43
1297,2,루비에게 주려고 관절이 약해 보여 걱정이었어요. 억지로 먹이는 느낌이라 아쉬워요. 바삭해서 손에 묻지 않아요. 재구매는 조금 더 고민해보려고요.,0,2026-05-09 13:52:01
1298,3,루비에게 주려고 산책 뒤에 다리를 아껴주고 싶었어요. 주면 먹기는 하는데 열광하진 않아요. 덩치가 있어 양이 금방 줄어요. 새우 알레르기가 있어 원료를 하나하나 확인하고 샀어요. 가격을 보고 재구매를 정하려고요.,0,2026-03-12 05:11:11
1299,4,루비에게 주려고 첨가물이 적은 걸 찾다가 샀어요. 잘 먹어서 다행이에요. 한 봉지로 같이 먹입니다. 새우이 들어간 걸 먹으면 긁어서 성분표부터 봤습니다. 떨어지면 다시 주문하려고요.,0,2026-05-23 16:01:31
1300,4,별이에게 주려고 털 상태가 계속 신경 쓰였어요. 그릇을 비우는 걸 보니 마음이 놓여요. 한 번에 먹기 딱 좋은 크기예요. 나이가 있어 부드러운 쪽을 신경 쓰게 되네요. 떨어지면 다시 주문하려고요.,0,2026-05-27 17:11:39
1301,4,별이에게 주려고 치석이 껴서 알아보다 샀어요. 그릇을 비우는 걸 보니 마음이 놓여요. 알갱이가 단단해 오래 씹어요. 한 번에 먹기 딱 좋은 크기예요. 쌀 알레르기가 있어 원료를 하나하나 확인하고 샀어요. 다음에도 살 것 같아요.,0,2026-07-27 16:02:13
1302,5,별이에게 주려고 속이 자주 안 좋아서 찾아봤어요. 봉지 소리만 나도 달려옵니다. 알갱이가 단단해 오래 씹어요. 바로 재구매했습니다.,0,2026-06-10 23:45:52
1303,3,별이에게 주려고 물을 잘 안 마시는 편이라 신경 쓰였어요. 그럭저럭 먹는 편이에요. 바삭해서 손에 묻지 않아요. 나이가 있어 부드러운 쪽을 신경 쓰게 되네요. 쌀이 들어간 걸 먹으면 긁어서 성분표부터 봤습니다. 무난해서 당분간은 이걸로 갑니다.,0,2026-06-06 06:19:24
1304,5,슈슈에게 주려고 속이 자주 안 좋아서 찾아봤어요. 정신없이 먹어요. 보관이 편한 점이 좋아요. 바로 재구매했습니다.,0,2026-08-11 09:49:14
1305,4,슈슈에게 주려고 물을 잘 안 마시는 편이라 신경 쓰였어요. 그릇을 비우는 걸 보니 마음이 놓여요. 가볍고 부스러기가 적어요. 작은 아이 입에도 부담이 없어요. 다음에도 살 것 같아요.,0,2026-08-19 19:56:17
1306,4,슈슈에게 주려고 양치를 싫어해서 대신할 걸 찾았어요. 그릇을 비우는 걸 보니 마음이 놓여요. 바삭해서 손에 묻지 않아요. 한창때라 그런지 급여량이 넉넉히 필요해요. 떨어지면 다시 주문하려고요.,0,2026-07-05 12:00:20
1307,4,구름에게 주려고 속이 자주 안 좋아서 찾아봤어요. 그릇을 비우는 걸 보니 마음이 놓여요. 입이 작은 아이인데 알맞은 크기예요. 계란이 들어간 걸 먹으면 긁어서 성분표부터 봤습니다. 다음에도 살 것 같아요.,0,2026-06-03 01:53:16
1308,3,구름에게 주려고 신장 수치가 걱정돼서요. 그럭저럭 먹는 편이에요. 입이 작은 아이인데 알맞은 크기예요. 계란 알레르기가 있어 원료를 하나하나 확인하고 샀어요. 무난해서 당분간은 이걸로 갑니다.,0,2026-07-03 04:46:16
1309,4,치즈에게 주려고 작게 끊어 주기 좋아 보여 골랐어요. 잘 먹어서 다행이에요. 한 봉지로 같이 먹입니다. 한 번에 먹기 딱 좋은 크기예요. 치즈이 들어간 걸 먹으면 긁어서 성분표부터 봤습니다. 떨어지면 다시 주문하려고요.,0,2026-02-13 08:57:44
1310,4,치즈에게 주려고 먹던 사료가 안 맞는 것 같아 바꿔봤어요. 그릇을 비우는 걸 보니 마음이 놓여요. 치즈 알레르기가 있어 원료를 하나하나 확인하고 샀어요. 떨어지면 다시 주문하려고요.,0,2025-07-26 08:40:22
1311,3,치즈에게 주려고 피부를 자꾸 긁어서 찾아봤어요. 그럭저럭 먹는 편이에요. 한 번에 먹기 딱 좋은 크기예요. 무난해서 당분간은 이걸로 갑니다.,0,2025-12-21 15:05:35
1312,1,호두에게 주려고 살이 붙어서 고민하다 골랐어요. 거의 입도 안 댔어요. 알갱이가 단단해 오래 씹어요. 작은 아이 입에도 부담이 없어요. 다른 제품을 다시 찾아봐야겠어요.,0,2026-08-11 02:41:14
1313,3,호두에게 주려고 체중 관리가 필요하다고 해서요. 주면 먹기는 하는데 열광하진 않아요. 보관이 편한 점이 좋아요. 작은 아이 입에도 부담이 없어요. 가격을 보고 재구매를 정하려고요.,0,2026-07-20 01:49:35
1314,4,호두에게 주려고 치석이 껴서 알아보다 샀어요. 그릇을 비우는 걸 보니 마음이 놓여요. 떨어지면 다시 주문하려고요.,0,2026-06-20 04:25:24
1315,4,토리에게 주려고 살이 붙어서 고민하다 골랐어요. 잘 먹어서 다행이에요. 보관이 편한 점이 좋아요. 입이 작은 아이인데 알맞은 크기예요. 나이가 있어 부드러운 쪽을 신경 쓰게 되네요. 떨어지면 다시 주문하려고요.,0,2025-10-18 07:51:41
1316,3,토리에게 주려고 물을 잘 안 마시는 편이라 신경 쓰였어요. 그럭저럭 먹는 편이에요. 입이 작은 아이인데 알맞은 크기예요. 무난해서 당분간은 이걸로 갑니다.,0,2026-05-23 08:33:19
1317,5,토리에게 주려고 치석이 껴서 알아보다 샀어요. 정신없이 먹어요. 입이 작은 아이인데 알맞은 크기예요. 나이가 있어 부드러운 쪽을 신경 쓰게 되네요. 주변에도 추천하고 있어요.,0,2025-08-30 01:39:17
1318,5,토리에게 주려고 물을 잘 안 마시는 편이라 신경 쓰였어요. 봉지 소리만 나도 달려옵니다. 보관이 편한 점이 좋아요. 주변에도 추천하고 있어요.,0,2026-06-24 10:08:01
1319,4,방울에게 주려고 털 상태가 계속 신경 쓰였어요. 그릇을 비우는 걸 보니 마음이 놓여요. 보관이 편한 점이 좋아요. 다음에도 살 것 같아요.,0,2026-08-21 06:42:53
1320,2,방울에게 주려고 피부를 자꾸 긁어서 찾아봤어요. 처음엔 먹다가 금방 남기더라고요. 나이가 있어 부드러운 쪽을 신경 쓰게 되네요. 재구매는 조금 더 고민해보려고요.,0,2026-08-13 07:18:48
1321,4,방울에게 주려고 피부를 자꾸 긁어서 찾아봤어요. 잘 먹어서 다행이에요. 다음에도 살 것 같아요.,0,2026-07-31 23:27:36
1322,4,망고에게 주려고 주식을 바꿔볼까 해서 골랐어요. 그릇을 비우는 걸 보니 마음이 놓여요. 알갱이가 단단해 오래 씹어요. 다음에도 살 것 같아요.,0,2026-07-07 17:30:54
1323,3,망고에게 주려고 양치를 싫어해서 대신할 걸 찾았어요. 그럭저럭 먹는 편이에요. 가볍고 부스러기가 적어요. 덩치가 있어 양이 금방 줄어요. 무난해서 당분간은 이걸로 갑니다.,0,2026-08-17 19:46:36
1324,4,망고에게 주려고 양치를 싫어해서 대신할 걸 찾았어요. 잘 먹어서 다행이에요. 한 봉지로 같이 먹입니다. 덩치가 있어 양이 금방 줄어요. 떨어지면 다시 주문하려고요.,0,2026-08-06 06:28:36
1325,5,망고에게 주려고 피부를 자꾸 긁어서 찾아봤어요. 정신없이 먹어요. 나이가 있어 부드러운 쪽을 신경 쓰게 되네요. 바로 재구매했습니다.,0,2026-07-18 07:37:52
1326,5,망고에게 주려고 소화가 편한 걸 고르고 싶었어요. 정신없이 먹어요. 바로 재구매했습니다.,0,2026-08-20 04:23:47
1327,5,망고에게 주려고 수제라 믿음이 가서 골랐어요. 정신없이 먹어요. 덩치가 있어 양이 금방 줄어요. 바로 재구매했습니다.,0,2026-08-16 16:57:18
1328,3,망고에게 주려고 주식을 바꿔볼까 해서 골랐어요. 그럭저럭 먹는 편이에요. 덩치가 있어 양이 금방 줄어요. 무난해서 당분간은 이걸로 갑니다.,0,2026-07-02 07:01:08
1329,4,망고에게 주려고 물을 잘 안 마시는 편이라 신경 쓰였어요. 그릇을 비우는 걸 보니 마음이 놓여요. 덩치가 있어 양이 금방 줄어요. 다음에도 살 것 같아요.,0,2026-07-05 18:24:49
1330,5,라떼에게 주려고 치석이 껴서 알아보다 샀어요. 봉지 소리만 나도 달려옵니다. 바로 재구매했습니다.,0,2026-07-08 13:38:18
1331,4,라떼에게 주려고 피부를 자꾸 긁어서 찾아봤어요. 그릇을 비우는 걸 보니 마음이 놓여요. 작은 아이 입에도 부담이 없어요. 새우 알레르기가 있어 원료를 하나하나 확인하고 샀어요. 떨어지면 다시 주문하려고요.,0,2026-08-19 04:29:23
1332,2,탄이에게 주려고 주식을 바꿔볼까 해서 골랐어요. 억지로 먹이는 느낌이라 아쉬워요. 둘 다 먹일 수 있어 편해요. 작은 아이 입에도 부담이 없어요. 한 번 더 줘보고 결정하려 합니다.,0,2025-10-25 06:18:53
1333,3,탄이에게 주려고 털 상태가 계속 신경 쓰였어요. 그럭저럭 먹는 편이에요. 한창때라 그런지 급여량이 넉넉히 필요해요. 무난해서 당분간은 이걸로 갑니다.,0,2026-08-10 03:11:52
1334,4,탄이에게 주려고 체중 관리가 필요하다고 해서요. 그릇을 비우는 걸 보니 마음이 놓여요. 바삭해서 손에 묻지 않아요. 작은 아이 입에도 부담이 없어요. 다음에도 살 것 같아요.,0,2026-05-08 18:19:26
1335,4,탄이에게 주려고 주식을 바꿔볼까 해서 골랐어요. 그릇을 비우는 걸 보니 마음이 놓여요. 보관이 편한 점이 좋아요. 작은 아이 입에도 부담이 없어요. 떨어지면 다시 주문하려고요.,0,2025-06-08 21:00:27
1336,4,설이에게 주려고 양치를 싫어해서 대신할 걸 찾았어요. 그릇을 비우는 걸 보니 마음이 놓여요. 한 봉지로 같이 먹입니다. 아직 어려서 조금씩 나눠 급여하고 있어요. 다음에도 살 것 같아요.,0,2026-03-02 04:24:20
1337,5,설이에게 주려고 체중 관리가 필요하다고 해서요. 봉지 소리만 나도 달려옵니다. 알갱이가 단단해 오래 씹어요. 작은 아이 입에도 부담이 없어요. 아직 어려서 조금씩 나눠 급여하고 있어요. 주변에도 추천하고 있어요.,0,2026-04-27 23:21:17
1338,4,설이에게 주려고 털 상태가 계속 신경 쓰였어요. 잘 먹어서 다행이에요. 신선한 느낌이 들어요. 작은 아이 입에도 부담이 없어요. 아직 어려서 조금씩 나눠 급여하고 있어요. 다음에도 살 것 같아요.,0,2026-06-07 06:40:17
1339,5,설이에게 주려고 주식을 바꿔볼까 해서 골랐어요. 봉지 소리만 나도 달려옵니다. 알갱이가 단단해 오래 씹어요. 주변에도 추천하고 있어요.,0,2026-04-01 00:28:25
1340,4,설이에게 주려고 살이 붙어서 고민하다 골랐어요. 잘 먹어서 다행이에요. 부드러워서 잘 넘겨요. 떨어지면 다시 주문하려고요.,0,2026-07-03 10:52:58
1341,5,가을에게 주려고 치석이 껴서 알아보다 샀어요. 정신없이 먹어요. 보관이 편한 점이 좋아요. 한 번에 먹기 딱 좋은 크기예요. 아직 어려서 조금씩 나눠 급여하고 있어요. 바로 재구매했습니다.,0,2026-08-06 09:35:35
1342,5,가을에게 주려고 속이 자주 안 좋아서 찾아봤어요. 봉지 소리만 나도 달려옵니다. 아직 어려서 조금씩 나눠 급여하고 있어요. 주변에도 추천하고 있어요.,0,2026-08-03 19:06:47
1343,4,가을에게 주려고 체중 관리가 필요하다고 해서요. 그릇을 비우는 걸 보니 마음이 놓여요. 알갱이가 단단해 오래 씹어요. 다음에도 살 것 같아요.,0,2026-07-10 13:08:43
1344,5,가을에게 주려고 체중 관리가 필요하다고 해서요. 봉지 소리만 나도 달려옵니다. 한 번에 먹기 딱 좋은 크기예요. 아직 어려서 조금씩 나눠 급여하고 있어요. 바로 재구매했습니다.,0,2026-08-22 15:10:30
1345,1,루비에게 주려고 주식을 바꿔볼까 해서 골랐어요. 거의 입도 안 댔어요. 알갱이가 단단해 오래 씹어요. 한창때라 그런지 급여량이 넉넉히 필요해요. 재구매는 어려울 것 같아요.,0,2026-01-19 11:39:27
1346,3,루비에게 주려고 털 상태가 계속 신경 쓰였어요. 그럭저럭 먹는 편이에요. 가볍고 부스러기가 적어요. 가격을 보고 재구매를 정하려고요.,0,2026-04-18 12:05:03
1347,4,슈슈에게 주려고 관절이 약해 보여 걱정이었어요. 그릇을 비우는 걸 보니 마음이 놓여요. 떨어지면 다시 주문하려고요.,0,2026-02-22 22:20:43
1348,4,슈슈에게 주려고 주식을 바꿔볼까 해서 골랐어요. 잘 먹어서 다행이에요. 작은 아이 입에도 부담이 없어요. 떨어지면 다시 주문하려고요.,0,2026-01-09 07:38:42
1349,3,슈슈에게 주려고 피부를 자꾸 긁어서 찾아봤어요. 그럭저럭 먹는 편이에요. 부드러워서 잘 넘겨요. 무난해서 당분간은 이걸로 갑니다.,0,2026-03-10 04:33:41
1350,5,슈슈에게 주려고 첨가물이 적은 걸 찾다가 샀어요. 정신없이 먹어요. 둘 다 먹일 수 있어 편해요. 한창때라 그런지 급여량이 넉넉히 필요해요. 바로 재구매했습니다.,0,2026-08-04 06:20:50
1351,3,베리에게 주려고 주식을 바꿔볼까 해서 골랐어요. 그럭저럭 먹는 편이에요. 부드러워서 잘 넘겨요. 한 번에 먹기 딱 좋은 크기예요. 가격을 보고 재구매를 정하려고요.,0,2026-07-30 11:57:10
1352,2,베리에게 주려고 첨가물이 적은 걸 찾다가 샀어요. 억지로 먹이는 느낌이라 아쉬워요. 보관이 편한 점이 좋아요. 한창때라 그런지 급여량이 넉넉히 필요해요. 한 번 더 줘보고 결정하려 합니다.,0,2026-06-27 13:55:25
1353,4,베리에게 주려고 관절이 약해 보여 걱정이었어요. 잘 먹어서 다행이에요. 알갱이가 단단해 오래 씹어요. 한 번에 먹기 딱 좋은 크기예요. 다음에도 살 것 같아요.,0,2026-05-16 07:21:36
1354,2,베리에게 주려고 관절이 약해 보여 걱정이었어요. 처음엔 먹다가 금방 남기더라고요. 신선한 느낌이 들어요. 채소이 들어간 걸 먹으면 긁어서 성분표부터 봤습니다. 한 번 더 줘보고 결정하려 합니다.,0,2025-11-17 23:09:23
1355,2,순이에게 주려고 치석이 껴서 알아보다 샀어요. 억지로 먹이는 느낌이라 아쉬워요. 작은 아이 입에도 부담이 없어요. 한창때라 그런지 급여량이 넉넉히 필요해요. 치즈 알레르기가 있어 원료를 하나하나 확인하고 샀어요. 한 번 더 줘보고 결정하려 합니다.,0,2025-12-10 05:17:51
1356,3,순이에게 주려고 주식을 바꿔볼까 해서 골랐어요. 그럭저럭 먹는 편이에요. 보관이 편한 점이 좋아요. 작은 아이 입에도 부담이 없어요. 치즈 알레르기가 있어 원료를 하나하나 확인하고 샀어요. 무난해서 당분간은 이걸로 갑니다.,0,2025-11-20 10:12:14
1357,4,순이에게 주려고 먹던 사료가 안 맞는 것 같아 바꿔봤어요. 그릇을 비우는 걸 보니 마음이 놓여요. 작은 아이 입에도 부담이 없어요. 한창때라 그런지 급여량이 넉넉히 필요해요. 치즈이 들어간 걸 먹으면 긁어서 성분표부터 봤습니다. 다음에도 살 것 같아요.,0,2026-03-28 13:49:54
1358,2,순이에게 주려고 먹던 사료가 안 맞는 것 같아 바꿔봤어요. 처음엔 먹다가 금방 남기더라고요. 작은 아이 입에도 부담이 없어요. 한 번 더 줘보고 결정하려 합니다.,0,2026-06-16 08:29:06
1359,3,떡볶이에게 주려고 살이 붙어서 고민하다 골랐어요. 주면 먹기는 하는데 열광하진 않아요. 알갱이가 단단해 오래 씹어요. 한창때라 그런지 급여량이 넉넉히 필요해요. 무난해서 당분간은 이걸로 갑니다.,0,2026-06-12 01:23:56
1360,4,떡볶이에게 주려고 체중 관리가 필요하다고 해서요. 그릇을 비우는 걸 보니 마음이 놓여요. 둘 다 먹일 수 있어 편해요. 떨어지면 다시 주문하려고요.,0,2026-04-27 23:50:13
1361,3,떡볶이에게 주려고 체중 관리가 필요하다고 해서요. 주면 먹기는 하는데 열광하진 않아요. 바삭해서 손에 묻지 않아요. 무난해서 당분간은 이걸로 갑니다.,0,2026-05-20 13:27:39
1362,5,떡볶이에게 주려고 산책 뒤에 다리를 아껴주고 싶었어요. 정신없이 먹어요. 한 번에 먹기 딱 좋은 크기예요. 한창때라 그런지 급여량이 넉넉히 필요해요. 바로 재구매했습니다.,0,2026-08-02 07:02:35
1363,4,베리에게 주려고 양치를 싫어해서 대신할 걸 찾았어요. 잘 먹어서 다행이에요. 수분이 많아 물 대신 챙겨주기 좋아요. 나이가 있어 부드러운 쪽을 신경 쓰게 되네요. 도라지 알레르기가 있어 원료를 하나하나 확인하고 샀어요. 다음에도 살 것 같아요.,0,2025-07-12 03:47:18
1364,4,베리에게 주려고 체중 관리가 필요하다고 해서요. 잘 먹어서 다행이에요. 작은 아이 입에도 부담이 없어요. 도라지 알레르기가 있어 원료를 하나하나 확인하고 샀어요. 떨어지면 다시 주문하려고요.,0,2026-04-29 19:30:41
1365,4,뽀삐에게 주려고 산책 뒤에 다리를 아껴주고 싶었어요. 그릇을 비우는 걸 보니 마음이 놓여요. 알갱이가 단단해 오래 씹어요. 떨어지면 다시 주문하려고요.,0,2026-05-08 10:20:53
1366,5,뽀삐에게 주려고 속이 자주 안 좋아서 찾아봤어요. 봉지 소리만 나도 달려옵니다. 한 번에 먹기 딱 좋은 크기예요. 한창때라 그런지 급여량이 넉넉히 필요해요. 바로 재구매했습니다.,0,2026-07-16 13:43:05
1367,5,뽀삐에게 주려고 산책 뒤에 다리를 아껴주고 싶었어요. 정신없이 먹어요. 보관이 편한 점이 좋아요. 바로 재구매했습니다.,0,2026-08-17 22:32:40
1368,5,뽀삐에게 주려고 살이 붙어서 고민하다 골랐어요. 정신없이 먹어요. 둘 다 먹일 수 있어 편해요. 한창때라 그런지 급여량이 넉넉히 필요해요. 주변에도 추천하고 있어요.,0,2026-05-10 17:48:19
1369,5,뽀삐에게 주려고 첨가물이 적은 걸 찾다가 샀어요. 봉지 소리만 나도 달려옵니다. 한 봉지로 같이 먹입니다. 한 번에 먹기 딱 좋은 크기예요. 주변에도 추천하고 있어요.,0,2026-02-28 05:39:23
1370,5,뽀삐에게 주려고 속이 자주 안 좋아서 찾아봤어요. 봉지 소리만 나도 달려옵니다. 알갱이가 단단해 오래 씹어요. 바로 재구매했습니다.,0,2026-06-02 03:35:24
1371,5,뽀삐에게 주려고 산책 뒤에 다리를 아껴주고 싶었어요. 정신없이 먹어요. 수분이 많아 물 대신 챙겨주기 좋아요. 주변에도 추천하고 있어요.,0,2026-07-14 20:58:36
1372,1,똘이에게 주려고 속이 자주 안 좋아서 찾아봤어요. 거의 입도 안 댔어요. 보관이 편한 점이 좋아요. 작은 아이 입에도 부담이 없어요. 재구매는 어려울 것 같아요.,0,2026-07-29 16:34:15
1373,4,똘이에게 주려고 치석이 껴서 알아보다 샀어요. 잘 먹어서 다행이에요. 작은 아이 입에도 부담이 없어요. 인공색소이 들어간 걸 먹으면 긁어서 성분표부터 봤습니다. 떨어지면 다시 주문하려고요.,0,2026-07-30 09:17:32
1374,1,똘이에게 주려고 물을 잘 안 마시는 편이라 신경 쓰였어요. 냄새만 맡고 돌아서네요. 다른 제품을 다시 찾아봐야겠어요.,0,2026-08-01 01:57:13
1375,4,똘이에게 주려고 물을 잘 안 마시는 편이라 신경 쓰였어요. 그릇을 비우는 걸 보니 마음이 놓여요. 둘 다 먹일 수 있어 편해요. 작은 아이 입에도 부담이 없어요. 인공색소이 들어간 걸 먹으면 긁어서 성분표부터 봤습니다. 다음에도 살 것 같아요.,0,2026-07-01 17:11:41
1376,5,똘이에게 주려고 물을 잘 안 마시는 편이라 신경 쓰였어요. 봉지 소리만 나도 달려옵니다. 보관이 편한 점이 좋아요. 작은 아이 입에도 부담이 없어요. 인공색소 알레르기가 있어 원료를 하나하나 확인하고 샀어요. 바로 재구매했습니다.,0,2026-07-01 16:48:26
1377,4,똘이에게 주려고 주식을 바꿔볼까 해서 골랐어요. 잘 먹어서 다행이에요. 작은 아이 입에도 부담이 없어요. 다음에도 살 것 같아요.,0,2026-07-08 02:52:57
1378,5,똘이에게 주려고 물을 잘 안 마시는 편이라 신경 쓰였어요. 정신없이 먹어요. 부드러워서 잘 넘겨요. 인공색소이 들어간 걸 먹으면 긁어서 성분표부터 봤습니다. 바로 재구매했습니다.,0,2026-07-21 21:33:16
1379,3,똘이에게 주려고 주식을 바꿔볼까 해서 골랐어요. 주면 먹기는 하는데 열광하진 않아요. 한창때라 그런지 급여량이 넉넉히 필요해요. 인공색소 알레르기가 있어 원료를 하나하나 확인하고 샀어요. 가격을 보고 재구매를 정하려고요.,0,2026-07-26 09:00:44
1380,3,마루에게 주려고 신장 수치가 걱정돼서요. 주면 먹기는 하는데 열광하진 않아요. 수분이 많아 물 대신 챙겨주기 좋아요. 요거트 알레르기가 있어 원료를 하나하나 확인하고 샀어요. 가격을 보고 재구매를 정하려고요.,0,2026-08-05 01:24:56
1381,5,감자에게 주려고 치석이 껴서 알아보다 샀어요. 정신없이 먹어요. 가볍고 부스러기가 적어요. 한창때라 그런지 급여량이 넉넉히 필요해요. 보리 알레르기가 있어 원료를 하나하나 확인하고 샀어요. 주변에도 추천하고 있어요.,0,2026-02-22 20:09:04
1382,3,감자에게 주려고 체중 관리가 필요하다고 해서요. 그럭저럭 먹는 편이에요. 한 번에 먹기 딱 좋은 크기예요. 한창때라 그런지 급여량이 넉넉히 필요해요. 무난해서 당분간은 이걸로 갑니다.,0,2026-08-04 07:25:10
1383,5,아톰에게 주려고 먹던 사료가 안 맞는 것 같아 바꿔봤어요. 봉지 소리만 나도 달려옵니다. 한창때라 그런지 급여량이 넉넉히 필요해요. 바로 재구매했습니다.,0,2026-07-08 00:12:48
1384,4,아톰에게 주려고 양치를 싫어해서 대신할 걸 찾았어요. 그릇을 비우는 걸 보니 마음이 놓여요. 해동해서 주는 게 조금 번거로워요. 작은 아이 입에도 부담이 없어요. 한창때라 그런지 급여량이 넉넉히 필요해요. 다음에도 살 것 같아요.,0,2026-07-27 10:11:49
1385,4,아톰에게 주려고 소화가 편한 걸 고르고 싶었어요. 그릇을 비우는 걸 보니 마음이 놓여요. 한창때라 그런지 급여량이 넉넉히 필요해요. 다음에도 살 것 같아요.,0,2026-08-19 21:06:00
1386,4,아톰에게 주려고 양치를 싫어해서 대신할 걸 찾았어요. 잘 먹어서 다행이에요. 보관이 편한 점이 좋아요. 한창때라 그런지 급여량이 넉넉히 필요해요. 다음에도 살 것 같아요.,0,2026-08-09 13:05:42
1387,4,아톰에게 주려고 털 상태가 계속 신경 쓰였어요. 잘 먹어서 다행이에요. 떨어지면 다시 주문하려고요.,0,2026-07-13 03:25:21
1388,3,아톰에게 주려고 피부를 자꾸 긁어서 찾아봤어요. 그럭저럭 먹는 편이에요. 알갱이가 단단해 오래 씹어요. 작은 아이 입에도 부담이 없어요. 한창때라 그런지 급여량이 넉넉히 필요해요. 가격을 보고 재구매를 정하려고요.,0,2026-07-24 18:20:57
1389,4,아톰에게 주려고 먹던 사료가 안 맞는 것 같아 바꿔봤어요. 잘 먹어서 다행이에요. 알갱이가 단단해 오래 씹어요. 한창때라 그런지 급여량이 넉넉히 필요해요. 다음에도 살 것 같아요.,0,2026-06-11 09:26:24
1390,5,아톰에게 주려고 먹던 사료가 안 맞는 것 같아 바꿔봤어요. 봉지 소리만 나도 달려옵니다. 수분이 많아 물 대신 챙겨주기 좋아요. 작은 아이 입에도 부담이 없어요. 바로 재구매했습니다.,0,2026-08-14 11:43:06
1391,3,아톰에게 주려고 양치를 싫어해서 대신할 걸 찾았어요. 그럭저럭 먹는 편이에요. 가격을 보고 재구매를 정하려고요.,0,2026-08-02 07:11:34
1392,2,아톰에게 주려고 관절이 약해 보여 걱정이었어요. 처음엔 먹다가 금방 남기더라고요. 보관이 편한 점이 좋아요. 재구매는 조금 더 고민해보려고요.,0,2026-07-05 05:35:32
1393,4,아톰에게 주려고 주식을 바꿔볼까 해서 골랐어요. 잘 먹어서 다행이에요. 수분이 많아 물 대신 챙겨주기 좋아요. 한 번에 먹기 딱 좋은 크기예요. 다음에도 살 것 같아요.,0,2026-08-11 21:02:04
1394,5,아톰에게 주려고 산책 뒤에 다리를 아껴주고 싶었어요. 봉지 소리만 나도 달려옵니다. 한 번에 먹기 딱 좋은 크기예요. 한창때라 그런지 급여량이 넉넉히 필요해요. 주변에도 추천하고 있어요.,0,2026-08-15 13:56:40
1395,2,아톰에게 주려고 피부를 자꾸 긁어서 찾아봤어요. 처음엔 먹다가 금방 남기더라고요. 한창때라 그런지 급여량이 넉넉히 필요해요. 한 번 더 줘보고 결정하려 합니다.,0,2026-08-13 09:35:46
1396,5,아톰에게 주려고 살이 붙어서 고민하다 골랐어요. 봉지 소리만 나도 달려옵니다. 알갱이가 단단해 오래 씹어요. 주변에도 추천하고 있어요.,0,2026-06-12 03:49:06
1397,5,아톰에게 주려고 물을 잘 안 마시는 편이라 신경 쓰였어요. 정신없이 먹어요. 바삭해서 손에 묻지 않아요. 한 번에 먹기 딱 좋은 크기예요. 한창때라 그런지 급여량이 넉넉히 필요해요. 주변에도 추천하고 있어요.,0,2026-06-19 10:25:55
1398,3,아톰에게 주려고 치석이 껴서 알아보다 샀어요. 그럭저럭 먹는 편이에요. 한 번에 먹기 딱 좋은 크기예요. 가격을 보고 재구매를 정하려고요.,0,2026-06-21 14:57:25
1399,3,아톰에게 주려고 치석이 껴서 알아보다 샀어요. 주면 먹기는 하는데 열광하진 않아요. 한창때라 그런지 급여량이 넉넉히 필요해요. 가격을 보고 재구매를 정하려고요.,0,2026-07-17 05:31:13
1400,4,아톰에게 주려고 주식을 바꿔볼까 해서 골랐어요. 잘 먹어서 다행이에요. 부드러워서 잘 넘겨요. 한 번에 먹기 딱 좋은 크기예요. 떨어지면 다시 주문하려고요.,0,2026-08-06 01:05:46
1401,5,베리에게 주려고 체중 관리가 필요하다고 해서요. 봉지 소리만 나도 달려옵니다. 바삭해서 손에 묻지 않아요. 입이 작은 아이인데 알맞은 크기예요. 나이가 있어 부드러운 쪽을 신경 쓰게 되네요. 주변에도 추천하고 있어요.,0,2026-07-26 08:28:58
1402,4,베리에게 주려고 산책 뒤에 다리를 아껴주고 싶었어요. 그릇을 비우는 걸 보니 마음이 놓여요. 입이 작은 아이인데 알맞은 크기예요. 다음에도 살 것 같아요.,0,2026-08-22 22:54:20
1403,5,베리에게 주려고 털 상태가 계속 신경 쓰였어요. 정신없이 먹어요. 해동해서 주는 게 조금 번거로워요. 입이 작은 아이인데 알맞은 크기예요. 바로 재구매했습니다.,0,2026-08-19 16:36:44
1404,5,베리에게 주려고 양치를 싫어해서 대신할 걸 찾았어요. 봉지 소리만 나도 달려옵니다. 알갱이가 단단해 오래 씹어요. 나이가 있어 부드러운 쪽을 신경 쓰게 되네요. 바로 재구매했습니다.,0,2026-07-29 20:17:39
1405,5,베리에게 주려고 살이 붙어서 고민하다 골랐어요. 정신없이 먹어요. 입이 작은 아이인데 알맞은 크기예요. 주변에도 추천하고 있어요.,0,2026-07-29 00:31:10
1406,5,베리에게 주려고 주식을 바꿔볼까 해서 골랐어요. 정신없이 먹어요. 수분이 많아 물 대신 챙겨주기 좋아요. 바로 재구매했습니다.,0,2026-08-02 19:29:12
1407,4,떡볶이에게 주려고 첨가물이 적은 걸 찾다가 샀어요. 그릇을 비우는 걸 보니 마음이 놓여요. 입이 작은 아이인데 알맞은 크기예요. 떨어지면 다시 주문하려고요.,0,2026-01-18 00:48:44
1408,5,떡볶이에게 주려고 살이 붙어서 고민하다 골랐어요. 봉지 소리만 나도 달려옵니다. 주변에도 추천하고 있어요.,0,2026-03-22 15:24:08
1409,5,떡볶이에게 주려고 관절이 약해 보여 걱정이었어요. 정신없이 먹어요. 알갱이가 단단해 오래 씹어요. 입이 작은 아이인데 알맞은 크기예요. 게 알레르기가 있어 원료를 하나하나 확인하고 샀어요. 바로 재구매했습니다.,0,2026-05-02 11:50:47
1410,3,떡볶이에게 주려고 소화가 편한 걸 고르고 싶었어요. 주면 먹기는 하는데 열광하진 않아요. 무난해서 당분간은 이걸로 갑니다.,0,2026-06-05 08:49:42
1411,2,콩이에게 주려고 간식으로 하나 들여봤어요. 처음엔 먹다가 금방 남기더라고요. 한 봉지로 같이 먹입니다. 한 번 더 줘보고 결정하려 합니다.,0,2026-05-19 15:12:06
1412,1,콩이에게 주려고 피부를 자꾸 긁어서 찾아봤어요. 냄새만 맡고 돌아서네요. 보관이 편한 점이 좋아요. 재구매는 어려울 것 같아요.,0,2026-02-27 15:26:18
1413,1,콩이에게 주려고 관절이 약해 보여 걱정이었어요. 거의 입도 안 댔어요. 덩치가 있어 양이 금방 줄어요. 재구매는 어려울 것 같아요.,0,2026-03-16 20:38:22
1414,4,콩이에게 주려고 훈련 보상용으로 샀어요. 잘 먹어서 다행이에요. 한창때라 그런지 급여량이 넉넉히 필요해요. 다음에도 살 것 같아요.,0,2026-04-24 09:16:47
1415,4,별이에게 주려고 살이 붙어서 고민하다 골랐어요. 그릇을 비우는 걸 보니 마음이 놓여요. 보관이 편한 점이 좋아요. 쌀 알레르기가 있어 원료를 하나하나 확인하고 샀어요. 떨어지면 다시 주문하려고요.,0,2026-07-14 02:54:22
1416,5,별이에게 주려고 물을 잘 안 마시는 편이라 신경 쓰였어요. 정신없이 먹어요. 해동해서 주는 게 조금 번거로워요. 한 번에 먹기 딱 좋은 크기예요. 나이가 있어 부드러운 쪽을 신경 쓰게 되네요. 쌀이 들어간 걸 먹으면 긁어서 성분표부터 봤습니다. 주변에도 추천하고 있어요.,0,2026-07-21 18:33:23
1417,4,별이에게 주려고 털 상태가 계속 신경 쓰였어요. 그릇을 비우는 걸 보니 마음이 놓여요. 다음에도 살 것 같아요.,0,2026-08-02 05:54:17
1418,4,별이에게 주려고 물을 잘 안 마시는 편이라 신경 쓰였어요. 그릇을 비우는 걸 보니 마음이 놓여요. 바삭해서 손에 묻지 않아요. 쌀이 들어간 걸 먹으면 긁어서 성분표부터 봤습니다. 떨어지면 다시 주문하려고요.,0,2026-06-13 03:31:20
1419,4,별이에게 주려고 수제라 믿음이 가서 골랐어요. 잘 먹어서 다행이에요. 가볍고 부스러기가 적어요. 나이가 있어 부드러운 쪽을 신경 쓰게 되네요. 다음에도 살 것 같아요.,0,2026-06-25 19:14:16
1420,5,별이에게 주려고 작게 끊어 주기 좋아 보여 골랐어요. 봉지 소리만 나도 달려옵니다. 가볍고 부스러기가 적어요. 한 번에 먹기 딱 좋은 크기예요. 나이가 있어 부드러운 쪽을 신경 쓰게 되네요. 쌀 알레르기가 있어 원료를 하나하나 확인하고 샀어요. 주변에도 추천하고 있어요.,0,2026-07-30 13:35:42
1421,4,치즈에게 주려고 작게 끊어 주기 좋아 보여 골랐어요. 그릇을 비우는 걸 보니 마음이 놓여요. 한 봉지로 같이 먹입니다. 치즈 알레르기가 있어 원료를 하나하나 확인하고 샀어요. 떨어지면 다시 주문하려고요.,0,2026-02-26 06:26:33
1422,5,치즈에게 주려고 살이 붙어서 고민하다 골랐어요. 정신없이 먹어요. 치즈이 들어간 걸 먹으면 긁어서 성분표부터 봤습니다. 바로 재구매했습니다.,0,2026-07-11 17:23:26
1423,2,치즈에게 주려고 물을 잘 안 마시는 편이라 신경 쓰였어요. 처음엔 먹다가 금방 남기더라고요. 한창때라 그런지 급여량이 넉넉히 필요해요. 치즈이 들어간 걸 먹으면 긁어서 성분표부터 봤습니다. 재구매는 조금 더 고민해보려고요.,0,2026-02-25 06:30:05
1424,5,치즈에게 주려고 피부를 자꾸 긁어서 찾아봤어요. 정신없이 먹어요. 한 번에 먹기 딱 좋은 크기예요. 치즈이 들어간 걸 먹으면 긁어서 성분표부터 봤습니다. 바로 재구매했습니다.,0,2026-05-06 20:42:55
1425,5,치즈에게 주려고 피부를 자꾸 긁어서 찾아봤어요. 정신없이 먹어요. 둘 다 먹일 수 있어 편해요. 한 번에 먹기 딱 좋은 크기예요. 주변에도 추천하고 있어요.,0,2026-02-21 12:09:28
1426,4,치즈에게 주려고 주식을 바꿔볼까 해서 골랐어요. 그릇을 비우는 걸 보니 마음이 놓여요. 한 번에 먹기 딱 좋은 크기예요. 치즈 알레르기가 있어 원료를 하나하나 확인하고 샀어요. 다음에도 살 것 같아요.,0,2026-08-08 04:30:35
1427,4,호두에게 주려고 물을 잘 안 마시는 편이라 신경 쓰였어요. 그릇을 비우는 걸 보니 마음이 놓여요. 바삭해서 손에 묻지 않아요. 병아리콩 알레르기가 있어 원료를 하나하나 확인하고 샀어요. 떨어지면 다시 주문하려고요.,0,2026-06-25 00:59:12
1428,4,호두에게 주려고 먹던 사료가 안 맞는 것 같아 바꿔봤어요. 잘 먹어서 다행이에요. 작은 아이 입에도 부담이 없어요. 다음에도 살 것 같아요.,0,2026-06-18 01:38:58
1429,3,호두에게 주려고 속이 자주 안 좋아서 찾아봤어요. 주면 먹기는 하는데 열광하진 않아요. 부드러워서 잘 넘겨요. 무난해서 당분간은 이걸로 갑니다.,0,2026-08-22 23:23:52
1430,4,호두에게 주려고 속이 자주 안 좋아서 찾아봤어요. 잘 먹어서 다행이에요. 떨어지면 다시 주문하려고요.,0,2026-08-01 15:49:21
1431,4,호두에게 주려고 관절이 약해 보여 걱정이었어요. 그릇을 비우는 걸 보니 마음이 놓여요. 작은 아이 입에도 부담이 없어요. 나이가 있어 부드러운 쪽을 신경 쓰게 되네요. 떨어지면 다시 주문하려고요.,0,2026-07-31 00:09:56
1432,4,호두에게 주려고 체중 관리가 필요하다고 해서요. 잘 먹어서 다행이에요. 다음에도 살 것 같아요.,0,2026-08-13 18:00:38
1433,4,호두에게 주려고 물을 잘 안 마시는 편이라 신경 쓰였어요. 잘 먹어서 다행이에요. 작은 아이 입에도 부담이 없어요. 병아리콩이 들어간 걸 먹으면 긁어서 성분표부터 봤습니다. 떨어지면 다시 주문하려고요.,0,2026-07-08 09:52:04
1434,5,호두에게 주려고 먹던 사료가 안 맞는 것 같아 바꿔봤어요. 정신없이 먹어요. 알갱이가 단단해 오래 씹어요. 병아리콩 알레르기가 있어 원료를 하나하나 확인하고 샀어요. 주변에도 추천하고 있어요.,0,2026-07-15 11:29:25
1435,4,호두에게 주려고 피부를 자꾸 긁어서 찾아봤어요. 잘 먹어서 다행이에요. 해동해서 주는 게 조금 번거로워요. 떨어지면 다시 주문하려고요.,0,2026-06-12 04:07:45
1436,4,호두에게 주려고 속이 자주 안 좋아서 찾아봤어요. 그릇을 비우는 걸 보니 마음이 놓여요. 알갱이가 단단해 오래 씹어요. 병아리콩 알레르기가 있어 원료를 하나하나 확인하고 샀어요. 떨어지면 다시 주문하려고요.,0,2026-08-13 04:10:28
1437,5,호두에게 주려고 체중 관리가 필요하다고 해서요. 봉지 소리만 나도 달려옵니다. 부드러워서 잘 넘겨요. 작은 아이 입에도 부담이 없어요. 나이가 있어 부드러운 쪽을 신경 쓰게 되네요. 바로 재구매했습니다.,0,2026-07-16 21:01:43
1438,5,토리에게 주려고 양치를 싫어해서 대신할 걸 찾았어요. 정신없이 먹어요. 알갱이가 단단해 오래 씹어요. 입이 작은 아이인데 알맞은 크기예요. 나이가 있어 부드러운 쪽을 신경 쓰게 되네요. 주변에도 추천하고 있어요.,0,2026-02-01 03:15:51
1439,5,토리에게 주려고 물을 잘 안 마시는 편이라 신경 쓰였어요. 봉지 소리만 나도 달려옵니다. 둘 다 먹일 수 있어 편해요. 바로 재구매했습니다.,0,2026-03-07 18:09:50
1440,4,탄이에게 주려고 훈련 보상용으로 샀어요. 잘 먹어서 다행이에요. 한창때라 그런지 급여량이 넉넉히 필요해요. 다음에도 살 것 같아요.,0,2025-12-09 01:56:38
1441,4,모카에게 주려고 살이 붙어서 고민하다 골랐어요. 잘 먹어서 다행이에요. 작은 아이 입에도 부담이 없어요. 한창때라 그런지 급여량이 넉넉히 필요해요. 다음에도 살 것 같아요.,0,2026-01-25 04:22:06
1442,4,똘이에게 주려고 살이 붙어서 고민하다 골랐어요. 잘 먹어서 다행이에요. 보관이 편한 점이 좋아요. 작은 아이 입에도 부담이 없어요. 한창때라 그런지 급여량이 넉넉히 필요해요. 다음에도 살 것 같아요.,0,2025-05-27 19:09:41
1443,3,삐삐에게 주려고 살이 붙어서 고민하다 골랐어요. 주면 먹기는 하는데 열광하진 않아요. 보관이 편한 점이 좋아요. 한 번에 먹기 딱 좋은 크기예요. 가격을 보고 재구매를 정하려고요.,0,2026-06-30 13:32:07
1444,5,봄이에게 주려고 관절이 약해 보여 걱정이었어요. 정신없이 먹어요. 한 봉지로 같이 먹입니다. 주변에도 추천하고 있어요.,0,2026-07-19 06:59:53
1445,4,마루에게 주려고 훈련 보상용으로 샀어요. 그릇을 비우는 걸 보니 마음이 놓여요. 닭고기 알레르기가 있어 원료를 하나하나 확인하고 샀어요. 떨어지면 다시 주문하려고요.,0,2025-02-11 14:57:18
1446,5,콩이에게 주려고 피부를 자꾸 긁어서 찾아봤어요. 봉지 소리만 나도 달려옵니다. 알갱이가 단단해 오래 씹어요. 바로 재구매했습니다.,0,2026-08-25 23:59:59
1447,4,먼지에게 주려고 간식으로 하나 들여봤어요. 그릇을 비우는 걸 보니 마음이 놓여요. 둘 다 먹일 수 있어 편해요. 소고기 알레르기가 있어 원료를 하나하나 확인하고 샀어요. 다음에도 살 것 같아요.,0,2026-08-25 23:59:59
1448,2,뽀삐에게 주려고 주식을 바꿔볼까 해서 골랐어요. 억지로 먹이는 느낌이라 아쉬워요. 알갱이가 단단해 오래 씹어요. 한 번 더 줘보고 결정하려 합니다.,0,2026-07-02 11:39:41
1449,5,단추에게 주려고 체중 관리가 필요하다고 해서요. 봉지 소리만 나도 달려옵니다. 아직 어려서 조금씩 나눠 급여하고 있어요. 바로 재구매했습니다.,0,2026-08-07 02:42:01
1450,4,감자에게 주려고 치석이 껴서 알아보다 샀어요. 그릇을 비우는 걸 보니 마음이 놓여요. 한 봉지로 같이 먹입니다. 한 번에 먹기 딱 좋은 크기예요. 한창때라 그런지 급여량이 넉넉히 필요해요. 보리 알레르기가 있어 원료를 하나하나 확인하고 샀어요. 떨어지면 다시 주문하려고요.,0,2026-01-28 16:26:24
1451,5,베리에게 주려고 양치를 싫어해서 대신할 걸 찾았어요. 정신없이 먹어요. 둘 다 먹일 수 있어 편해요. 채소이 들어간 걸 먹으면 긁어서 성분표부터 봤습니다. 바로 재구매했습니다.,0,2025-06-07 12:34:10
1452,4,마루에게 주려고 훈련 보상용으로 샀어요. 잘 먹어서 다행이에요. 부드러워서 잘 넘겨요. 나이가 있어 부드러운 쪽을 신경 쓰게 되네요. 단백질 알레르기가 있어 원료를 하나하나 확인하고 샀어요. 다음에도 살 것 같아요.,0,2026-08-18 09:36:27
1453,2,삐삐에게 주려고 속이 자주 안 좋아서 찾아봤어요. 억지로 먹이는 느낌이라 아쉬워요. 알갱이가 단단해 오래 씹어요. 한 번에 먹기 딱 좋은 크기예요. 한 번 더 줘보고 결정하려 합니다.,0,2026-06-14 09:13:52
1454,4,베리에게 주려고 털 상태가 계속 신경 쓰였어요. 그릇을 비우는 걸 보니 마음이 놓여요. 가볍고 부스러기가 적어요. 땅콩 알레르기가 있어 원료를 하나하나 확인하고 샀어요. 다음에도 살 것 같아요.,0,2026-02-26 03:22:50
1455,4,마루에게 주려고 새로운 간식을 찾다가 골랐어요. 그릇을 비우는 걸 보니 마음이 놓여요. 가볍고 부스러기가 적어요. 떨어지면 다시 주문하려고요.,0,2026-08-08 09:44:09
1456,2,초코에게 주려고 피부를 자꾸 긁어서 찾아봤어요. 처음엔 먹다가 금방 남기더라고요. 작은 아이 입에도 부담이 없어요. 한창때라 그런지 급여량이 넉넉히 필요해요. 한 번 더 줘보고 결정하려 합니다.,0,2026-03-17 20:02:24
1457,4,뽀삐에게 주려고 산책 뒤에 다리를 아껴주고 싶었어요. 그릇을 비우는 걸 보니 마음이 놓여요. 알갱이가 단단해 오래 씹어요. 떨어지면 다시 주문하려고요.,0,2026-07-09 23:38:19
1458,5,봄이에게 주려고 피부를 자꾸 긁어서 찾아봤어요. 정신없이 먹어요. 부드러워서 잘 넘겨요. 바로 재구매했습니다.,0,2026-03-29 05:46:21
1459,5,슈슈에게 주려고 신장 수치가 걱정돼서요. 정신없이 먹어요. 가볍고 부스러기가 적어요. 바로 재구매했습니다.,0,2026-06-06 07:48:31
1460,4,순이에게 주려고 치석이 껴서 알아보다 샀어요. 그릇을 비우는 걸 보니 마음이 놓여요. 떨어지면 다시 주문하려고요.,0,2026-08-24 02:56:12
1461,4,치즈에게 주려고 살이 붙어서 고민하다 골랐어요. 그릇을 비우는 걸 보니 마음이 놓여요. 한 봉지로 같이 먹입니다. 한 번에 먹기 딱 좋은 크기예요. 떨어지면 다시 주문하려고요.,0,2025-09-06 11:09:31
1462,5,봄이에게 주려고 양치를 싫어해서 대신할 걸 찾았어요. 봉지 소리만 나도 달려옵니다. 작은 아이 입에도 부담이 없어요. 주변에도 추천하고 있어요.,0,2026-04-26 01:49:10
1463,5,모카에게 주려고 먹던 사료가 안 맞는 것 같아 바꿔봤어요. 정신없이 먹어요. 알갱이가 단단해 오래 씹어요. 작은 아이 입에도 부담이 없어요. 바로 재구매했습니다.,0,2026-04-08 17:42:22
1464,4,별이에게 주려고 피부를 자꾸 긁어서 찾아봤어요. 그릇을 비우는 걸 보니 마음이 놓여요. 신선한 느낌이 들어요. 덩치가 있어 양이 금방 줄어요. 다음에도 살 것 같아요.,0,2026-02-05 15:12:43
1465,3,밤비에게 주려고 첨가물이 적은 걸 찾다가 샀어요. 그럭저럭 먹는 편이에요. 알갱이가 단단해 오래 씹어요. 한창때라 그런지 급여량이 넉넉히 필요해요. 무난해서 당분간은 이걸로 갑니다.,0,2026-06-16 14:29:19
1466,2,모카에게 주려고 양치를 싫어해서 대신할 걸 찾았어요. 억지로 먹이는 느낌이라 아쉬워요. 바삭해서 손에 묻지 않아요. 작은 아이 입에도 부담이 없어요. 연어 알레르기가 있어 원료를 하나하나 확인하고 샀어요. 재구매는 조금 더 고민해보려고요.,0,2026-04-18 04:18:13
1467,1,별이에게 주려고 피부를 자꾸 긁어서 찾아봤어요. 냄새만 맡고 돌아서네요. 바삭해서 손에 묻지 않아요. 다른 제품을 다시 찾아봐야겠어요.,0,2026-06-25 19:11:00
1468,4,탄이에게 주려고 먹던 사료가 안 맞는 것 같아 바꿔봤어요. 잘 먹어서 다행이에요. 한 봉지로 같이 먹입니다. 다음에도 살 것 같아요.,0,2026-08-22 11:59:51
1469,4,설이에게 주려고 먹던 사료가 안 맞는 것 같아 바꿔봤어요. 그릇을 비우는 걸 보니 마음이 놓여요. 알갱이가 단단해 오래 씹어요. 입이 작은 아이인데 알맞은 크기예요. 한창때라 그런지 급여량이 넉넉히 필요해요. 떨어지면 다시 주문하려고요.,0,2025-12-31 12:04:40
1470,5,까미에게 주려고 수제라 믿음이 가서 골랐어요. 봉지 소리만 나도 달려옵니다. 바로 재구매했습니다.,0,2026-06-14 05:34:01
1471,3,코코에게 주려고 산책 뒤에 다리를 아껴주고 싶었어요. 주면 먹기는 하는데 열광하진 않아요. 바삭해서 손에 묻지 않아요. 한 번에 먹기 딱 좋은 크기예요. 한창때라 그런지 급여량이 넉넉히 필요해요. 가격을 보고 재구매를 정하려고요.,0,2026-08-12 19:57:18
1472,3,단추에게 주려고 훈련 보상용으로 샀어요. 그럭저럭 먹는 편이에요. 가볍고 부스러기가 적어요. 가격을 보고 재구매를 정하려고요.,0,2026-08-15 14:52:14
1473,3,모카에게 주려고 관절이 약해 보여 걱정이었어요. 그럭저럭 먹는 편이에요. 수분이 많아 물 대신 챙겨주기 좋아요. 작은 아이 입에도 부담이 없어요. 가격을 보고 재구매를 정하려고요.,0,2026-07-26 15:48:55
1474,3,까미에게 주려고 물을 잘 안 마시는 편이라 신경 쓰였어요. 주면 먹기는 하는데 열광하진 않아요. 한 번에 먹기 딱 좋은 크기예요. 가격을 보고 재구매를 정하려고요.,0,2026-07-18 05:21:57
1475,1,떡볶이에게 주려고 물을 잘 안 마시는 편이라 신경 쓰였어요. 거의 입도 안 댔어요. 한 번에 먹기 딱 좋은 크기예요. 다른 제품을 다시 찾아봐야겠어요.,0,2026-02-21 16:01:42
1476,1,콩이에게 주려고 관절이 약해 보여 걱정이었어요. 냄새만 맡고 돌아서네요. 가볍고 부스러기가 적어요. 재구매는 어려울 것 같아요.,0,2025-12-13 18:51:19
1477,5,라떼에게 주려고 첨가물이 적은 걸 찾다가 샀어요. 봉지 소리만 나도 달려옵니다. 알갱이가 단단해 오래 씹어요. 한창때라 그런지 급여량이 넉넉히 필요해요. 바로 재구매했습니다.,0,2026-06-09 05:07:30
1478,5,호두에게 주려고 산책 뒤에 다리를 아껴주고 싶었어요. 정신없이 먹어요. 바로 재구매했습니다.,0,2026-01-29 05:53:20
1479,3,초코에게 주려고 체중 관리가 필요하다고 해서요. 그럭저럭 먹는 편이에요. 알갱이가 단단해 오래 씹어요. 한창때라 그런지 급여량이 넉넉히 필요해요. 가격을 보고 재구매를 정하려고요.,0,2025-10-12 17:38:34
1480,4,호두에게 주려고 속이 자주 안 좋아서 찾아봤어요. 그릇을 비우는 걸 보니 마음이 놓여요. 보관이 편한 점이 좋아요. 다음에도 살 것 같아요.,0,2025-07-17 11:57:17
1481,5,호두에게 주려고 물을 잘 안 마시는 편이라 신경 쓰였어요. 봉지 소리만 나도 달려옵니다. 알갱이가 단단해 오래 씹어요. 덩치가 있어 양이 금방 줄어요. 귀리이 들어간 걸 먹으면 긁어서 성분표부터 봤습니다. 주변에도 추천하고 있어요.,0,2026-08-25 23:59:59
1482,2,코코에게 주려고 물을 잘 안 마시는 편이라 신경 쓰였어요. 처음엔 먹다가 금방 남기더라고요. 한 번에 먹기 딱 좋은 크기예요. 더덕 알레르기가 있어 원료를 하나하나 확인하고 샀어요. 재구매는 조금 더 고민해보려고요.,0,2026-06-02 06:56:23
1483,4,유리에게 주려고 살이 붙어서 고민하다 골랐어요. 잘 먹어서 다행이에요. 덩치가 있어 양이 금방 줄어요. 다음에도 살 것 같아요.,0,2026-06-04 22:48:09
1484,4,콩이에게 주려고 산책 뒤에 다리를 아껴주고 싶었어요. 그릇을 비우는 걸 보니 마음이 놓여요. 다음에도 살 것 같아요.,0,2026-04-22 08:56:53
1485,5,단추에게 주려고 먹던 사료가 안 맞는 것 같아 바꿔봤어요. 정신없이 먹어요. 부드러워서 잘 넘겨요. 바로 재구매했습니다.,0,2026-08-21 10:55:58
1486,5,방울에게 주려고 피부를 자꾸 긁어서 찾아봤어요. 봉지 소리만 나도 달려옵니다. 바로 재구매했습니다.,0,2026-07-11 13:07:42
1487,3,먼지에게 주려고 피부를 자꾸 긁어서 찾아봤어요. 그럭저럭 먹는 편이에요. 감자이 들어간 걸 먹으면 긁어서 성분표부터 봤습니다. 가격을 보고 재구매를 정하려고요.,0,2026-02-28 19:02:26
1488,1,유리에게 주려고 털 상태가 계속 신경 쓰였어요. 거의 입도 안 댔어요. 알갱이가 단단해 오래 씹어요. 곡물 알레르기가 있어 원료를 하나하나 확인하고 샀어요. 재구매는 어려울 것 같아요.,0,2024-10-13 18:23:51
1489,3,베리에게 주려고 털 상태가 계속 신경 쓰였어요. 주면 먹기는 하는데 열광하진 않아요. 둘 다 먹일 수 있어 편해요. 나이가 있어 부드러운 쪽을 신경 쓰게 되네요. 가격을 보고 재구매를 정하려고요.,0,2026-03-18 19:52:27
1490,5,가을에게 주려고 속이 자주 안 좋아서 찾아봤어요. 정신없이 먹어요. 견과류 알레르기가 있어 원료를 하나하나 확인하고 샀어요. 바로 재구매했습니다.,0,2026-03-28 00:58:47
1491,5,베리에게 주려고 산책 뒤에 다리를 아껴주고 싶었어요. 봉지 소리만 나도 달려옵니다. 바삭해서 손에 묻지 않아요. 바로 재구매했습니다.,0,2026-05-11 08:03:27
1492,3,베리에게 주려고 관절이 약해 보여 걱정이었어요. 그럭저럭 먹는 편이에요. 보관이 편한 점이 좋아요. 무난해서 당분간은 이걸로 갑니다.,0,2026-06-04 04:51:50
1493,4,가을에게 주려고 먹던 사료가 안 맞는 것 같아 바꿔봤어요. 그릇을 비우는 걸 보니 마음이 놓여요. 수분이 많아 물 대신 챙겨주기 좋아요. 다음에도 살 것 같아요.,0,2026-05-15 06:40:45
1494,3,똘이에게 주려고 물을 잘 안 마시는 편이라 신경 쓰였어요. 주면 먹기는 하는데 열광하진 않아요. 무난해서 당분간은 이걸로 갑니다.,0,2026-07-26 07:58:00
1495,3,코코에게 주려고 털 상태가 계속 신경 쓰였어요. 그럭저럭 먹는 편이에요. 둘 다 먹일 수 있어 편해요. 곤충단백이 들어간 걸 먹으면 긁어서 성분표부터 봤습니다. 무난해서 당분간은 이걸로 갑니다.,0,2026-01-27 15:33:08
1496,5,방울에게 주려고 주식을 바꿔볼까 해서 골랐어요. 정신없이 먹어요. 나이가 있어 부드러운 쪽을 신경 쓰게 되네요. 바로 재구매했습니다.,0,2026-08-22 15:12:31
1497,4,망고에게 주려고 훈련 보상용으로 샀어요. 잘 먹어서 다행이에요. 바삭해서 손에 묻지 않아요. 더덕 알레르기가 있어 원료를 하나하나 확인하고 샀어요. 다음에도 살 것 같아요.,0,2026-06-18 20:47:21
1498,5,베리에게 주려고 산책 뒤에 다리를 아껴주고 싶었어요. 정신없이 먹어요. 한 번에 먹기 딱 좋은 크기예요. 보리 알레르기가 있어 원료를 하나하나 확인하고 샀어요. 바로 재구매했습니다.,0,2025-10-13 09:17:19
1499,5,치즈에게 주려고 관절이 약해 보여 걱정이었어요. 봉지 소리만 나도 달려옵니다. 한 번에 먹기 딱 좋은 크기예요. 치즈 알레르기가 있어 원료를 하나하나 확인하고 샀어요. 바로 재구매했습니다.,0,2026-05-26 01:43:54
1500,3,베리에게 주려고 살이 붙어서 고민하다 골랐어요. 주면 먹기는 하는데 열광하진 않아요. 수분이 많아 물 대신 챙겨주기 좋아요. 가격을 보고 재구매를 정하려고요.,0,2026-07-28 23:41:29
1501,3,설이에게 주려고 피부를 자꾸 긁어서 찾아봤어요. 그럭저럭 먹는 편이에요. 입이 작은 아이인데 알맞은 크기예요. 가격을 보고 재구매를 정하려고요.,0,2026-05-10 22:10:08
1502,3,구름에게 주려고 살이 붙어서 고민하다 골랐어요. 주면 먹기는 하는데 열광하진 않아요. 보관이 편한 점이 좋아요. 나이가 있어 부드러운 쪽을 신경 쓰게 되네요. 가격을 보고 재구매를 정하려고요.,0,2026-05-27 03:20:14
1503,2,순이에게 주려고 산책 뒤에 다리를 아껴주고 싶었어요. 처음엔 먹다가 금방 남기더라고요. 한 번에 먹기 딱 좋은 크기예요. 재구매는 조금 더 고민해보려고요.,0,2026-05-03 17:36:00
1504,4,보리에게 주려고 체중 관리가 필요하다고 해서요. 그릇을 비우는 걸 보니 마음이 놓여요. 보관이 편한 점이 좋아요. 떨어지면 다시 주문하려고요.,0,2025-07-01 05:20:21
1505,4,떡볶이에게 주려고 치석이 껴서 알아보다 샀어요. 잘 먹어서 다행이에요. 떨어지면 다시 주문하려고요.,0,2026-08-01 14:27:37
1506,3,베리에게 주려고 관절이 약해 보여 걱정이었어요. 그럭저럭 먹는 편이에요. 수분이 많아 물 대신 챙겨주기 좋아요. 가격을 보고 재구매를 정하려고요.,0,2026-08-20 06:52:26
1507,4,몽이에게 주려고 새로운 간식을 찾다가 골랐어요. 그릇을 비우는 걸 보니 마음이 놓여요. 둘 다 먹일 수 있어 편해요. 덩치가 있어 양이 금방 줄어요. 아직 어려서 조금씩 나눠 급여하고 있어요. 떨어지면 다시 주문하려고요.,0,2026-07-23 13:28:05
1508,5,치즈에게 주려고 피부를 자꾸 긁어서 찾아봤어요. 정신없이 먹어요. 작은 아이 입에도 부담이 없어요. 아직 어려서 조금씩 나눠 급여하고 있어요. 주변에도 추천하고 있어요.,0,2025-10-25 15:52:34
1509,4,두부에게 주려고 관절이 약해 보여 걱정이었어요. 그릇을 비우는 걸 보니 마음이 놓여요. 작은 아이 입에도 부담이 없어요. 땅콩이 들어간 걸 먹으면 긁어서 성분표부터 봤습니다. 다음에도 살 것 같아요.,0,2026-08-03 07:32:17
1510,5,달이에게 주려고 작게 끊어 주기 좋아 보여 골랐어요. 정신없이 먹어요. 부드러워서 잘 넘겨요. 계란이 들어간 걸 먹으면 긁어서 성분표부터 봤습니다. 바로 재구매했습니다.,0,2026-08-18 17:42:41
1511,5,베리에게 주려고 먹던 사료가 안 맞는 것 같아 바꿔봤어요. 봉지 소리만 나도 달려옵니다. 한 번에 먹기 딱 좋은 크기예요. 주변에도 추천하고 있어요.,1,2026-08-03 11:20:04
1512,1,유리에게 주려고 관절이 약해 보여 걱정이었어요. 거의 입도 안 댔어요. 알갱이가 단단해 오래 씹어요. 덩치가 있어 양이 금방 줄어요. 다른 제품을 다시 찾아봐야겠어요.,0,2025-07-11 23:37:17
1513,3,토리에게 주려고 속이 자주 안 좋아서 찾아봤어요. 주면 먹기는 하는데 열광하진 않아요. 입이 작은 아이인데 알맞은 크기예요. 나이가 있어 부드러운 쪽을 신경 쓰게 되네요. 가격을 보고 재구매를 정하려고요.,0,2026-01-26 23:14:46
1514,4,토리에게 주려고 산책 뒤에 다리를 아껴주고 싶었어요. 잘 먹어서 다행이에요. 알갱이가 단단해 오래 씹어요. 한 번에 먹기 딱 좋은 크기예요. 다음에도 살 것 같아요.,0,2026-03-08 03:18:44
1515,4,베리에게 주려고 살이 붙어서 고민하다 골랐어요. 그릇을 비우는 걸 보니 마음이 놓여요. 입이 작은 아이인데 알맞은 크기예요. 다음에도 살 것 같아요.,0,2026-04-12 03:20:38
1516,1,설이에게 주려고 소화가 편한 걸 고르고 싶었어요. 거의 입도 안 댔어요. 한창때라 그런지 급여량이 넉넉히 필요해요. 재구매는 어려울 것 같아요.,0,2025-12-10 03:13:46
1517,5,망고에게 주려고 속이 자주 안 좋아서 찾아봤어요. 정신없이 먹어요. 알갱이가 단단해 오래 씹어요. 덩치가 있어 양이 금방 줄어요. 주변에도 추천하고 있어요.,0,2026-08-25 23:59:59
1518,3,나비에게 주려고 첨가물이 적은 걸 찾다가 샀어요. 주면 먹기는 하는데 열광하진 않아요. 무난해서 당분간은 이걸로 갑니다.,1,2026-06-29 14:16:05
1519,3,토리에게 주려고 신장 수치가 걱정돼서요. 그럭저럭 먹는 편이에요. 알갱이가 단단해 오래 씹어요. 작은 아이 입에도 부담이 없어요. 무난해서 당분간은 이걸로 갑니다.,0,2026-07-16 11:08:15
1520,4,감자에게 주려고 체중 관리가 필요하다고 해서요. 잘 먹어서 다행이에요. 다음에도 살 것 같아요.,0,2026-06-16 02:22:05
1521,5,가을에게 주려고 속이 자주 안 좋아서 찾아봤어요. 정신없이 먹어요. 바삭해서 손에 묻지 않아요. 작은 아이 입에도 부담이 없어요. 유제품이 들어간 걸 먹으면 긁어서 성분표부터 봤습니다. 주변에도 추천하고 있어요.,0,2025-06-04 02:31:19
1522,1,뽀삐에게 주려고 피부를 자꾸 긁어서 찾아봤어요. 냄새만 맡고 돌아서네요. 재구매는 어려울 것 같아요.,0,2025-07-14 20:13:33
1523,5,나비에게 주려고 물을 잘 안 마시는 편이라 신경 쓰였어요. 정신없이 먹어요. 바삭해서 손에 묻지 않아요. 한창때라 그런지 급여량이 넉넉히 필요해요. 주변에도 추천하고 있어요.,0,2026-08-25 23:59:59
1524,3,루비에게 주려고 작게 끊어 주기 좋아 보여 골랐어요. 주면 먹기는 하는데 열광하진 않아요. 귀리 알레르기가 있어 원료를 하나하나 확인하고 샀어요. 무난해서 당분간은 이걸로 갑니다.,0,2025-11-28 03:03:54
1525,2,뽀삐에게 주려고 살이 붙어서 고민하다 골랐어요. 억지로 먹이는 느낌이라 아쉬워요. 알갱이가 단단해 오래 씹어요. 입이 작은 아이인데 알맞은 크기예요. 한창때라 그런지 급여량이 넉넉히 필요해요. 적색육 알레르기가 있어 원료를 하나하나 확인하고 샀어요. 한 번 더 줘보고 결정하려 합니다.,0,2026-08-10 08:09:23
1526,1,망고에게 주려고 소화가 편한 걸 고르고 싶었어요. 거의 입도 안 댔어요. 한 번에 먹기 딱 좋은 크기예요. 재구매는 어려울 것 같아요.,0,2026-02-27 12:53:04
1527,1,라떼에게 주려고 양치를 싫어해서 대신할 걸 찾았어요. 냄새만 맡고 돌아서네요. 재구매는 어려울 것 같아요.,0,2026-05-22 05:31:43
1528,5,몽이에게 주려고 털 상태가 계속 신경 쓰였어요. 봉지 소리만 나도 달려옵니다. 가볍고 부스러기가 적어요. 바로 재구매했습니다.,0,2026-05-02 00:41:45
1529,5,몽이에게 주려고 물을 잘 안 마시는 편이라 신경 쓰였어요. 정신없이 먹어요. 한 번에 먹기 딱 좋은 크기예요. 주변에도 추천하고 있어요.,0,2026-08-25 23:59:59
1530,5,베리에게 주려고 관절이 약해 보여 걱정이었어요. 봉지 소리만 나도 달려옵니다. 바로 재구매했습니다.,0,2026-08-08 06:12:55
1531,4,마루에게 주려고 양치를 싫어해서 대신할 걸 찾았어요. 잘 먹어서 다행이에요. 작은 아이 입에도 부담이 없어요. 한창때라 그런지 급여량이 넉넉히 필요해요. 다음에도 살 것 같아요.,0,2025-04-11 09:35:33
1532,3,베리에게 주려고 물을 잘 안 마시는 편이라 신경 쓰였어요. 그럭저럭 먹는 편이에요. 알갱이가 단단해 오래 씹어요. 가격을 보고 재구매를 정하려고요.,0,2026-07-21 04:41:38
1533,4,별이에게 주려고 주식을 바꿔볼까 해서 골랐어요. 그릇을 비우는 걸 보니 마음이 놓여요. 다음에도 살 것 같아요.,0,2026-08-25 23:59:59
1534,5,단추에게 주려고 양치를 싫어해서 대신할 걸 찾았어요. 봉지 소리만 나도 달려옵니다. 주변에도 추천하고 있어요.,0,2026-06-27 03:34:59
1535,4,베리에게 주려고 소화가 편한 걸 고르고 싶었어요. 잘 먹어서 다행이에요. 보관이 편한 점이 좋아요. 덩치가 있어 양이 금방 줄어요. 나이가 있어 부드러운 쪽을 신경 쓰게 되네요. 다음에도 살 것 같아요.,0,2026-03-16 14:25:59
1536,1,모카에게 주려고 훈련 보상용으로 샀어요. 냄새만 맡고 돌아서네요. 바삭해서 손에 묻지 않아요. 한창때라 그런지 급여량이 넉넉히 필요해요. 재구매는 어려울 것 같아요.,1,2026-07-31 14:33:40
1537,4,방울에게 주려고 먹던 사료가 안 맞는 것 같아 바꿔봤어요. 그릇을 비우는 걸 보니 마음이 놓여요. 우유이 들어간 걸 먹으면 긁어서 성분표부터 봤습니다. 떨어지면 다시 주문하려고요.,0,2026-08-02 07:02:57
1538,5,탄이에게 주려고 산책 뒤에 다리를 아껴주고 싶었어요. 정신없이 먹어요. 주변에도 추천하고 있어요.,0,2026-08-25 23:59:59
1539,4,탄이에게 주려고 첨가물이 적은 걸 찾다가 샀어요. 그릇을 비우는 걸 보니 마음이 놓여요. 알갱이가 단단해 오래 씹어요. 한창때라 그런지 급여량이 넉넉히 필요해요. 떨어지면 다시 주문하려고요.,0,2026-06-27 06:17:07
1540,4,쿠키에게 주려고 수제라 믿음이 가서 골랐어요. 잘 먹어서 다행이에요. 새우 알레르기가 있어 원료를 하나하나 확인하고 샀어요. 다음에도 살 것 같아요.,1,2026-08-10 07:30:11
1541,5,유리에게 주려고 산책 뒤에 다리를 아껴주고 싶었어요. 정신없이 먹어요. 보관이 편한 점이 좋아요. 한 번에 먹기 딱 좋은 크기예요. 아직 어려서 조금씩 나눠 급여하고 있어요. 게이 들어간 걸 먹으면 긁어서 성분표부터 봤습니다. 바로 재구매했습니다.,0,2026-08-15 11:52:34
1542,5,뽀삐에게 주려고 양치를 싫어해서 대신할 걸 찾았어요. 정신없이 먹어요. 갑각류 알레르기가 있어 원료를 하나하나 확인하고 샀어요. 주변에도 추천하고 있어요.,1,2025-09-28 22:37:25
1543,5,삐삐에게 주려고 산책 뒤에 다리를 아껴주고 싶었어요. 봉지 소리만 나도 달려옵니다. 한 번에 먹기 딱 좋은 크기예요. 주변에도 추천하고 있어요.,0,2026-08-25 05:25:15
1544,5,똘이에게 주려고 먹던 사료가 안 맞는 것 같아 바꿔봤어요. 봉지 소리만 나도 달려옵니다. 부드러워서 잘 넘겨요. 작은 아이 입에도 부담이 없어요. 한창때라 그런지 급여량이 넉넉히 필요해요. 인공색소이 들어간 걸 먹으면 긁어서 성분표부터 봤습니다. 바로 재구매했습니다.,0,2026-07-18 21:36:29
1545,5,똘이에게 주려고 피부를 자꾸 긁어서 찾아봤어요. 정신없이 먹어요. 나이가 있어 부드러운 쪽을 신경 쓰게 되네요. 바로 재구매했습니다.,0,2026-06-25 07:36:28
1546,4,두부에게 주려고 관절이 약해 보여 걱정이었어요. 그릇을 비우는 걸 보니 마음이 놓여요. 한 번에 먹기 딱 좋은 크기예요. 한창때라 그런지 급여량이 넉넉히 필요해요. 대두 알레르기가 있어 원료를 하나하나 확인하고 샀어요. 다음에도 살 것 같아요.,0,2025-08-11 11:36:32
1547,1,봄이에게 주려고 관절이 약해 보여 걱정이었어요. 거의 입도 안 댔어요. 보관이 편한 점이 좋아요. 다른 제품을 다시 찾아봐야겠어요.,0,2025-05-05 13:14:06
1548,1,유리에게 주려고 신장 수치가 걱정돼서요. 거의 입도 안 댔어요. 바삭해서 손에 묻지 않아요. 쌀이 들어간 걸 먹으면 긁어서 성분표부터 봤습니다. 다른 제품을 다시 찾아봐야겠어요.,0,2026-05-01 15:30:15
1549,5,단추에게 주려고 관절이 약해 보여 걱정이었어요. 정신없이 먹어요. 보관이 편한 점이 좋아요. 적색육 알레르기가 있어 원료를 하나하나 확인하고 샀어요. 주변에도 추천하고 있어요.,1,2025-07-02 14:48:53
1550,3,망고에게 주려고 피부를 자꾸 긁어서 찾아봤어요. 주면 먹기는 하는데 열광하진 않아요. 가볍고 부스러기가 적어요. 한창때라 그런지 급여량이 넉넉히 필요해요. 가격을 보고 재구매를 정하려고요.,0,2026-08-16 03:58:26
1551,4,떡볶이에게 주려고 피부를 자꾸 긁어서 찾아봤어요. 그릇을 비우는 걸 보니 마음이 놓여요. 부드러워서 잘 넘겨요. 작은 아이 입에도 부담이 없어요. 다음에도 살 것 같아요.,0,2026-06-05 11:18:35
1552,3,순이에게 주려고 피부를 자꾸 긁어서 찾아봤어요. 그럭저럭 먹는 편이에요. 작은 아이 입에도 부담이 없어요. 한창때라 그런지 급여량이 넉넉히 필요해요. 무난해서 당분간은 이걸로 갑니다.,0,2026-08-25 23:59:59
1553,2,치즈에게 주려고 치석이 껴서 알아보다 샀어요. 처음엔 먹다가 금방 남기더라고요. 한창때라 그런지 급여량이 넉넉히 필요해요. 재구매는 조금 더 고민해보려고요.,0,2026-08-10 00:04:25
1554,2,베리에게 주려고 치석이 껴서 알아보다 샀어요. 억지로 먹이는 느낌이라 아쉬워요. 한 번에 먹기 딱 좋은 크기예요. 나이가 있어 부드러운 쪽을 신경 쓰게 되네요. 재구매는 조금 더 고민해보려고요.,0,2026-08-24 02:45:10
1555,3,해피에게 주려고 피부를 자꾸 긁어서 찾아봤어요. 주면 먹기는 하는데 열광하진 않아요. 보관이 편한 점이 좋아요. 가격을 보고 재구매를 정하려고요.,0,2026-08-25 23:59:59
1556,3,콩이에게 주려고 관절이 약해 보여 걱정이었어요. 그럭저럭 먹는 편이에요. 알갱이가 단단해 오래 씹어요. 무난해서 당분간은 이걸로 갑니다.,0,2026-03-25 15:19:44
1557,4,방울에게 주려고 산책 뒤에 다리를 아껴주고 싶었어요. 잘 먹어서 다행이에요. 보관이 편한 점이 좋아요. 한 번에 먹기 딱 좋은 크기예요. 한창때라 그런지 급여량이 넉넉히 필요해요. 떨어지면 다시 주문하려고요.,0,2026-08-03 10:12:49
1558,3,방울에게 주려고 소화가 편한 걸 고르고 싶었어요. 그럭저럭 먹는 편이에요. 알갱이가 단단해 오래 씹어요. 작은 아이 입에도 부담이 없어요. 가격을 보고 재구매를 정하려고요.,0,2026-07-25 16:09:49
1559,2,밤비에게 주려고 털 상태가 계속 신경 쓰였어요. 억지로 먹이는 느낌이라 아쉬워요. 한 번 더 줘보고 결정하려 합니다.,0,2026-02-20 19:33:34
1560,4,뽀삐에게 주려고 물을 잘 안 마시는 편이라 신경 쓰였어요. 잘 먹어서 다행이에요. 수분이 많아 물 대신 챙겨주기 좋아요. 다음에도 살 것 같아요.,0,2026-06-14 09:05:46
1561,5,모카에게 주려고 피부를 자꾸 긁어서 찾아봤어요. 정신없이 먹어요. 큰 아이라 한 봉지가 며칠 못 갑니다. 아직 어려서 조금씩 나눠 급여하고 있어요. 바로 재구매했습니다.,0,2026-03-28 09:50:27
1562,5,마루에게 주려고 양치를 싫어해서 대신할 걸 찾았어요. 정신없이 먹어요. 알갱이가 단단해 오래 씹어요. 작은 아이 입에도 부담이 없어요. 바로 재구매했습니다.,0,2025-08-05 10:18:05
1563,1,코코에게 주려고 체중 관리가 필요하다고 해서요. 거의 입도 안 댔어요. 보관이 편한 점이 좋아요. 입이 작은 아이인데 알맞은 크기예요. 한창때라 그런지 급여량이 넉넉히 필요해요. 재구매는 어려울 것 같아요.,0,2026-05-22 18:21:11
1564,3,달이에게 주려고 관절이 약해 보여 걱정이었어요. 그럭저럭 먹는 편이에요. 부드러워서 잘 넘겨요. 호밀이 들어간 걸 먹으면 긁어서 성분표부터 봤습니다. 가격을 보고 재구매를 정하려고요.,0,2026-07-29 23:09:24
1565,4,순이에게 주려고 살이 붙어서 고민하다 골랐어요. 잘 먹어서 다행이에요. 수분이 많아 물 대신 챙겨주기 좋아요. 한창때라 그런지 급여량이 넉넉히 필요해요. 떨어지면 다시 주문하려고요.,0,2026-06-27 03:12:48
1566,3,떡볶이에게 주려고 치석이 껴서 알아보다 샀어요. 주면 먹기는 하는데 열광하진 않아요. 알갱이가 단단해 오래 씹어요. 가격을 보고 재구매를 정하려고요.,1,2026-07-25 12:20:35
1567,3,슈슈에게 주려고 신장 수치가 걱정돼서요. 주면 먹기는 하는데 열광하진 않아요. 무난해서 당분간은 이걸로 갑니다.,0,2026-08-18 14:37:28
1568,2,나비에게 주려고 훈련 보상용으로 샀어요. 처음엔 먹다가 금방 남기더라고요. 바삭해서 손에 묻지 않아요. 재구매는 조금 더 고민해보려고요.,0,2026-06-17 04:27:10
1569,2,뽀삐에게 주려고 관절이 약해 보여 걱정이었어요. 처음엔 먹다가 금방 남기더라고요. 한 번 더 줘보고 결정하려 합니다.,0,2026-07-26 07:25:13
1570,5,방울에게 주려고 산책 뒤에 다리를 아껴주고 싶었어요. 정신없이 먹어요. 알갱이가 단단해 오래 씹어요. 한 번에 먹기 딱 좋은 크기예요. 주변에도 추천하고 있어요.,0,2026-08-25 23:59:59
1571,4,베리에게 주려고 먹던 사료가 안 맞는 것 같아 바꿔봤어요. 그릇을 비우는 걸 보니 마음이 놓여요. 나이가 있어 부드러운 쪽을 신경 쓰게 되네요. 떨어지면 다시 주문하려고요.,0,2026-07-25 08:16:17
1572,3,밤비에게 주려고 소화가 편한 걸 고르고 싶었어요. 주면 먹기는 하는데 열광하진 않아요. 알갱이가 단단해 오래 씹어요. 무난해서 당분간은 이걸로 갑니다.,0,2026-03-05 01:37:33
1573,1,방울에게 주려고 양치를 싫어해서 대신할 걸 찾았어요. 거의 입도 안 댔어요. 보관이 편한 점이 좋아요. 우유이 들어간 걸 먹으면 긁어서 성분표부터 봤습니다. 다른 제품을 다시 찾아봐야겠어요.,0,2026-04-05 15:09:38
1574,5,두부에게 주려고 산책 뒤에 다리를 아껴주고 싶었어요. 봉지 소리만 나도 달려옵니다. 바삭해서 손에 묻지 않아요. 작은 아이 입에도 부담이 없어요. 땅콩 알레르기가 있어 원료를 하나하나 확인하고 샀어요. 바로 재구매했습니다.,0,2025-09-06 18:16:09
1575,3,먼지에게 주려고 털 상태가 계속 신경 쓰였어요. 그럭저럭 먹는 편이에요. 덩치가 있어 양이 금방 줄어요. 쌀이 들어간 걸 먹으면 긁어서 성분표부터 봤습니다. 무난해서 당분간은 이걸로 갑니다.,1,2025-09-19 08:00:17
1576,5,베리에게 주려고 산책 뒤에 다리를 아껴주고 싶었어요. 정신없이 먹어요. 귀리이 들어간 걸 먹으면 긁어서 성분표부터 봤습니다. 바로 재구매했습니다.,0,2026-06-07 08:40:27
1577,3,단추에게 주려고 작게 끊어 주기 좋아 보여 골랐어요. 주면 먹기는 하는데 열광하진 않아요. 덩치가 있어 양이 금방 줄어요. 적색육이 들어간 걸 먹으면 긁어서 성분표부터 봤습니다. 무난해서 당분간은 이걸로 갑니다.,0,2026-08-07 15:21:48
1578,4,가을에게 주려고 먹던 사료가 안 맞는 것 같아 바꿔봤어요. 그릇을 비우는 걸 보니 마음이 놓여요. 수분이 많아 물 대신 챙겨주기 좋아요. 나이가 있어 부드러운 쪽을 신경 쓰게 되네요. 다음에도 살 것 같아요.,0,2026-06-26 08:42:51
1579,4,떡볶이에게 주려고 먹던 사료가 안 맞는 것 같아 바꿔봤어요. 그릇을 비우는 걸 보니 마음이 놓여요. 보관이 편한 점이 좋아요. 요거트 알레르기가 있어 원료를 하나하나 확인하고 샀어요. 떨어지면 다시 주문하려고요.,0,2026-08-15 02:22:43
1580,4,슈슈에게 주려고 관절이 약해 보여 걱정이었어요. 잘 먹어서 다행이에요. 보관이 편한 점이 좋아요. 한창때라 그런지 급여량이 넉넉히 필요해요. 갑각류 알레르기가 있어 원료를 하나하나 확인하고 샀어요. 다음에도 살 것 같아요.,0,2026-07-28 05:14:17
1581,2,설이에게 주려고 소화가 편한 걸 고르고 싶었어요. 처음엔 먹다가 금방 남기더라고요. 한 번 더 줘보고 결정하려 합니다.,0,2026-08-25 23:59:59
1582,5,설이에게 주려고 물을 잘 안 마시는 편이라 신경 쓰였어요. 봉지 소리만 나도 달려옵니다. 입이 작은 아이인데 알맞은 크기예요. 한창때라 그런지 급여량이 넉넉히 필요해요. 주변에도 추천하고 있어요.,0,2026-04-12 07:12:03
1583,5,삐삐에게 주려고 소화가 편한 걸 고르고 싶었어요. 정신없이 먹어요. 보관이 편한 점이 좋아요. 한창때라 그런지 급여량이 넉넉히 필요해요. 바로 재구매했습니다.,0,2026-06-08 00:51:53
1584,5,슈슈에게 주려고 간식으로 하나 들여봤어요. 봉지 소리만 나도 달려옵니다. 주변에도 추천하고 있어요.,0,2026-06-01 08:33:36
1585,5,루비에게 주려고 주식을 바꿔볼까 해서 골랐어요. 봉지 소리만 나도 달려옵니다. 수분이 많아 물 대신 챙겨주기 좋아요. 한 번에 먹기 딱 좋은 크기예요. 첨가물이 들어간 걸 먹으면 긁어서 성분표부터 봤습니다. 주변에도 추천하고 있어요.,0,2025-11-30 22:10:53
1586,4,두부에게 주려고 관절이 약해 보여 걱정이었어요. 그릇을 비우는 걸 보니 마음이 놓여요. 다음에도 살 것 같아요.,0,2026-06-21 02:51:18
1587,5,망고에게 주려고 소화가 편한 걸 고르고 싶었어요. 봉지 소리만 나도 달려옵니다. 작은 아이 입에도 부담이 없어요. 나이가 있어 부드러운 쪽을 신경 쓰게 되네요. 더덕 알레르기가 있어 원료를 하나하나 확인하고 샀어요. 주변에도 추천하고 있어요.,0,2026-04-07 17:38:35
1588,3,토리에게 주려고 물을 잘 안 마시는 편이라 신경 쓰였어요. 주면 먹기는 하는데 열광하진 않아요. 보관이 편한 점이 좋아요. 무난해서 당분간은 이걸로 갑니다.,0,2026-06-11 06:04:00
1589,4,설이에게 주려고 신장 수치가 걱정돼서요. 그릇을 비우는 걸 보니 마음이 놓여요. 바삭해서 손에 묻지 않아요. 작은 아이 입에도 부담이 없어요. 고구마 알레르기가 있어 원료를 하나하나 확인하고 샀어요. 다음에도 살 것 같아요.,1,2026-08-25 23:59:59
1590,4,마루에게 주려고 산책 뒤에 다리를 아껴주고 싶었어요. 잘 먹어서 다행이에요. 덩치가 있어 양이 금방 줄어요. 다음에도 살 것 같아요.,0,2026-08-07 20:00:02
1591,4,구름에게 주려고 피부를 자꾸 긁어서 찾아봤어요. 그릇을 비우는 걸 보니 마음이 놓여요. 보관이 편한 점이 좋아요. 작은 아이 입에도 부담이 없어요. 한창때라 그런지 급여량이 넉넉히 필요해요. 다음에도 살 것 같아요.,0,2026-06-11 12:17:13
1592,5,설이에게 주려고 피부를 자꾸 긁어서 찾아봤어요. 봉지 소리만 나도 달려옵니다. 한 봉지로 같이 먹입니다. 난류 알레르기가 있어 원료를 하나하나 확인하고 샀어요. 바로 재구매했습니다.,0,2026-06-25 09:29:38
1593,5,망고에게 주려고 주식을 바꿔볼까 해서 골랐어요. 정신없이 먹어요. 한창때라 그런지 급여량이 넉넉히 필요해요. 채소이 들어간 걸 먹으면 긁어서 성분표부터 봤습니다. 주변에도 추천하고 있어요.,0,2026-08-25 23:59:59
1594,4,몽이에게 주려고 피부를 자꾸 긁어서 찾아봤어요. 잘 먹어서 다행이에요. 다음에도 살 것 같아요.,0,2026-04-23 16:08:05
1595,2,보리에게 주려고 치석이 껴서 알아보다 샀어요. 억지로 먹이는 느낌이라 아쉬워요. 보관이 편한 점이 좋아요. 한 번에 먹기 딱 좋은 크기예요. 한창때라 그런지 급여량이 넉넉히 필요해요. 재구매는 조금 더 고민해보려고요.,0,2026-08-25 23:59:59
1596,1,설이에게 주려고 물을 잘 안 마시는 편이라 신경 쓰였어요. 거의 입도 안 댔어요. 재구매는 어려울 것 같아요.,0,2026-03-23 23:38:46
1597,5,별이에게 주려고 치석이 껴서 알아보다 샀어요. 봉지 소리만 나도 달려옵니다. 부드러워서 잘 넘겨요. 아직 어려서 조금씩 나눠 급여하고 있어요. 우유 알레르기가 있어 원료를 하나하나 확인하고 샀어요. 주변에도 추천하고 있어요.,0,2026-06-17 06:57:38
1598,3,똘이에게 주려고 신장 수치가 걱정돼서요. 그럭저럭 먹는 편이에요. 한 번에 먹기 딱 좋은 크기예요. 무난해서 당분간은 이걸로 갑니다.,1,2026-05-05 05:56:02
1599,2,떡볶이에게 주려고 주식을 바꿔볼까 해서 골랐어요. 억지로 먹이는 느낌이라 아쉬워요. 한 번 더 줘보고 결정하려 합니다.,0,2025-09-02 12:11:52
1600,3,유리에게 주려고 피부를 자꾸 긁어서 찾아봤어요. 주면 먹기는 하는데 열광하진 않아요. 보관이 편한 점이 좋아요. 덩치가 있어 양이 금방 줄어요. 한창때라 그런지 급여량이 넉넉히 필요해요. 가격을 보고 재구매를 정하려고요.,1,2025-12-09 10:27:45
1601,4,감자에게 주려고 체중 관리가 필요하다고 해서요. 그릇을 비우는 걸 보니 마음이 놓여요. 떨어지면 다시 주문하려고요.,0,2026-06-01 13:24:55
1602,3,순이에게 주려고 주식을 바꿔볼까 해서 골랐어요. 그럭저럭 먹는 편이에요. 부드러워서 잘 넘겨요. 한 번에 먹기 딱 좋은 크기예요. 가격을 보고 재구매를 정하려고요.,0,2024-01-03 01:37:02
1603,5,슈슈에게 주려고 피부를 자꾸 긁어서 찾아봤어요. 봉지 소리만 나도 달려옵니다. 보관이 편한 점이 좋아요. 작은 아이 입에도 부담이 없어요. 갑각류이 들어간 걸 먹으면 긁어서 성분표부터 봤습니다. 주변에도 추천하고 있어요.,0,2026-07-05 08:00:05
1604,4,두부에게 주려고 산책 뒤에 다리를 아껴주고 싶었어요. 잘 먹어서 다행이에요. 떨어지면 다시 주문하려고요.,0,2026-08-25 23:59:59
1605,4,베리에게 주려고 수제라 믿음이 가서 골랐어요. 잘 먹어서 다행이에요. 바삭해서 손에 묻지 않아요. 한 번에 먹기 딱 좋은 크기예요. 떨어지면 다시 주문하려고요.,0,2026-08-14 21:25:34
1606,1,가을에게 주려고 털 상태가 계속 신경 쓰였어요. 냄새만 맡고 돌아서네요. 수분이 많아 물 대신 챙겨주기 좋아요. 한창때라 그런지 급여량이 넉넉히 필요해요. 다른 제품을 다시 찾아봐야겠어요.,0,2026-05-29 02:03:57
1607,1,아톰에게 주려고 체중 관리가 필요하다고 해서요. 거의 입도 안 댔어요. 바삭해서 손에 묻지 않아요. 작은 아이 입에도 부담이 없어요. 한창때라 그런지 급여량이 넉넉히 필요해요. 다른 제품을 다시 찾아봐야겠어요.,0,2026-06-07 17:04:15
1608,5,라떼에게 주려고 소화가 편한 걸 고르고 싶었어요. 봉지 소리만 나도 달려옵니다. 해동해서 주는 게 조금 번거로워요. 덩치가 있어 양이 금방 줄어요. 바로 재구매했습니다.,0,2025-05-25 11:47:33
1609,4,달이에게 주려고 물을 잘 안 마시는 편이라 신경 쓰였어요. 잘 먹어서 다행이에요. 둘 다 먹일 수 있어 편해요. 다음에도 살 것 같아요.,0,2026-04-28 03:45:57
1610,4,치즈에게 주려고 체중 관리가 필요하다고 해서요. 잘 먹어서 다행이에요. 입이 작은 아이인데 알맞은 크기예요. 떨어지면 다시 주문하려고요.,0,2025-05-19 11:52:59
1611,3,모카에게 주려고 체중 관리가 필요하다고 해서요. 그럭저럭 먹는 편이에요. 작은 아이 입에도 부담이 없어요. 땅콩 알레르기가 있어 원료를 하나하나 확인하고 샀어요. 가격을 보고 재구매를 정하려고요.,0,2026-07-25 16:22:35
1612,1,별이에게 주려고 관절이 약해 보여 걱정이었어요. 냄새만 맡고 돌아서네요. 보관이 편한 점이 좋아요. 다른 제품을 다시 찾아봐야겠어요.,0,2026-07-03 14:02:03
1613,5,호두에게 주려고 주식을 바꿔볼까 해서 골랐어요. 정신없이 먹어요. 보관이 편한 점이 좋아요. 주변에도 추천하고 있어요.,0,2025-07-14 02:19:48
1614,3,망고에게 주려고 산책 뒤에 다리를 아껴주고 싶었어요. 그럭저럭 먹는 편이에요. 작은 아이 입에도 부담이 없어요. 나이가 있어 부드러운 쪽을 신경 쓰게 되네요. 더덕 알레르기가 있어 원료를 하나하나 확인하고 샀어요. 가격을 보고 재구매를 정하려고요.,0,2025-03-23 22:51:48
1615,1,라떼에게 주려고 먹던 사료가 안 맞는 것 같아 바꿔봤어요. 거의 입도 안 댔어요. 알갱이가 단단해 오래 씹어요. 재구매는 어려울 것 같아요.,0,2025-03-30 11:21:19
1616,4,달이에게 주려고 치석이 껴서 알아보다 샀어요. 그릇을 비우는 걸 보니 마음이 놓여요. 알갱이가 단단해 오래 씹어요. 한 번에 먹기 딱 좋은 크기예요. 떨어지면 다시 주문하려고요.,0,2026-07-28 16:48:15
1617,3,뽀삐에게 주려고 첨가물이 적은 걸 찾다가 샀어요. 그럭저럭 먹는 편이에요. 한 봉지로 같이 먹입니다. 무난해서 당분간은 이걸로 갑니다.,0,2026-02-24 03:31:52
1618,3,똘이에게 주려고 털 상태가 계속 신경 쓰였어요. 그럭저럭 먹는 편이에요. 아직 어려서 조금씩 나눠 급여하고 있어요. 가격을 보고 재구매를 정하려고요.,0,2026-05-04 23:24:12
1619,5,삐삐에게 주려고 털 상태가 계속 신경 쓰였어요. 봉지 소리만 나도 달려옵니다. 알갱이가 단단해 오래 씹어요. 첨가물 알레르기가 있어 원료를 하나하나 확인하고 샀어요. 주변에도 추천하고 있어요.,0,2026-08-06 05:04:11
1620,5,탄이에게 주려고 피부를 자꾸 긁어서 찾아봤어요. 봉지 소리만 나도 달려옵니다. 한 봉지로 같이 먹입니다. 주변에도 추천하고 있어요.,0,2026-04-13 03:19:57
1621,3,치즈에게 주려고 훈련 보상용으로 샀어요. 주면 먹기는 하는데 열광하진 않아요. 한 번에 먹기 딱 좋은 크기예요. 치즈 알레르기가 있어 원료를 하나하나 확인하고 샀어요. 무난해서 당분간은 이걸로 갑니다.,0,2026-08-18 23:03:01
1622,4,설이에게 주려고 체중 관리가 필요하다고 해서요. 잘 먹어서 다행이에요. 한창때라 그런지 급여량이 넉넉히 필요해요. 고구마 알레르기가 있어 원료를 하나하나 확인하고 샀어요. 떨어지면 다시 주문하려고요.,0,2026-04-24 17:22:45
1623,5,해피에게 주려고 살이 붙어서 고민하다 골랐어요. 정신없이 먹어요. 보관이 편한 점이 좋아요. 바로 재구매했습니다.,0,2026-08-03 10:52:40
1624,5,삐삐에게 주려고 먹던 사료가 안 맞는 것 같아 바꿔봤어요. 봉지 소리만 나도 달려옵니다. 보관이 편한 점이 좋아요. 바로 재구매했습니다.,0,2026-07-28 14:03:36
1625,3,슈슈에게 주려고 소화가 편한 걸 고르고 싶었어요. 주면 먹기는 하는데 열광하진 않아요. 갑각류이 들어간 걸 먹으면 긁어서 성분표부터 봤습니다. 가격을 보고 재구매를 정하려고요.,0,2026-06-19 04:49:09
1626,4,망고에게 주려고 관절이 약해 보여 걱정이었어요. 잘 먹어서 다행이에요. 아직 어려서 조금씩 나눠 급여하고 있어요. 떨어지면 다시 주문하려고요.,0,2026-08-25 23:59:59
1627,1,마루에게 주려고 첨가물이 적은 걸 찾다가 샀어요. 거의 입도 안 댔어요. 재구매는 어려울 것 같아요.,0,2026-07-16 03:16:14
1628,4,방울에게 주려고 새로운 간식을 찾다가 골랐어요. 그릇을 비우는 걸 보니 마음이 놓여요. 작은 아이 입에도 부담이 없어요. 떨어지면 다시 주문하려고요.,0,2026-08-25 23:59:59
1629,5,먼지에게 주려고 산책 뒤에 다리를 아껴주고 싶었어요. 봉지 소리만 나도 달려옵니다. 나이가 있어 부드러운 쪽을 신경 쓰게 되네요. 주변에도 추천하고 있어요.,0,2026-08-25 23:59:59
1630,4,모카에게 주려고 산책 뒤에 다리를 아껴주고 싶었어요. 그릇을 비우는 걸 보니 마음이 놓여요. 둘 다 먹일 수 있어 편해요. 한 번에 먹기 딱 좋은 크기예요. 한창때라 그런지 급여량이 넉넉히 필요해요. 떨어지면 다시 주문하려고요.,0,2026-08-22 01:05:09
1631,2,모카에게 주려고 살이 붙어서 고민하다 골랐어요. 처음엔 먹다가 금방 남기더라고요. 부드러워서 잘 넘겨요. 작은 아이 입에도 부담이 없어요. 재구매는 조금 더 고민해보려고요.,1,2026-01-12 19:18:45
1632,1,방울에게 주려고 속이 자주 안 좋아서 찾아봤어요. 냄새만 맡고 돌아서네요. 재구매는 어려울 것 같아요.,0,2026-01-24 14:13:05
1633,2,탄이에게 주려고 수제라 믿음이 가서 골랐어요. 처음엔 먹다가 금방 남기더라고요. 둘 다 먹일 수 있어 편해요. 작은 아이 입에도 부담이 없어요. 한 번 더 줘보고 결정하려 합니다.,0,2026-06-30 13:35:24
1634,1,감자에게 주려고 산책 뒤에 다리를 아껴주고 싶었어요. 냄새만 맡고 돌아서네요. 덩치가 있어 양이 금방 줄어요. 한창때라 그런지 급여량이 넉넉히 필요해요. 다른 제품을 다시 찾아봐야겠어요.,0,2026-03-16 22:32:29
1635,4,라떼에게 주려고 피부를 자꾸 긁어서 찾아봤어요. 잘 먹어서 다행이에요. 다음에도 살 것 같아요.,0,2025-08-25 03:17:34
1636,2,봄이에게 주려고 산책 뒤에 다리를 아껴주고 싶었어요. 억지로 먹이는 느낌이라 아쉬워요. 작은 아이 입에도 부담이 없어요. 나이가 있어 부드러운 쪽을 신경 쓰게 되네요. 재구매는 조금 더 고민해보려고요.,0,2024-11-24 22:02:22
1637,3,망고에게 주려고 피부를 자꾸 긁어서 찾아봤어요. 주면 먹기는 하는데 열광하진 않아요. 수분이 많아 물 대신 챙겨주기 좋아요. 입이 작은 아이인데 알맞은 크기예요. 가격을 보고 재구매를 정하려고요.,0,2026-08-19 19:10:52
1638,5,치즈에게 주려고 먹던 사료가 안 맞는 것 같아 바꿔봤어요. 정신없이 먹어요. 둘 다 먹일 수 있어 편해요. 치즈이 들어간 걸 먹으면 긁어서 성분표부터 봤습니다. 주변에도 추천하고 있어요.,0,2026-08-23 17:29:01
1639,4,봄이에게 주려고 훈련 보상용으로 샀어요. 그릇을 비우는 걸 보니 마음이 놓여요. 쌀 알레르기가 있어 원료를 하나하나 확인하고 샀어요. 다음에도 살 것 같아요.,0,2025-03-05 08:17:04
1640,5,설이에게 주려고 양치를 싫어해서 대신할 걸 찾았어요. 봉지 소리만 나도 달려옵니다. 알갱이가 단단해 오래 씹어요. 주변에도 추천하고 있어요.,0,2025-12-26 05:28:58
1641,2,보리에게 주려고 속이 자주 안 좋아서 찾아봤어요. 억지로 먹이는 느낌이라 아쉬워요. 보관이 편한 점이 좋아요. 한 번에 먹기 딱 좋은 크기예요. 옥수수 알레르기가 있어 원료를 하나하나 확인하고 샀어요. 재구매는 조금 더 고민해보려고요.,0,2026-06-16 15:43:45
1642,3,봄이에게 주려고 소화가 편한 걸 고르고 싶었어요. 그럭저럭 먹는 편이에요. 가격을 보고 재구매를 정하려고요.,0,2025-04-29 22:13:21
1643,4,루비에게 주려고 주식을 바꿔볼까 해서 골랐어요. 잘 먹어서 다행이에요. 보관이 편한 점이 좋아요. 나이가 있어 부드러운 쪽을 신경 쓰게 되네요. 떨어지면 다시 주문하려고요.,0,2026-03-30 08:31:25
1644,5,떡볶이에게 주려고 신장 수치가 걱정돼서요. 봉지 소리만 나도 달려옵니다. 보관이 편한 점이 좋아요. 작은 아이 입에도 부담이 없어요. 요거트이 들어간 걸 먹으면 긁어서 성분표부터 봤습니다. 주변에도 추천하고 있어요.,0,2026-07-19 00:26:05
1645,4,달이에게 주려고 피부를 자꾸 긁어서 찾아봤어요. 그릇을 비우는 걸 보니 마음이 놓여요. 알갱이가 단단해 오래 씹어요. 한 번에 먹기 딱 좋은 크기예요. 다음에도 살 것 같아요.,0,2026-08-25 19:50:14
1646,5,나비에게 주려고 치석이 껴서 알아보다 샀어요. 정신없이 먹어요. 나이가 있어 부드러운 쪽을 신경 쓰게 되네요. 주변에도 추천하고 있어요.,0,2026-06-11 22:38:23
1647,5,보리에게 주려고 물을 잘 안 마시는 편이라 신경 쓰였어요. 봉지 소리만 나도 달려옵니다. 바로 재구매했습니다.,1,2026-03-06 22:02:03
1648,5,뽀삐에게 주려고 산책 뒤에 다리를 아껴주고 싶었어요. 정신없이 먹어요. 주변에도 추천하고 있어요.,0,2025-07-07 16:23:38
1649,5,구름에게 주려고 훈련 보상용으로 샀어요. 정신없이 먹어요. 둘 다 먹일 수 있어 편해요. 병아리콩이 들어간 걸 먹으면 긁어서 성분표부터 봤습니다. 바로 재구매했습니다.,0,2025-09-22 18:14:22
1650,3,단추에게 주려고 주식을 바꿔볼까 해서 골랐어요. 주면 먹기는 하는데 열광하진 않아요. 부드러워서 잘 넘겨요. 덩치가 있어 양이 금방 줄어요. 우유 알레르기가 있어 원료를 하나하나 확인하고 샀어요. 가격을 보고 재구매를 정하려고요.,0,2026-01-14 01:39:39
1651,5,감자에게 주려고 주식을 바꿔볼까 해서 골랐어요. 정신없이 먹어요. 부드러워서 잘 넘겨요. 덩치가 있어 양이 금방 줄어요. 한창때라 그런지 급여량이 넉넉히 필요해요. 주변에도 추천하고 있어요.,0,2026-02-24 08:58:39
1652,2,마루에게 주려고 관절이 약해 보여 걱정이었어요. 억지로 먹이는 느낌이라 아쉬워요. 바삭해서 손에 묻지 않아요. 한 번 더 줘보고 결정하려 합니다.,0,2026-02-08 12:19:01
1653,5,레오에게 주려고 주식을 바꿔볼까 해서 골랐어요. 정신없이 먹어요. 알갱이가 단단해 오래 씹어요. 한창때라 그런지 급여량이 넉넉히 필요해요. 바로 재구매했습니다.,1,2024-11-27 18:20:07
1654,3,라떼에게 주려고 훈련 보상용으로 샀어요. 주면 먹기는 하는데 열광하진 않아요. 무난해서 당분간은 이걸로 갑니다.,0,2026-06-13 19:12:22
1655,1,떡볶이에게 주려고 살이 붙어서 고민하다 골랐어요. 냄새만 맡고 돌아서네요. 둘 다 먹일 수 있어 편해요. 입이 작은 아이인데 알맞은 크기예요. 다른 제품을 다시 찾아봐야겠어요.,0,2026-04-20 14:21:16
1656,3,순이에게 주려고 먹던 사료가 안 맞는 것 같아 바꿔봤어요. 주면 먹기는 하는데 열광하진 않아요. 수분이 많아 물 대신 챙겨주기 좋아요. 한 번에 먹기 딱 좋은 크기예요. 무난해서 당분간은 이걸로 갑니다.,1,2026-04-21 09:27:12
1657,2,레오에게 주려고 털 상태가 계속 신경 쓰였어요. 억지로 먹이는 느낌이라 아쉬워요. 알갱이가 단단해 오래 씹어요. 한 번 더 줘보고 결정하려 합니다.,1,2026-06-14 03:10:59
1658,1,마루에게 주려고 주식을 바꿔볼까 해서 골랐어요. 거의 입도 안 댔어요. 덩치가 있어 양이 금방 줄어요. 닭고기 알레르기가 있어 원료를 하나하나 확인하고 샀어요. 다른 제품을 다시 찾아봐야겠어요.,0,2025-12-11 02:28:57
1659,3,슈슈에게 주려고 털 상태가 계속 신경 쓰였어요. 주면 먹기는 하는데 열광하진 않아요. 보관이 편한 점이 좋아요. 작은 아이 입에도 부담이 없어요. 가격을 보고 재구매를 정하려고요.,0,2026-07-31 00:21:22
1660,4,루비에게 주려고 신장 수치가 걱정돼서요. 잘 먹어서 다행이에요. 알갱이가 단단해 오래 씹어요. 나이가 있어 부드러운 쪽을 신경 쓰게 되네요. 다음에도 살 것 같아요.,0,2024-12-22 12:20:03
1661,5,망고에게 주려고 관절이 약해 보여 걱정이었어요. 정신없이 먹어요. 알갱이가 단단해 오래 씹어요. 작은 아이 입에도 부담이 없어요. 채소이 들어간 걸 먹으면 긁어서 성분표부터 봤습니다. 주변에도 추천하고 있어요.,0,2026-08-20 08:02:25
1662,4,쿠키에게 주려고 관절이 약해 보여 걱정이었어요. 그릇을 비우는 걸 보니 마음이 놓여요. 입이 작은 아이인데 알맞은 크기예요. 나이가 있어 부드러운 쪽을 신경 쓰게 되네요. 떨어지면 다시 주문하려고요.,0,2026-06-01 13:57:34
1663,4,쿠키에게 주려고 주식을 바꿔볼까 해서 골랐어요. 잘 먹어서 다행이에요. 알갱이가 단단해 오래 씹어요. 다음에도 살 것 같아요.,0,2026-04-03 11:28:36
1664,2,베리에게 주려고 소화가 편한 걸 고르고 싶었어요. 처음엔 먹다가 금방 남기더라고요. 채소 알레르기가 있어 원료를 하나하나 확인하고 샀어요. 한 번 더 줘보고 결정하려 합니다.,0,2025-04-07 04:50:34
1665,5,구름에게 주려고 관절이 약해 보여 걱정이었어요. 봉지 소리만 나도 달려옵니다. 입이 작은 아이인데 알맞은 크기예요. 계란 알레르기가 있어 원료를 하나하나 확인하고 샀어요. 바로 재구매했습니다.,0,2026-06-11 08:46:26
1666,4,베리에게 주려고 속이 자주 안 좋아서 찾아봤어요. 그릇을 비우는 걸 보니 마음이 놓여요. 부드러워서 잘 넘겨요. 작은 아이 입에도 부담이 없어요. 한창때라 그런지 급여량이 넉넉히 필요해요. 다음에도 살 것 같아요.,0,2026-07-31 23:11:31
1667,5,봄이에게 주려고 수제라 믿음이 가서 골랐어요. 봉지 소리만 나도 달려옵니다. 작은 아이 입에도 부담이 없어요. 나이가 있어 부드러운 쪽을 신경 쓰게 되네요. 바로 재구매했습니다.,0,2026-06-11 12:46:25
1668,5,유리에게 주려고 먹던 사료가 안 맞는 것 같아 바꿔봤어요. 봉지 소리만 나도 달려옵니다. 한창때라 그런지 급여량이 넉넉히 필요해요. 바로 재구매했습니다.,0,2026-01-19 15:29:34
1669,2,망고에게 주려고 관절이 약해 보여 걱정이었어요. 처음엔 먹다가 금방 남기더라고요. 알갱이가 단단해 오래 씹어요. 재구매는 조금 더 고민해보려고요.,0,2025-11-28 01:39:42
1670,3,보리에게 주려고 먹던 사료가 안 맞는 것 같아 바꿔봤어요. 그럭저럭 먹는 편이에요. 알갱이가 단단해 오래 씹어요. 한 번에 먹기 딱 좋은 크기예요. 한창때라 그런지 급여량이 넉넉히 필요해요. 무난해서 당분간은 이걸로 갑니다.,0,2026-08-25 23:59:59
1671,5,삐삐에게 주려고 치석이 껴서 알아보다 샀어요. 정신없이 먹어요. 한 봉지로 같이 먹입니다. 작은 아이 입에도 부담이 없어요. 바로 재구매했습니다.,0,2026-08-07 20:43:49
1672,5,떡볶이에게 주려고 물을 잘 안 마시는 편이라 신경 쓰였어요. 정신없이 먹어요. 알갱이가 단단해 오래 씹어요. 바로 재구매했습니다.,0,2026-08-16 04:36:12
1673,4,마루에게 주려고 소화가 편한 걸 고르고 싶었어요. 그릇을 비우는 걸 보니 마음이 놓여요. 부드러워서 잘 넘겨요. 덩치가 있어 양이 금방 줄어요. 닭고기 알레르기가 있어 원료를 하나하나 확인하고 샀어요. 떨어지면 다시 주문하려고요.,0,2026-06-11 05:09:45
1674,5,나비에게 주려고 체중 관리가 필요하다고 해서요. 정신없이 먹어요. 알갱이가 단단해 오래 씹어요. 주변에도 추천하고 있어요.,0,2026-03-24 17:28:19
1675,4,똘이에게 주려고 속이 자주 안 좋아서 찾아봤어요. 잘 먹어서 다행이에요. 작은 아이 입에도 부담이 없어요. 다음에도 살 것 같아요.,0,2025-09-19 09:28:33
1676,4,봄이에게 주려고 물을 잘 안 마시는 편이라 신경 쓰였어요. 그릇을 비우는 걸 보니 마음이 놓여요. 덩치가 있어 양이 금방 줄어요. 다음에도 살 것 같아요.,0,2025-08-28 08:05:59
1677,5,똘이에게 주려고 산책 뒤에 다리를 아껴주고 싶었어요. 정신없이 먹어요. 주변에도 추천하고 있어요.,0,2026-08-04 21:55:53
1678,4,쿠키에게 주려고 소화가 편한 걸 고르고 싶었어요. 잘 먹어서 다행이에요. 알갱이가 단단해 오래 씹어요. 새우 알레르기가 있어 원료를 하나하나 확인하고 샀어요. 떨어지면 다시 주문하려고요.,0,2026-08-06 01:45:37
1679,3,초코에게 주려고 살이 붙어서 고민하다 골랐어요. 그럭저럭 먹는 편이에요. 무난해서 당분간은 이걸로 갑니다.,0,2026-07-12 01:53:28
1680,3,떡볶이에게 주려고 체중 관리가 필요하다고 해서요. 주면 먹기는 하는데 열광하진 않아요. 나이가 있어 부드러운 쪽을 신경 쓰게 되네요. 가격을 보고 재구매를 정하려고요.,0,2026-07-23 07:10:13
1681,4,보리에게 주려고 소화가 편한 걸 고르고 싶었어요. 그릇을 비우는 걸 보니 마음이 놓여요. 한창때라 그런지 급여량이 넉넉히 필요해요. 옥수수 알레르기가 있어 원료를 하나하나 확인하고 샀어요. 다음에도 살 것 같아요.,0,2026-05-24 22:23:23
1682,4,순이에게 주려고 훈련 보상용으로 샀어요. 그릇을 비우는 걸 보니 마음이 놓여요. 떨어지면 다시 주문하려고요.,1,2026-01-29 07:19:03
1683,5,치즈에게 주려고 주식을 바꿔볼까 해서 골랐어요. 정신없이 먹어요. 수분이 많아 물 대신 챙겨주기 좋아요. 칠면조이 들어간 걸 먹으면 긁어서 성분표부터 봤습니다. 주변에도 추천하고 있어요.,0,2026-07-24 05:19:17
1684,4,별이에게 주려고 체중 관리가 필요하다고 해서요. 잘 먹어서 다행이에요. 한 번에 먹기 딱 좋은 크기예요. 인공색소 알레르기가 있어 원료를 하나하나 확인하고 샀어요. 떨어지면 다시 주문하려고요.,0,2026-08-22 11:22:01
1685,5,똘이에게 주려고 소화가 편한 걸 고르고 싶었어요. 봉지 소리만 나도 달려옵니다. 부드러워서 잘 넘겨요. 입이 작은 아이인데 알맞은 크기예요. 나이가 있어 부드러운 쪽을 신경 쓰게 되네요. 주변에도 추천하고 있어요.,0,2026-02-23 18:08:59
1686,3,감자에게 주려고 산책 뒤에 다리를 아껴주고 싶었어요. 주면 먹기는 하는데 열광하진 않아요. 바삭해서 손에 묻지 않아요. 아직 어려서 조금씩 나눠 급여하고 있어요. 무난해서 당분간은 이걸로 갑니다.,0,2026-01-14 22:33:39
1687,3,먼지에게 주려고 신장 수치가 걱정돼서요. 그럭저럭 먹는 편이에요. 알갱이가 단단해 오래 씹어요. 나이가 있어 부드러운 쪽을 신경 쓰게 되네요. 가격을 보고 재구매를 정하려고요.,0,2026-06-27 02:55:14
1688,4,감자에게 주려고 훈련 보상용으로 샀어요. 그릇을 비우는 걸 보니 마음이 놓여요. 바삭해서 손에 묻지 않아요. 작은 아이 입에도 부담이 없어요. 떨어지면 다시 주문하려고요.,0,2025-06-14 12:08:57
1689,4,치즈에게 주려고 살이 붙어서 고민하다 골랐어요. 잘 먹어서 다행이에요. 입이 작은 아이인데 알맞은 크기예요. 다음에도 살 것 같아요.,0,2024-05-10 10:53:25
1690,4,방울에게 주려고 먹던 사료가 안 맞는 것 같아 바꿔봤어요. 그릇을 비우는 걸 보니 마음이 놓여요. 다음에도 살 것 같아요.,0,2026-04-20 18:18:57
1691,5,해피에게 주려고 소화가 편한 걸 고르고 싶었어요. 봉지 소리만 나도 달려옵니다. 한창때라 그런지 급여량이 넉넉히 필요해요. 바로 재구매했습니다.,0,2026-08-25 23:59:59
1692,2,설이에게 주려고 속이 자주 안 좋아서 찾아봤어요. 처음엔 먹다가 금방 남기더라고요. 둘 다 먹일 수 있어 편해요. 한창때라 그런지 급여량이 넉넉히 필요해요. 재구매는 조금 더 고민해보려고요.,0,2025-10-19 20:59:39
1693,3,유리에게 주려고 훈련 보상용으로 샀어요. 주면 먹기는 하는데 열광하진 않아요. 덩치가 있어 양이 금방 줄어요. 가격을 보고 재구매를 정하려고요.,0,2026-06-01 06:53:42
1694,4,감자에게 주려고 털 상태가 계속 신경 쓰였어요. 잘 먹어서 다행이에요. 떨어지면 다시 주문하려고요.,0,2026-08-25 23:59:59
1695,5,설이에게 주려고 주식을 바꿔볼까 해서 골랐어요. 정신없이 먹어요. 작은 아이 입에도 부담이 없어요. 난류 알레르기가 있어 원료를 하나하나 확인하고 샀어요. 주변에도 추천하고 있어요.,0,2025-06-06 06:20:48
1696,2,베리에게 주려고 작게 끊어 주기 좋아 보여 골랐어요. 억지로 먹이는 느낌이라 아쉬워요. 한 번에 먹기 딱 좋은 크기예요. 한 번 더 줘보고 결정하려 합니다.,0,2025-09-09 14:33:51
1697,3,별이에게 주려고 속이 자주 안 좋아서 찾아봤어요. 주면 먹기는 하는데 열광하진 않아요. 보관이 편한 점이 좋아요. 무난해서 당분간은 이걸로 갑니다.,0,2026-06-11 19:29:34
1698,5,슈슈에게 주려고 물을 잘 안 마시는 편이라 신경 쓰였어요. 정신없이 먹어요. 신선한 느낌이 들어요. 소고기 알레르기가 있어 원료를 하나하나 확인하고 샀어요. 주변에도 추천하고 있어요.,0,2026-08-14 18:29:44
1699,4,레오에게 주려고 주식을 바꿔볼까 해서 골랐어요. 잘 먹어서 다행이에요. 다음에도 살 것 같아요.,0,2026-08-25 23:59:59
1700,4,베리에게 주려고 피부를 자꾸 긁어서 찾아봤어요. 그릇을 비우는 걸 보니 마음이 놓여요. 다음에도 살 것 같아요.,0,2026-08-15 05:50:21
1701,4,토리에게 주려고 속이 자주 안 좋아서 찾아봤어요. 그릇을 비우는 걸 보니 마음이 놓여요. 한창때라 그런지 급여량이 넉넉히 필요해요. 떨어지면 다시 주문하려고요.,0,2026-08-09 09:06:18
1702,3,루비에게 주려고 체중 관리가 필요하다고 해서요. 그럭저럭 먹는 편이에요. 한 봉지로 같이 먹입니다. 덩치가 있어 양이 금방 줄어요. 새우이 들어간 걸 먹으면 긁어서 성분표부터 봤습니다. 가격을 보고 재구매를 정하려고요.,0,2026-01-21 22:33:39
1703,3,먼지에게 주려고 산책 뒤에 다리를 아껴주고 싶었어요. 그럭저럭 먹는 편이에요. 알갱이가 단단해 오래 씹어요. 덩치가 있어 양이 금방 줄어요. 쌀이 들어간 걸 먹으면 긁어서 성분표부터 봤습니다. 무난해서 당분간은 이걸로 갑니다.,1,2025-05-09 03:52:05
1704,5,밤비에게 주려고 주식을 바꿔볼까 해서 골랐어요. 정신없이 먹어요. 알갱이가 단단해 오래 씹어요. 작은 아이 입에도 부담이 없어요. 바로 재구매했습니다.,0,2026-02-09 06:23:55
1705,4,마루에게 주려고 관절이 약해 보여 걱정이었어요. 잘 먹어서 다행이에요. 알갱이가 단단해 오래 씹어요. 한 번에 먹기 딱 좋은 크기예요. 아직 어려서 조금씩 나눠 급여하고 있어요. 다음에도 살 것 같아요.,0,2026-06-04 01:44:37
1706,4,라떼에게 주려고 산책 뒤에 다리를 아껴주고 싶었어요. 그릇을 비우는 걸 보니 마음이 놓여요. 한 번에 먹기 딱 좋은 크기예요. 나이가 있어 부드러운 쪽을 신경 쓰게 되네요. 떨어지면 다시 주문하려고요.,0,2026-08-25 23:59:59
1707,3,떡볶이에게 주려고 신장 수치가 걱정돼서요. 주면 먹기는 하는데 열광하진 않아요. 보관이 편한 점이 좋아요. 가격을 보고 재구매를 정하려고요.,1,2026-08-10 13:36:29
1708,3,라떼에게 주려고 속이 자주 안 좋아서 찾아봤어요. 그럭저럭 먹는 편이에요. 보관이 편한 점이 좋아요. 입이 작은 아이인데 알맞은 크기예요. 무난해서 당분간은 이걸로 갑니다.,0,2026-03-09 21:37:41
1709,3,설이에게 주려고 작게 끊어 주기 좋아 보여 골랐어요. 주면 먹기는 하는데 열광하진 않아요. 둘 다 먹일 수 있어 편해요. 작은 아이 입에도 부담이 없어요. 가격을 보고 재구매를 정하려고요.,0,2026-03-29 21:41:08
1710,1,똘이에게 주려고 관절이 약해 보여 걱정이었어요. 거의 입도 안 댔어요. 재구매는 어려울 것 같아요.,0,2026-07-11 00:59:04
1711,5,아톰에게 주려고 피부를 자꾸 긁어서 찾아봤어요. 봉지 소리만 나도 달려옵니다. 한창때라 그런지 급여량이 넉넉히 필요해요. 가금류 알레르기가 있어 원료를 하나하나 확인하고 샀어요. 주변에도 추천하고 있어요.,0,2026-08-16 14:00:06
1712,4,슈슈에게 주려고 물을 잘 안 마시는 편이라 신경 쓰였어요. 그릇을 비우는 걸 보니 마음이 놓여요. 가볍고 부스러기가 적어요. 작은 아이 입에도 부담이 없어요. 한창때라 그런지 급여량이 넉넉히 필요해요. 떨어지면 다시 주문하려고요.,0,2026-08-12 23:42:50
1713,4,탄이에게 주려고 체중 관리가 필요하다고 해서요. 잘 먹어서 다행이에요. 한 번에 먹기 딱 좋은 크기예요. 다음에도 살 것 같아요.,0,2025-11-08 12:25:25
1714,5,라떼에게 주려고 먹던 사료가 안 맞는 것 같아 바꿔봤어요. 봉지 소리만 나도 달려옵니다. 한창때라 그런지 급여량이 넉넉히 필요해요. 주변에도 추천하고 있어요.,0,2026-07-07 08:32:55
1715,3,나비에게 주려고 주식을 바꿔볼까 해서 골랐어요. 주면 먹기는 하는데 열광하진 않아요. 수분이 많아 물 대신 챙겨주기 좋아요. 나이가 있어 부드러운 쪽을 신경 쓰게 되네요. 가격을 보고 재구매를 정하려고요.,1,2026-03-07 19:01:16
1716,4,까미에게 주려고 먹던 사료가 안 맞는 것 같아 바꿔봤어요. 잘 먹어서 다행이에요. 한 번에 먹기 딱 좋은 크기예요. 나이가 있어 부드러운 쪽을 신경 쓰게 되네요. 떨어지면 다시 주문하려고요.,0,2026-07-25 21:20:46
1717,1,구름에게 주려고 털 상태가 계속 신경 쓰였어요. 냄새만 맡고 돌아서네요. 한 번에 먹기 딱 좋은 크기예요. 재구매는 어려울 것 같아요.,0,2026-05-05 17:52:06
1718,4,감자에게 주려고 신장 수치가 걱정돼서요. 그릇을 비우는 걸 보니 마음이 놓여요. 해동해서 주는 게 조금 번거로워요. 오리이 들어간 걸 먹으면 긁어서 성분표부터 봤습니다. 다음에도 살 것 같아요.,1,2026-04-11 01:28:48
1719,5,베리에게 주려고 간식으로 하나 들여봤어요. 정신없이 먹어요. 가볍고 부스러기가 적어요. 한 번에 먹기 딱 좋은 크기예요. 바로 재구매했습니다.,0,2025-05-09 12:02:10
1720,5,별이에게 주려고 신장 수치가 걱정돼서요. 봉지 소리만 나도 달려옵니다. 보관이 편한 점이 좋아요. 아직 어려서 조금씩 나눠 급여하고 있어요. 주변에도 추천하고 있어요.,0,2026-06-10 08:22:09
1721,4,구름에게 주려고 산책 뒤에 다리를 아껴주고 싶었어요. 잘 먹어서 다행이에요. 바삭해서 손에 묻지 않아요. 입이 작은 아이인데 알맞은 크기예요. 떨어지면 다시 주문하려고요.,0,2026-08-11 02:12:41
1722,4,치즈에게 주려고 관절이 약해 보여 걱정이었어요. 그릇을 비우는 걸 보니 마음이 놓여요. 한 번에 먹기 딱 좋은 크기예요. 닭고기 알레르기가 있어 원료를 하나하나 확인하고 샀어요. 다음에도 살 것 같아요.,0,2026-01-25 06:35:58
1723,2,떡볶이에게 주려고 신장 수치가 걱정돼서요. 억지로 먹이는 느낌이라 아쉬워요. 작은 아이 입에도 부담이 없어요. 재구매는 조금 더 고민해보려고요.,0,2026-07-07 04:59:56
1724,4,몽이에게 주려고 양치를 싫어해서 대신할 걸 찾았어요. 그릇을 비우는 걸 보니 마음이 놓여요. 바삭해서 손에 묻지 않아요. 한 번에 먹기 딱 좋은 크기예요. 아직 어려서 조금씩 나눠 급여하고 있어요. 다음에도 살 것 같아요.,0,2026-07-25 21:11:27
1725,2,가을에게 주려고 소화가 편한 걸 고르고 싶었어요. 처음엔 먹다가 금방 남기더라고요. 둘 다 먹일 수 있어 편해요. 한창때라 그런지 급여량이 넉넉히 필요해요. 소고기이 들어간 걸 먹으면 긁어서 성분표부터 봤습니다. 한 번 더 줘보고 결정하려 합니다.,0,2026-02-15 05:05:57
1726,3,몽이에게 주려고 물을 잘 안 마시는 편이라 신경 쓰였어요. 그럭저럭 먹는 편이에요. 가격을 보고 재구매를 정하려고요.,0,2026-08-21 19:36:18
1727,3,마루에게 주려고 먹던 사료가 안 맞는 것 같아 바꿔봤어요. 그럭저럭 먹는 편이에요. 부드러워서 잘 넘겨요. 홍합 알레르기가 있어 원료를 하나하나 확인하고 샀어요. 가격을 보고 재구매를 정하려고요.,1,2026-08-05 22:58:38
1728,3,코코에게 주려고 훈련 보상용으로 샀어요. 주면 먹기는 하는데 열광하진 않아요. 바삭해서 손에 묻지 않아요. 큰 아이라 한 봉지가 며칠 못 갑니다. 가격을 보고 재구매를 정하려고요.,0,2024-08-15 01:17:53
1729,4,호두에게 주려고 관절이 약해 보여 걱정이었어요. 잘 먹어서 다행이에요. 병아리콩 알레르기가 있어 원료를 하나하나 확인하고 샀어요. 떨어지면 다시 주문하려고요.,0,2026-07-07 19:02:20
1730,4,봄이에게 주려고 작게 끊어 주기 좋아 보여 골랐어요. 그릇을 비우는 걸 보니 마음이 놓여요. 떨어지면 다시 주문하려고요.,0,2026-08-25 20:54:58
1731,5,베리에게 주려고 주식을 바꿔볼까 해서 골랐어요. 봉지 소리만 나도 달려옵니다. 보관이 편한 점이 좋아요. 한 번에 먹기 딱 좋은 크기예요. 한창때라 그런지 급여량이 넉넉히 필요해요. 병아리콩 알레르기가 있어 원료를 하나하나 확인하고 샀어요. 주변에도 추천하고 있어요.,0,2025-07-06 06:37:20
1732,2,설이에게 주려고 산책 뒤에 다리를 아껴주고 싶었어요. 억지로 먹이는 느낌이라 아쉬워요. 덩치가 있어 양이 금방 줄어요. 한 번 더 줘보고 결정하려 합니다.,0,2026-08-05 10:19:25
1733,1,유리에게 주려고 털 상태가 계속 신경 쓰였어요. 거의 입도 안 댔어요. 다른 제품을 다시 찾아봐야겠어요.,1,2026-06-03 03:57:42
1734,4,구름에게 주려고 피부를 자꾸 긁어서 찾아봤어요. 잘 먹어서 다행이에요. 병아리콩이 들어간 걸 먹으면 긁어서 성분표부터 봤습니다. 다음에도 살 것 같아요.,0,2026-08-25 23:59:59
1735,4,단추에게 주려고 털 상태가 계속 신경 쓰였어요. 잘 먹어서 다행이에요. 해동해서 주는 게 조금 번거로워요. 떨어지면 다시 주문하려고요.,1,2026-08-25 23:59:59
1736,5,치즈에게 주려고 털 상태가 계속 신경 쓰였어요. 정신없이 먹어요. 주변에도 추천하고 있어요.,1,2024-05-11 20:36:37
1737,5,초코에게 주려고 관절이 약해 보여 걱정이었어요. 정신없이 먹어요. 알갱이가 단단해 오래 씹어요. 작은 아이 입에도 부담이 없어요. 나이가 있어 부드러운 쪽을 신경 쓰게 되네요. 주변에도 추천하고 있어요.,0,2026-08-25 23:59:59
1738,4,설이에게 주려고 털 상태가 계속 신경 쓰였어요. 잘 먹어서 다행이에요. 신선한 느낌이 들어요. 한창때라 그런지 급여량이 넉넉히 필요해요. 고구마 알레르기가 있어 원료를 하나하나 확인하고 샀어요. 다음에도 살 것 같아요.,0,2026-07-13 02:28:29
1739,3,모카에게 주려고 살이 붙어서 고민하다 골랐어요. 그럭저럭 먹는 편이에요. 작은 아이 입에도 부담이 없어요. 나이가 있어 부드러운 쪽을 신경 쓰게 되네요. 무난해서 당분간은 이걸로 갑니다.,0,2026-07-22 04:33:27
1740,3,달이에게 주려고 물을 잘 안 마시는 편이라 신경 쓰였어요. 그럭저럭 먹는 편이에요. 한창때라 그런지 급여량이 넉넉히 필요해요. 무난해서 당분간은 이걸로 갑니다.,0,2026-05-11 15:18:55
1741,5,단추에게 주려고 피부를 자꾸 긁어서 찾아봤어요. 정신없이 먹어요. 한 봉지로 같이 먹입니다. 나이가 있어 부드러운 쪽을 신경 쓰게 되네요. 주변에도 추천하고 있어요.,1,2025-12-11 07:54:16
1742,1,탄이에게 주려고 피부를 자꾸 긁어서 찾아봤어요. 거의 입도 안 댔어요. 둘 다 먹일 수 있어 편해요. 다른 제품을 다시 찾아봐야겠어요.,0,2026-08-25 23:59:59
1743,2,라떼에게 주려고 주식을 바꿔볼까 해서 골랐어요. 억지로 먹이는 느낌이라 아쉬워요. 보관이 편한 점이 좋아요. 한 번 더 줘보고 결정하려 합니다.,0,2025-05-24 13:32:56
1744,5,슈슈에게 주려고 먹던 사료가 안 맞는 것 같아 바꿔봤어요. 정신없이 먹어요. 부드러워서 잘 넘겨요. 작은 아이 입에도 부담이 없어요. 주변에도 추천하고 있어요.,0,2026-06-01 19:57:17
1745,5,두부에게 주려고 양치를 싫어해서 대신할 걸 찾았어요. 봉지 소리만 나도 달려옵니다. 바삭해서 손에 묻지 않아요. 한창때라 그런지 급여량이 넉넉히 필요해요. 어류이 들어간 걸 먹으면 긁어서 성분표부터 봤습니다. 주변에도 추천하고 있어요.,0,2026-08-15 22:51:56
1746,5,구름에게 주려고 피부를 자꾸 긁어서 찾아봤어요. 봉지 소리만 나도 달려옵니다. 바로 재구매했습니다.,0,2025-12-11 11:25:01
1747,5,가을에게 주려고 첨가물이 적은 걸 찾다가 샀어요. 정신없이 먹어요. 한창때라 그런지 급여량이 넉넉히 필요해요. 바로 재구매했습니다.,0,2026-08-09 13:16:44
1748,5,단추에게 주려고 산책 뒤에 다리를 아껴주고 싶었어요. 봉지 소리만 나도 달려옵니다. 알갱이가 단단해 오래 씹어요. 한 번에 먹기 딱 좋은 크기예요. 나이가 있어 부드러운 쪽을 신경 쓰게 되네요. 단백질 알레르기가 있어 원료를 하나하나 확인하고 샀어요. 주변에도 추천하고 있어요.,0,2026-01-05 08:01:33
1749,1,호두에게 주려고 산책 뒤에 다리를 아껴주고 싶었어요. 거의 입도 안 댔어요. 보관이 편한 점이 좋아요. 작은 아이 입에도 부담이 없어요. 재구매는 어려울 것 같아요.,0,2026-08-25 23:59:59
1750,4,나비에게 주려고 물을 잘 안 마시는 편이라 신경 쓰였어요. 그릇을 비우는 걸 보니 마음이 놓여요. 알갱이가 단단해 오래 씹어요. 덩치가 있어 양이 금방 줄어요. 떨어지면 다시 주문하려고요.,0,2026-05-07 17:18:26
1751,3,밤비에게 주려고 먹던 사료가 안 맞는 것 같아 바꿔봤어요. 주면 먹기는 하는데 열광하진 않아요. 오리이 들어간 걸 먹으면 긁어서 성분표부터 봤습니다. 가격을 보고 재구매를 정하려고요.,0,2026-03-30 16:23:08
1752,5,감자에게 주려고 털 상태가 계속 신경 쓰였어요. 봉지 소리만 나도 달려옵니다. 부드러워서 잘 넘겨요. 한 번에 먹기 딱 좋은 크기예요. 바로 재구매했습니다.,0,2026-04-19 23:19:30
1753,2,루비에게 주려고 속이 자주 안 좋아서 찾아봤어요. 처음엔 먹다가 금방 남기더라고요. 부드러워서 잘 넘겨요. 작은 아이 입에도 부담이 없어요. 재구매는 조금 더 고민해보려고요.,0,2025-02-21 21:59:12
1754,5,라떼에게 주려고 양치를 싫어해서 대신할 걸 찾았어요. 봉지 소리만 나도 달려옵니다. 바로 재구매했습니다.,0,2026-07-10 13:16:24
1755,5,가을에게 주려고 수제라 믿음이 가서 골랐어요. 봉지 소리만 나도 달려옵니다. 둘 다 먹일 수 있어 편해요. 한창때라 그런지 급여량이 넉넉히 필요해요. 주변에도 추천하고 있어요.,1,2026-04-23 16:23:52
1756,5,치즈에게 주려고 먹던 사료가 안 맞는 것 같아 바꿔봤어요. 봉지 소리만 나도 달려옵니다. 보관이 편한 점이 좋아요. 한창때라 그런지 급여량이 넉넉히 필요해요. 바로 재구매했습니다.,0,2025-02-22 16:37:55
1757,4,삐삐에게 주려고 살이 붙어서 고민하다 골랐어요. 잘 먹어서 다행이에요. 한 번에 먹기 딱 좋은 크기예요. 한창때라 그런지 급여량이 넉넉히 필요해요. 다음에도 살 것 같아요.,0,2026-03-10 00:20:20
1758,4,베리에게 주려고 물을 잘 안 마시는 편이라 신경 쓰였어요. 그릇을 비우는 걸 보니 마음이 놓여요. 가볍고 부스러기가 적어요. 병아리콩 알레르기가 있어 원료를 하나하나 확인하고 샀어요. 떨어지면 다시 주문하려고요.,0,2026-08-11 00:42:41
1759,4,토리에게 주려고 신장 수치가 걱정돼서요. 그릇을 비우는 걸 보니 마음이 놓여요. 보관이 편한 점이 좋아요. 다음에도 살 것 같아요.,0,2026-08-17 11:04:35
1760,3,슈슈에게 주려고 첨가물이 적은 걸 찾다가 샀어요. 그럭저럭 먹는 편이에요. 한 봉지로 같이 먹입니다. 한 번에 먹기 딱 좋은 크기예요. 참치 알레르기가 있어 원료를 하나하나 확인하고 샀어요. 무난해서 당분간은 이걸로 갑니다.,0,2026-05-04 06:02:37
1761,1,보리에게 주려고 털 상태가 계속 신경 쓰였어요. 냄새만 맡고 돌아서네요. 알갱이가 단단해 오래 씹어요. 한창때라 그런지 급여량이 넉넉히 필요해요. 다른 제품을 다시 찾아봐야겠어요.,1,2026-06-11 03:46:12
1762,5,아톰에게 주려고 체중 관리가 필요하다고 해서요. 정신없이 먹어요. 주변에도 추천하고 있어요.,1,2025-10-30 15:16:15
1763,1,밤비에게 주려고 관절이 약해 보여 걱정이었어요. 냄새만 맡고 돌아서네요. 한 번에 먹기 딱 좋은 크기예요. 한창때라 그런지 급여량이 넉넉히 필요해요. 곤충단백이 들어간 걸 먹으면 긁어서 성분표부터 봤습니다. 다른 제품을 다시 찾아봐야겠어요.,1,2026-08-04 19:29:33
1764,5,감자에게 주려고 먹던 사료가 안 맞는 것 같아 바꿔봤어요. 봉지 소리만 나도 달려옵니다. 부드러워서 잘 넘겨요. 주변에도 추천하고 있어요.,0,2026-06-08 08:49:45
1765,3,레오에게 주려고 털 상태가 계속 신경 쓰였어요. 주면 먹기는 하는데 열광하진 않아요. 가격을 보고 재구매를 정하려고요.,0,2026-08-25 23:59:59
1766,4,순이에게 주려고 신장 수치가 걱정돼서요. 잘 먹어서 다행이에요. 다음에도 살 것 같아요.,0,2026-05-22 08:31:28
1767,5,콩이에게 주려고 피부를 자꾸 긁어서 찾아봤어요. 봉지 소리만 나도 달려옵니다. 가볍고 부스러기가 적어요. 나이가 있어 부드러운 쪽을 신경 쓰게 되네요. 바로 재구매했습니다.,0,2026-08-17 08:03:07
1768,5,베리에게 주려고 먹던 사료가 안 맞는 것 같아 바꿔봤어요. 정신없이 먹어요. 알갱이가 단단해 오래 씹어요. 나이가 있어 부드러운 쪽을 신경 쓰게 되네요. 바로 재구매했습니다.,0,2026-08-14 01:45:40
1769,4,구름에게 주려고 첨가물이 적은 걸 찾다가 샀어요. 그릇을 비우는 걸 보니 마음이 놓여요. 입이 작은 아이인데 알맞은 크기예요. 다음에도 살 것 같아요.,0,2026-05-21 22:05:01
1770,5,나비에게 주려고 먹던 사료가 안 맞는 것 같아 바꿔봤어요. 봉지 소리만 나도 달려옵니다. 보관이 편한 점이 좋아요. 아직 어려서 조금씩 나눠 급여하고 있어요. 바로 재구매했습니다.,0,2026-05-02 00:45:36
1771,2,치즈에게 주려고 주식을 바꿔볼까 해서 골랐어요. 억지로 먹이는 느낌이라 아쉬워요. 한창때라 그런지 급여량이 넉넉히 필요해요. 칠면조 알레르기가 있어 원료를 하나하나 확인하고 샀어요. 한 번 더 줘보고 결정하려 합니다.,0,2026-07-19 00:47:09
1772,4,별이에게 주려고 먹던 사료가 안 맞는 것 같아 바꿔봤어요. 잘 먹어서 다행이에요. 다음에도 살 것 같아요.,0,2026-07-17 23:49:14
1773,5,먼지에게 주려고 양치를 싫어해서 대신할 걸 찾았어요. 정신없이 먹어요. 한 봉지로 같이 먹입니다. 덩치가 있어 양이 금방 줄어요. 바로 재구매했습니다.,0,2026-07-01 14:22:03
1774,5,루비에게 주려고 피부를 자꾸 긁어서 찾아봤어요. 정신없이 먹어요. 주변에도 추천하고 있어요.,0,2026-08-25 23:59:59
1775,3,해피에게 주려고 먹던 사료가 안 맞는 것 같아 바꿔봤어요. 주면 먹기는 하는데 열광하진 않아요. 입이 작은 아이인데 알맞은 크기예요. 가격을 보고 재구매를 정하려고요.,0,2026-08-01 04:17:01
1776,3,두부에게 주려고 관절이 약해 보여 걱정이었어요. 그럭저럭 먹는 편이에요. 가격을 보고 재구매를 정하려고요.,0,2026-05-09 20:55:49
1777,1,베리에게 주려고 속이 자주 안 좋아서 찾아봤어요. 냄새만 맡고 돌아서네요. 다른 제품을 다시 찾아봐야겠어요.,0,2026-08-23 01:06:15
1778,5,모카에게 주려고 소화가 편한 걸 고르고 싶었어요. 봉지 소리만 나도 달려옵니다. 입이 작은 아이인데 알맞은 크기예요. 한창때라 그런지 급여량이 넉넉히 필요해요. 바로 재구매했습니다.,0,2026-01-13 10:29:11
1779,3,밤비에게 주려고 산책 뒤에 다리를 아껴주고 싶었어요. 그럭저럭 먹는 편이에요. 한 번에 먹기 딱 좋은 크기예요. 가격을 보고 재구매를 정하려고요.,0,2026-08-25 23:59:59
1780,5,모카에게 주려고 소화가 편한 걸 고르고 싶었어요. 정신없이 먹어요. 한창때라 그런지 급여량이 넉넉히 필요해요. 바로 재구매했습니다.,0,2026-02-13 12:13:01
1781,4,레오에게 주려고 물을 잘 안 마시는 편이라 신경 쓰였어요. 잘 먹어서 다행이에요. 한 번에 먹기 딱 좋은 크기예요. 닭고기 알레르기가 있어 원료를 하나하나 확인하고 샀어요. 다음에도 살 것 같아요.,1,2026-06-15 08:31:20
1782,5,레오에게 주려고 치석이 껴서 알아보다 샀어요. 정신없이 먹어요. 주변에도 추천하고 있어요.,0,2026-05-31 06:16:17
1783,5,망고에게 주려고 주식을 바꿔볼까 해서 골랐어요. 봉지 소리만 나도 달려옵니다. 보관이 편한 점이 좋아요. 계란이 들어간 걸 먹으면 긁어서 성분표부터 봤습니다. 바로 재구매했습니다.,0,2026-08-11 00:35:25
1784,4,방울에게 주려고 새로운 간식을 찾다가 골랐어요. 그릇을 비우는 걸 보니 마음이 놓여요. 가볍고 부스러기가 적어요. 떨어지면 다시 주문하려고요.,0,2026-05-28 12:15:34
1785,3,먼지에게 주려고 물을 잘 안 마시는 편이라 신경 쓰였어요. 주면 먹기는 하는데 열광하진 않아요. 바삭해서 손에 묻지 않아요. 한 번에 먹기 딱 좋은 크기예요. 나이가 있어 부드러운 쪽을 신경 쓰게 되네요. 소고기 알레르기가 있어 원료를 하나하나 확인하고 샀어요. 무난해서 당분간은 이걸로 갑니다.,0,2026-08-25 23:59:59
1786,4,아톰에게 주려고 살이 붙어서 고민하다 골랐어요. 그릇을 비우는 걸 보니 마음이 놓여요. 알갱이가 단단해 오래 씹어요. 다음에도 살 것 같아요.,0,2026-07-10 03:30:17
1787,4,나비에게 주려고 체중 관리가 필요하다고 해서요. 잘 먹어서 다행이에요. 보관이 편한 점이 좋아요. 작은 아이 입에도 부담이 없어요. 다음에도 살 것 같아요.,0,2025-04-23 04:50:01
1788,5,라떼에게 주려고 피부를 자꾸 긁어서 찾아봤어요. 봉지 소리만 나도 달려옵니다. 보관이 편한 점이 좋아요. 치즈이 들어간 걸 먹으면 긁어서 성분표부터 봤습니다. 주변에도 추천하고 있어요.,0,2026-06-16 02:14:59
1789,5,떡볶이에게 주려고 치석이 껴서 알아보다 샀어요. 정신없이 먹어요. 한 봉지로 같이 먹입니다. 작은 아이 입에도 부담이 없어요. 바로 재구매했습니다.,0,2026-02-12 07:18:26
1790,5,뽀삐에게 주려고 살이 붙어서 고민하다 골랐어요. 정신없이 먹어요. 알갱이가 단단해 오래 씹어요. 작은 아이 입에도 부담이 없어요. 주변에도 추천하고 있어요.,0,2025-12-13 20:07:46
1791,4,방울에게 주려고 피부를 자꾸 긁어서 찾아봤어요. 잘 먹어서 다행이에요. 해동해서 주는 게 조금 번거로워요. 한 번에 먹기 딱 좋은 크기예요. 아직 어려서 조금씩 나눠 급여하고 있어요. 다음에도 살 것 같아요.,1,2026-03-06 22:15:10
1792,1,나비에게 주려고 털 상태가 계속 신경 쓰였어요. 냄새만 맡고 돌아서네요. 재구매는 어려울 것 같아요.,1,2026-08-14 01:19:22
1793,1,보리에게 주려고 산책 뒤에 다리를 아껴주고 싶었어요. 거의 입도 안 댔어요. 다른 제품을 다시 찾아봐야겠어요.,0,2026-02-06 12:01:59
1794,2,유리에게 주려고 체중 관리가 필요하다고 해서요. 억지로 먹이는 느낌이라 아쉬워요. 재구매는 조금 더 고민해보려고요.,0,2026-07-11 17:41:55
1795,5,유리에게 주려고 속이 자주 안 좋아서 찾아봤어요. 봉지 소리만 나도 달려옵니다. 둘 다 먹일 수 있어 편해요. 작은 아이 입에도 부담이 없어요. 주변에도 추천하고 있어요.,0,2026-08-25 23:59:59
1796,5,레오에게 주려고 관절이 약해 보여 걱정이었어요. 정신없이 먹어요. 옥수수이 들어간 걸 먹으면 긁어서 성분표부터 봤습니다. 바로 재구매했습니다.,0,2026-08-04 14:17:25
1797,4,콩이에게 주려고 훈련 보상용으로 샀어요. 그릇을 비우는 걸 보니 마음이 놓여요. 다음에도 살 것 같아요.,0,2026-08-18 00:47:53
1798,5,나비에게 주려고 첨가물이 적은 걸 찾다가 샀어요. 봉지 소리만 나도 달려옵니다. 한 봉지로 같이 먹입니다. 바로 재구매했습니다.,1,2026-06-13 20:18:02
1799,4,별이에게 주려고 살이 붙어서 고민하다 골랐어요. 그릇을 비우는 걸 보니 마음이 놓여요. 작은 아이 입에도 부담이 없어요. 떨어지면 다시 주문하려고요.,0,2026-08-25 23:59:59
1800,4,탄이에게 주려고 살이 붙어서 고민하다 골랐어요. 그릇을 비우는 걸 보니 마음이 놓여요. 한창때라 그런지 급여량이 넉넉히 필요해요. 다음에도 살 것 같아요.,0,2026-06-02 10:31:58
1801,5,봄이에게 주려고 치석이 껴서 알아보다 샀어요. 정신없이 먹어요. 주변에도 추천하고 있어요.,0,2026-06-11 01:14:22
1802,4,루비에게 주려고 치석이 껴서 알아보다 샀어요. 그릇을 비우는 걸 보니 마음이 놓여요. 바삭해서 손에 묻지 않아요. 옥수수 알레르기가 있어 원료를 하나하나 확인하고 샀어요. 떨어지면 다시 주문하려고요.,1,2026-06-30 02:32:05
1803,3,감자에게 주려고 피부를 자꾸 긁어서 찾아봤어요. 주면 먹기는 하는데 열광하진 않아요. 수분이 많아 물 대신 챙겨주기 좋아요. 덩치가 있어 양이 금방 줄어요. 가격을 보고 재구매를 정하려고요.,0,2026-04-17 00:23:03
1804,3,코코에게 주려고 간식으로 하나 들여봤어요. 그럭저럭 먹는 편이에요. 바삭해서 손에 묻지 않아요. 가격을 보고 재구매를 정하려고요.,0,2026-05-21 04:41:54
1805,2,설이에게 주려고 작게 끊어 주기 좋아 보여 골랐어요. 처음엔 먹다가 금방 남기더라고요. 수분이 많아 물 대신 챙겨주기 좋아요. 한 번 더 줘보고 결정하려 합니다.,0,2026-08-19 06:22:42
1806,3,별이에게 주려고 살이 붙어서 고민하다 골랐어요. 그럭저럭 먹는 편이에요. 한 번에 먹기 딱 좋은 크기예요. 인공색소이 들어간 걸 먹으면 긁어서 성분표부터 봤습니다. 무난해서 당분간은 이걸로 갑니다.,1,2026-08-09 12:13:46
1807,3,뽀삐에게 주려고 산책 뒤에 다리를 아껴주고 싶었어요. 그럭저럭 먹는 편이에요. 알갱이가 단단해 오래 씹어요. 가격을 보고 재구매를 정하려고요.,0,2026-04-27 13:42:36
1808,2,떡볶이에게 주려고 살이 붙어서 고민하다 골랐어요. 억지로 먹이는 느낌이라 아쉬워요. 알갱이가 단단해 오래 씹어요. 입이 작은 아이인데 알맞은 크기예요. 한창때라 그런지 급여량이 넉넉히 필요해요. 재구매는 조금 더 고민해보려고요.,0,2026-05-10 06:50:29
1809,1,치즈에게 주려고 속이 자주 안 좋아서 찾아봤어요. 거의 입도 안 댔어요. 작은 아이 입에도 부담이 없어요. 재구매는 어려울 것 같아요.,0,2026-08-25 23:59:59
1810,4,해피에게 주려고 산책 뒤에 다리를 아껴주고 싶었어요. 잘 먹어서 다행이에요. 다음에도 살 것 같아요.,0,2026-05-15 03:53:55
1811,4,유리에게 주려고 작게 끊어 주기 좋아 보여 골랐어요. 잘 먹어서 다행이에요. 가볍고 부스러기가 적어요. 한 번에 먹기 딱 좋은 크기예요. 다음에도 살 것 같아요.,0,2026-08-23 16:23:31
1812,4,유리에게 주려고 체중 관리가 필요하다고 해서요. 그릇을 비우는 걸 보니 마음이 놓여요. 보관이 편한 점이 좋아요. 떨어지면 다시 주문하려고요.,0,2025-10-10 14:18:16
1813,4,루비에게 주려고 훈련 보상용으로 샀어요. 그릇을 비우는 걸 보니 마음이 놓여요. 입이 작은 아이인데 알맞은 크기예요. 옥수수 알레르기가 있어 원료를 하나하나 확인하고 샀어요. 다음에도 살 것 같아요.,0,2026-06-18 11:29:49
1814,5,똘이에게 주려고 산책 뒤에 다리를 아껴주고 싶었어요. 정신없이 먹어요. 보관이 편한 점이 좋아요. 바로 재구매했습니다.,0,2026-07-31 21:01:06
1815,2,삐삐에게 주려고 소화가 편한 걸 고르고 싶었어요. 억지로 먹이는 느낌이라 아쉬워요. 알갱이가 단단해 오래 씹어요. 한 번에 먹기 딱 좋은 크기예요. 재구매는 조금 더 고민해보려고요.,0,2026-08-16 20:15:46
1816,5,가을에게 주려고 털 상태가 계속 신경 쓰였어요. 봉지 소리만 나도 달려옵니다. 해동해서 주는 게 조금 번거로워요. 바로 재구매했습니다.,0,2026-07-31 03:39:39
1817,2,감자에게 주려고 훈련 보상용으로 샀어요. 억지로 먹이는 느낌이라 아쉬워요. 가볍고 부스러기가 적어요. 한 번 더 줘보고 결정하려 합니다.,0,2026-02-24 16:14:46
1818,4,슈슈에게 주려고 피부를 자꾸 긁어서 찾아봤어요. 그릇을 비우는 걸 보니 마음이 놓여요. 덩치가 있어 양이 금방 줄어요. 나이가 있어 부드러운 쪽을 신경 쓰게 되네요. 떨어지면 다시 주문하려고요.,0,2025-11-28 11:29:43
1819,1,레오에게 주려고 물을 잘 안 마시는 편이라 신경 쓰였어요. 거의 입도 안 댔어요. 한 봉지로 같이 먹입니다. 한 번에 먹기 딱 좋은 크기예요. 한창때라 그런지 급여량이 넉넉히 필요해요. 닭고기이 들어간 걸 먹으면 긁어서 성분표부터 봤습니다. 다른 제품을 다시 찾아봐야겠어요.,0,2025-10-12 20:39:21
1820,4,까미에게 주려고 먹던 사료가 안 맞는 것 같아 바꿔봤어요. 잘 먹어서 다행이에요. 다음에도 살 것 같아요.,0,2026-07-22 01:54:58
1821,5,두부에게 주려고 첨가물이 적은 걸 찾다가 샀어요. 정신없이 먹어요. 한 번에 먹기 딱 좋은 크기예요. 어류 알레르기가 있어 원료를 하나하나 확인하고 샀어요. 주변에도 추천하고 있어요.,0,2026-08-06 00:16:23
1822,5,방울에게 주려고 피부를 자꾸 긁어서 찾아봤어요. 봉지 소리만 나도 달려옵니다. 나이가 있어 부드러운 쪽을 신경 쓰게 되네요. 우유이 들어간 걸 먹으면 긁어서 성분표부터 봤습니다. 주변에도 추천하고 있어요.,0,2026-08-19 13:04:55
1823,3,가을에게 주려고 주식을 바꿔볼까 해서 골랐어요. 그럭저럭 먹는 편이에요. 부드러워서 잘 넘겨요. 가격을 보고 재구매를 정하려고요.,0,2026-07-17 11:31:14
1824,5,라떼에게 주려고 치석이 껴서 알아보다 샀어요. 정신없이 먹어요. 바삭해서 손에 묻지 않아요. 작은 아이 입에도 부담이 없어요. 주변에도 추천하고 있어요.,0,2025-12-19 16:41:39
1825,1,몽이에게 주려고 훈련 보상용으로 샀어요. 거의 입도 안 댔어요. 둘 다 먹일 수 있어 편해요. 재구매는 어려울 것 같아요.,0,2025-11-09 07:53:22
1826,4,나비에게 주려고 살이 붙어서 고민하다 골랐어요. 잘 먹어서 다행이에요. 떨어지면 다시 주문하려고요.,0,2026-07-21 20:31:30
1827,4,방울에게 주려고 작게 끊어 주기 좋아 보여 골랐어요. 그릇을 비우는 걸 보니 마음이 놓여요. 둘 다 먹일 수 있어 편해요. 작은 아이 입에도 부담이 없어요. 떨어지면 다시 주문하려고요.,0,2026-08-19 03:27:53
1828,1,치즈에게 주려고 치석이 껴서 알아보다 샀어요. 냄새만 맡고 돌아서네요. 다른 제품을 다시 찾아봐야겠어요.,0,2026-06-25 05:33:33
1829,2,망고에게 주려고 피부를 자꾸 긁어서 찾아봤어요. 처음엔 먹다가 금방 남기더라고요. 둘 다 먹일 수 있어 편해요. 한창때라 그런지 급여량이 넉넉히 필요해요. 재구매는 조금 더 고민해보려고요.,1,2026-04-28 03:14:22
1830,2,치즈에게 주려고 피부를 자꾸 긁어서 찾아봤어요. 처음엔 먹다가 금방 남기더라고요. 알갱이가 단단해 오래 씹어요. 재구매는 조금 더 고민해보려고요.,0,2026-08-24 00:30:03
1831,3,방울에게 주려고 치석이 껴서 알아보다 샀어요. 그럭저럭 먹는 편이에요. 나이가 있어 부드러운 쪽을 신경 쓰게 되네요. 우유이 들어간 걸 먹으면 긁어서 성분표부터 봤습니다. 가격을 보고 재구매를 정하려고요.,0,2026-08-23 21:41:42
1832,5,베리에게 주려고 주식을 바꿔볼까 해서 골랐어요. 봉지 소리만 나도 달려옵니다. 아직 어려서 조금씩 나눠 급여하고 있어요. 주변에도 추천하고 있어요.,0,2026-07-26 03:36:40
1833,1,레오에게 주려고 체중 관리가 필요하다고 해서요. 냄새만 맡고 돌아서네요. 작은 아이 입에도 부담이 없어요. 한창때라 그런지 급여량이 넉넉히 필요해요. 다른 제품을 다시 찾아봐야겠어요.,0,2026-08-25 23:59:59
1834,2,베리에게 주려고 신장 수치가 걱정돼서요. 처음엔 먹다가 금방 남기더라고요. 한 번 더 줘보고 결정하려 합니다.,0,2026-08-08 12:49:02
1835,5,콩이에게 주려고 체중 관리가 필요하다고 해서요. 정신없이 먹어요. 가볍고 부스러기가 적어요. 나이가 있어 부드러운 쪽을 신경 쓰게 되네요. 주변에도 추천하고 있어요.,0,2026-08-11 16:31:00
1836,5,마루에게 주려고 산책 뒤에 다리를 아껴주고 싶었어요. 정신없이 먹어요. 보관이 편한 점이 좋아요. 나이가 있어 부드러운 쪽을 신경 쓰게 되네요. 단백질이 들어간 걸 먹으면 긁어서 성분표부터 봤습니다. 주변에도 추천하고 있어요.,0,2026-04-18 04:18:08
1837,4,아톰에게 주려고 작게 끊어 주기 좋아 보여 골랐어요. 그릇을 비우는 걸 보니 마음이 놓여요. 바삭해서 손에 묻지 않아요. 나이가 있어 부드러운 쪽을 신경 쓰게 되네요. 떨어지면 다시 주문하려고요.,0,2026-07-01 13:21:24
1838,4,별이에게 주려고 피부를 자꾸 긁어서 찾아봤어요. 그릇을 비우는 걸 보니 마음이 놓여요. 바삭해서 손에 묻지 않아요. 쌀이 들어간 걸 먹으면 긁어서 성분표부터 봤습니다. 다음에도 살 것 같아요.,0,2026-06-19 11:51:41
1839,5,떡볶이에게 주려고 수제라 믿음이 가서 골랐어요. 정신없이 먹어요. 보관이 편한 점이 좋아요. 요거트이 들어간 걸 먹으면 긁어서 성분표부터 봤습니다. 주변에도 추천하고 있어요.,1,2026-06-17 00:59:39
1840,2,모카에게 주려고 살이 붙어서 고민하다 골랐어요. 억지로 먹이는 느낌이라 아쉬워요. 보관이 편한 점이 좋아요. 작은 아이 입에도 부담이 없어요. 재구매는 조금 더 고민해보려고요.,0,2026-05-29 08:33:42
1841,2,아톰에게 주려고 치석이 껴서 알아보다 샀어요. 처음엔 먹다가 금방 남기더라고요. 바삭해서 손에 묻지 않아요. 덩치가 있어 양이 금방 줄어요. 한 번 더 줘보고 결정하려 합니다.,1,2026-06-02 07:36:51
1842,1,설이에게 주려고 살이 붙어서 고민하다 골랐어요. 냄새만 맡고 돌아서네요. 재구매는 어려울 것 같아요.,0,2026-03-04 01:14:24
1843,5,망고에게 주려고 관절이 약해 보여 걱정이었어요. 봉지 소리만 나도 달려옵니다. 부드러워서 잘 넘겨요. 한 번에 먹기 딱 좋은 크기예요. 바로 재구매했습니다.,0,2026-04-04 06:05:46
1844,5,망고에게 주려고 살이 붙어서 고민하다 골랐어요. 봉지 소리만 나도 달려옵니다. 작은 아이 입에도 부담이 없어요. 더덕이 들어간 걸 먹으면 긁어서 성분표부터 봤습니다. 바로 재구매했습니다.,0,2024-11-29 11:43:17
1845,3,베리에게 주려고 관절이 약해 보여 걱정이었어요. 그럭저럭 먹는 편이에요. 신선한 느낌이 들어요. 가격을 보고 재구매를 정하려고요.,0,2026-06-17 02:16:27
1846,4,코코에게 주려고 주식을 바꿔볼까 해서 골랐어요. 잘 먹어서 다행이에요. 다음에도 살 것 같아요.,0,2026-04-05 01:08:29
1847,3,라떼에게 주려고 소화가 편한 걸 고르고 싶었어요. 그럭저럭 먹는 편이에요. 덩치가 있어 양이 금방 줄어요. 새우 알레르기가 있어 원료를 하나하나 확인하고 샀어요. 가격을 보고 재구매를 정하려고요.,0,2024-06-26 20:45:15
1848,5,루비에게 주려고 주식을 바꿔볼까 해서 골랐어요. 정신없이 먹어요. 부드러워서 잘 넘겨요. 입이 작은 아이인데 알맞은 크기예요. 바로 재구매했습니다.,0,2026-05-26 03:52:33
1849,4,보리에게 주려고 털 상태가 계속 신경 쓰였어요. 그릇을 비우는 걸 보니 마음이 놓여요. 다음에도 살 것 같아요.,0,2026-05-25 04:44:46
1850,3,탄이에게 주려고 주식을 바꿔볼까 해서 골랐어요. 그럭저럭 먹는 편이에요. 가격을 보고 재구매를 정하려고요.,0,2026-02-15 15:05:42
1851,4,치즈에게 주려고 살이 붙어서 고민하다 골랐어요. 잘 먹어서 다행이에요. 입이 작은 아이인데 알맞은 크기예요. 나이가 있어 부드러운 쪽을 신경 쓰게 되네요. 칠면조 알레르기가 있어 원료를 하나하나 확인하고 샀어요. 다음에도 살 것 같아요.,0,2026-08-25 23:59:59
1852,5,달이에게 주려고 먹던 사료가 안 맞는 것 같아 바꿔봤어요. 정신없이 먹어요. 알갱이가 단단해 오래 씹어요. 한 번에 먹기 딱 좋은 크기예요. 주변에도 추천하고 있어요.,0,2026-08-07 09:36:08
1853,4,삐삐에게 주려고 속이 자주 안 좋아서 찾아봤어요. 그릇을 비우는 걸 보니 마음이 놓여요. 알갱이가 단단해 오래 씹어요. 한창때라 그런지 급여량이 넉넉히 필요해요. 다음에도 살 것 같아요.,0,2026-07-20 12:49:33
1854,3,먼지에게 주려고 양치를 싫어해서 대신할 걸 찾았어요. 그럭저럭 먹는 편이에요. 한 봉지로 같이 먹입니다. 한창때라 그런지 급여량이 넉넉히 필요해요. 쌀이 들어간 걸 먹으면 긁어서 성분표부터 봤습니다. 가격을 보고 재구매를 정하려고요.,0,2025-10-09 05:33:58
1855,5,루비에게 주려고 소화가 편한 걸 고르고 싶었어요. 봉지 소리만 나도 달려옵니다. 주변에도 추천하고 있어요.,0,2026-08-21 03:15:42
1856,3,라떼에게 주려고 피부를 자꾸 긁어서 찾아봤어요. 그럭저럭 먹는 편이에요. 덩치가 있어 양이 금방 줄어요. 보리이 들어간 걸 먹으면 긁어서 성분표부터 봤습니다. 무난해서 당분간은 이걸로 갑니다.,1,2026-05-30 17:35:46
1857,3,레오에게 주려고 산책 뒤에 다리를 아껴주고 싶었어요. 주면 먹기는 하는데 열광하진 않아요. 한 번에 먹기 딱 좋은 크기예요. 옥수수이 들어간 걸 먹으면 긁어서 성분표부터 봤습니다. 가격을 보고 재구매를 정하려고요.,0,2026-07-27 02:58:39
1858,5,슈슈에게 주려고 관절이 약해 보여 걱정이었어요. 봉지 소리만 나도 달려옵니다. 작은 아이 입에도 부담이 없어요. 아직 어려서 조금씩 나눠 급여하고 있어요. 주변에도 추천하고 있어요.,1,2026-05-11 05:28:32
1859,2,구름에게 주려고 치석이 껴서 알아보다 샀어요. 처음엔 먹다가 금방 남기더라고요. 한 봉지로 같이 먹입니다. 한 번에 먹기 딱 좋은 크기예요. 한 번 더 줘보고 결정하려 합니다.,0,2026-05-08 07:44:55
1860,3,마루에게 주려고 먹던 사료가 안 맞는 것 같아 바꿔봤어요. 주면 먹기는 하는데 열광하진 않아요. 수분이 많아 물 대신 챙겨주기 좋아요. 작은 아이 입에도 부담이 없어요. 무난해서 당분간은 이걸로 갑니다.,1,2026-07-26 19:06:29
1861,3,베리에게 주려고 먹던 사료가 안 맞는 것 같아 바꿔봤어요. 주면 먹기는 하는데 열광하진 않아요. 수분이 많아 물 대신 챙겨주기 좋아요. 입이 작은 아이인데 알맞은 크기예요. 가격을 보고 재구매를 정하려고요.,0,2026-07-31 21:43:04
1862,4,라떼에게 주려고 양치를 싫어해서 대신할 걸 찾았어요. 잘 먹어서 다행이에요. 다음에도 살 것 같아요.,0,2026-06-04 23:25:44
1863,1,탄이에게 주려고 산책 뒤에 다리를 아껴주고 싶었어요. 거의 입도 안 댔어요. 알갱이가 단단해 오래 씹어요. 한창때라 그런지 급여량이 넉넉히 필요해요. 재구매는 어려울 것 같아요.,0,2026-07-21 23:23:35
1864,1,설이에게 주려고 훈련 보상용으로 샀어요. 냄새만 맡고 돌아서네요. 한창때라 그런지 급여량이 넉넉히 필요해요. 재구매는 어려울 것 같아요.,0,2026-07-22 19:16:31
1865,3,아톰에게 주려고 치석이 껴서 알아보다 샀어요. 그럭저럭 먹는 편이에요. 가볍고 부스러기가 적어요. 한창때라 그런지 급여량이 넉넉히 필요해요. 무난해서 당분간은 이걸로 갑니다.,0,2026-06-11 03:39:15
1866,5,베리에게 주려고 털 상태가 계속 신경 쓰였어요. 정신없이 먹어요. 나이가 있어 부드러운 쪽을 신경 쓰게 되네요. 주변에도 추천하고 있어요.,0,2026-08-25 23:59:59
1867,5,쿠키에게 주려고 수제라 믿음이 가서 골랐어요. 정신없이 먹어요. 알갱이가 단단해 오래 씹어요. 한 번에 먹기 딱 좋은 크기예요. 바로 재구매했습니다.,1,2026-07-12 00:16:59
1868,4,나비에게 주려고 관절이 약해 보여 걱정이었어요. 그릇을 비우는 걸 보니 마음이 놓여요. 바삭해서 손에 묻지 않아요. 덩치가 있어 양이 금방 줄어요. 아직 어려서 조금씩 나눠 급여하고 있어요. 떨어지면 다시 주문하려고요.,0,2026-05-24 10:25:38
1869,2,콩이에게 주려고 물을 잘 안 마시는 편이라 신경 쓰였어요. 처음엔 먹다가 금방 남기더라고요. 작은 아이 입에도 부담이 없어요. 한창때라 그런지 급여량이 넉넉히 필요해요. 치즈이 들어간 걸 먹으면 긁어서 성분표부터 봤습니다. 한 번 더 줘보고 결정하려 합니다.,0,2026-06-11 18:28:29
1870,4,레오에게 주려고 소화가 편한 걸 고르고 싶었어요. 잘 먹어서 다행이에요. 작은 아이 입에도 부담이 없어요. 나이가 있어 부드러운 쪽을 신경 쓰게 되네요. 치즈이 들어간 걸 먹으면 긁어서 성분표부터 봤습니다. 떨어지면 다시 주문하려고요.,0,2026-05-11 06:16:19
1871,2,모카에게 주려고 치석이 껴서 알아보다 샀어요. 억지로 먹이는 느낌이라 아쉬워요. 한 번 더 줘보고 결정하려 합니다.,0,2026-05-05 11:28:13
1872,3,구름에게 주려고 관절이 약해 보여 걱정이었어요. 그럭저럭 먹는 편이에요. 가볍고 부스러기가 적어요. 계란이 들어간 걸 먹으면 긁어서 성분표부터 봤습니다. 무난해서 당분간은 이걸로 갑니다.,0,2026-08-25 23:59:59
1873,2,망고에게 주려고 양치를 싫어해서 대신할 걸 찾았어요. 억지로 먹이는 느낌이라 아쉬워요. 한 번 더 줘보고 결정하려 합니다.,0,2025-06-14 09:16:37
1874,4,탄이에게 주려고 훈련 보상용으로 샀어요. 잘 먹어서 다행이에요. 가볍고 부스러기가 적어요. 다음에도 살 것 같아요.,1,2026-07-01 12:59:56
1875,5,라떼에게 주려고 먹던 사료가 안 맞는 것 같아 바꿔봤어요. 봉지 소리만 나도 달려옵니다. 보관이 편한 점이 좋아요. 주변에도 추천하고 있어요.,0,2025-03-30 02:57:22
1876,5,삐삐에게 주려고 산책 뒤에 다리를 아껴주고 싶었어요. 봉지 소리만 나도 달려옵니다. 부드러워서 잘 넘겨요. 큰 아이라 한 봉지가 며칠 못 갑니다. 바로 재구매했습니다.,0,2026-03-12 02:40:04
1877,3,달이에게 주려고 관절이 약해 보여 걱정이었어요. 주면 먹기는 하는데 열광하진 않아요. 수분이 많아 물 대신 챙겨주기 좋아요. 가격을 보고 재구매를 정하려고요.,0,2025-08-29 08:01:50
1878,4,두부에게 주려고 소화가 편한 걸 고르고 싶었어요. 잘 먹어서 다행이에요. 작은 아이 입에도 부담이 없어요. 글루텐곡물이 들어간 걸 먹으면 긁어서 성분표부터 봤습니다. 다음에도 살 것 같아요.,0,2026-06-23 13:32:15
1879,4,가을에게 주려고 관절이 약해 보여 걱정이었어요. 잘 먹어서 다행이에요. 작은 아이 입에도 부담이 없어요. 한창때라 그런지 급여량이 넉넉히 필요해요. 떨어지면 다시 주문하려고요.,0,2026-07-31 19:46:24
1880,3,순이에게 주려고 훈련 보상용으로 샀어요. 그럭저럭 먹는 편이에요. 한 봉지로 같이 먹입니다. 한창때라 그런지 급여량이 넉넉히 필요해요. 무난해서 당분간은 이걸로 갑니다.,0,2026-08-25 23:59:59
1881,4,두부에게 주려고 털 상태가 계속 신경 쓰였어요. 잘 먹어서 다행이에요. 알갱이가 단단해 오래 씹어요. 작은 아이 입에도 부담이 없어요. 다음에도 살 것 같아요.,0,2026-08-16 08:46:02
1882,5,라떼에게 주려고 털 상태가 계속 신경 쓰였어요. 봉지 소리만 나도 달려옵니다. 한 봉지로 같이 먹입니다. 덩치가 있어 양이 금방 줄어요. 새우이 들어간 걸 먹으면 긁어서 성분표부터 봤습니다. 바로 재구매했습니다.,0,2026-07-22 11:48:34
1883,3,쿠키에게 주려고 소화가 편한 걸 고르고 싶었어요. 주면 먹기는 하는데 열광하진 않아요. 덩치가 있어 양이 금방 줄어요. 귀리 알레르기가 있어 원료를 하나하나 확인하고 샀어요. 가격을 보고 재구매를 정하려고요.,1,2026-08-25 23:59:59
1884,5,탄이에게 주려고 관절이 약해 보여 걱정이었어요. 봉지 소리만 나도 달려옵니다. 부드러워서 잘 넘겨요. 보리 알레르기가 있어 원료를 하나하나 확인하고 샀어요. 주변에도 추천하고 있어요.,0,2026-06-29 05:08:26
1885,3,봄이에게 주려고 주식을 바꿔볼까 해서 골랐어요. 주면 먹기는 하는데 열광하진 않아요. 보관이 편한 점이 좋아요. 덩치가 있어 양이 금방 줄어요. 한창때라 그런지 급여량이 넉넉히 필요해요. 가격을 보고 재구매를 정하려고요.,0,2025-05-22 14:17:54
1886,4,망고에게 주려고 주식을 바꿔볼까 해서 골랐어요. 그릇을 비우는 걸 보니 마음이 놓여요. 수분이 많아 물 대신 챙겨주기 좋아요. 작은 아이 입에도 부담이 없어요. 채소 알레르기가 있어 원료를 하나하나 확인하고 샀어요. 떨어지면 다시 주문하려고요.,0,2026-07-11 12:39:52
1887,5,방울에게 주려고 관절이 약해 보여 걱정이었어요. 봉지 소리만 나도 달려옵니다. 작은 아이 입에도 부담이 없어요. 한창때라 그런지 급여량이 넉넉히 필요해요. 바로 재구매했습니다.,0,2026-08-25 23:59:59
1888,5,유리에게 주려고 관절이 약해 보여 걱정이었어요. 봉지 소리만 나도 달려옵니다. 보관이 편한 점이 좋아요. 주변에도 추천하고 있어요.,1,2026-08-25 23:59:59
1889,3,먼지에게 주려고 양치를 싫어해서 대신할 걸 찾았어요. 주면 먹기는 하는데 열광하진 않아요. 수분이 많아 물 대신 챙겨주기 좋아요. 한창때라 그런지 급여량이 넉넉히 필요해요. 도라지 알레르기가 있어 원료를 하나하나 확인하고 샀어요. 무난해서 당분간은 이걸로 갑니다.,0,2026-02-12 06:54:38
1890,5,구름에게 주려고 물을 잘 안 마시는 편이라 신경 쓰였어요. 정신없이 먹어요. 바로 재구매했습니다.,0,2026-05-10 14:22:56
1891,4,아톰에게 주려고 속이 자주 안 좋아서 찾아봤어요. 잘 먹어서 다행이에요. 수분이 많아 물 대신 챙겨주기 좋아요. 한창때라 그런지 급여량이 넉넉히 필요해요. 요거트이 들어간 걸 먹으면 긁어서 성분표부터 봤습니다. 다음에도 살 것 같아요.,0,2026-06-28 13:18:17
1892,2,몽이에게 주려고 살이 붙어서 고민하다 골랐어요. 억지로 먹이는 느낌이라 아쉬워요. 한창때라 그런지 급여량이 넉넉히 필요해요. 재구매는 조금 더 고민해보려고요.,0,2026-08-25 23:59:59
1893,3,아톰에게 주려고 피부를 자꾸 긁어서 찾아봤어요. 그럭저럭 먹는 편이에요. 가격을 보고 재구매를 정하려고요.,0,2024-09-01 12:01:19
1894,2,밤비에게 주려고 산책 뒤에 다리를 아껴주고 싶었어요. 억지로 먹이는 느낌이라 아쉬워요. 가볍고 부스러기가 적어요. 재구매는 조금 더 고민해보려고요.,0,2025-08-29 04:51:01
1895,1,구름에게 주려고 주식을 바꿔볼까 해서 골랐어요. 냄새만 맡고 돌아서네요. 수분이 많아 물 대신 챙겨주기 좋아요. 한 번에 먹기 딱 좋은 크기예요. 다른 제품을 다시 찾아봐야겠어요.,0,2026-08-14 08:09:32
1896,3,해피에게 주려고 털 상태가 계속 신경 쓰였어요. 그럭저럭 먹는 편이에요. 바삭해서 손에 묻지 않아요. 나이가 있어 부드러운 쪽을 신경 쓰게 되네요. 게이 들어간 걸 먹으면 긁어서 성분표부터 봤습니다. 무난해서 당분간은 이걸로 갑니다.,0,2026-08-14 20:19:50
1897,5,먼지에게 주려고 산책 뒤에 다리를 아껴주고 싶었어요. 정신없이 먹어요. 부드러워서 잘 넘겨요. 주변에도 추천하고 있어요.,0,2026-01-08 01:50:13
1898,2,떡볶이에게 주려고 털 상태가 계속 신경 쓰였어요. 처음엔 먹다가 금방 남기더라고요. 부드러워서 잘 넘겨요. 입이 작은 아이인데 알맞은 크기예요. 아직 어려서 조금씩 나눠 급여하고 있어요. 재구매는 조금 더 고민해보려고요.,0,2026-07-05 06:03:31
1899,1,까미에게 주려고 관절이 약해 보여 걱정이었어요. 냄새만 맡고 돌아서네요. 오리 알레르기가 있어 원료를 하나하나 확인하고 샀어요. 다른 제품을 다시 찾아봐야겠어요.,0,2026-03-23 14:35:36
1900,4,치즈에게 주려고 신장 수치가 걱정돼서요. 그릇을 비우는 걸 보니 마음이 놓여요. 바삭해서 손에 묻지 않아요. 덩치가 있어 양이 금방 줄어요. 다음에도 살 것 같아요.,0,2026-04-04 21:02:52
1901,4,모카에게 주려고 산책 뒤에 다리를 아껴주고 싶었어요. 잘 먹어서 다행이에요. 알갱이가 단단해 오래 씹어요. 떨어지면 다시 주문하려고요.,0,2026-04-15 07:24:39
1902,5,망고에게 주려고 산책 뒤에 다리를 아껴주고 싶었어요. 정신없이 먹어요. 바로 재구매했습니다.,0,2026-08-25 23:59:59
1903,2,감자에게 주려고 산책 뒤에 다리를 아껴주고 싶었어요. 처음엔 먹다가 금방 남기더라고요. 바삭해서 손에 묻지 않아요. 재구매는 조금 더 고민해보려고요.,0,2025-07-19 04:57:16
1904,5,슈슈에게 주려고 체중 관리가 필요하다고 해서요. 정신없이 먹어요. 바삭해서 손에 묻지 않아요. 바로 재구매했습니다.,0,2025-11-19 22:55:25
1905,4,뽀삐에게 주려고 신장 수치가 걱정돼서요. 그릇을 비우는 걸 보니 마음이 놓여요. 알갱이가 단단해 오래 씹어요. 작은 아이 입에도 부담이 없어요. 다음에도 살 것 같아요.,0,2026-06-21 07:16:58
1906,4,똘이에게 주려고 주식을 바꿔볼까 해서 골랐어요. 그릇을 비우는 걸 보니 마음이 놓여요. 보관이 편한 점이 좋아요. 떨어지면 다시 주문하려고요.,0,2025-01-23 10:54:39
1907,3,방울에게 주려고 피부를 자꾸 긁어서 찾아봤어요. 그럭저럭 먹는 편이에요. 한 봉지로 같이 먹입니다. 한창때라 그런지 급여량이 넉넉히 필요해요. 가격을 보고 재구매를 정하려고요.,0,2025-11-23 07:24:33
1908,5,망고에게 주려고 수제라 믿음이 가서 골랐어요. 봉지 소리만 나도 달려옵니다. 둘 다 먹일 수 있어 편해요. 한 번에 먹기 딱 좋은 크기예요. 주변에도 추천하고 있어요.,0,2026-07-25 06:55:26
1909,4,밤비에게 주려고 산책 뒤에 다리를 아껴주고 싶었어요. 그릇을 비우는 걸 보니 마음이 놓여요. 보관이 편한 점이 좋아요. 떨어지면 다시 주문하려고요.,0,2026-07-29 15:23:41
1910,2,베리에게 주려고 관절이 약해 보여 걱정이었어요. 억지로 먹이는 느낌이라 아쉬워요. 재구매는 조금 더 고민해보려고요.,0,2026-08-22 19:57:27
1911,4,똘이에게 주려고 먹던 사료가 안 맞는 것 같아 바꿔봤어요. 잘 먹어서 다행이에요. 보관이 편한 점이 좋아요. 한창때라 그런지 급여량이 넉넉히 필요해요. 다음에도 살 것 같아요.,1,2026-07-30 03:55:33
1912,4,슈슈에게 주려고 피부를 자꾸 긁어서 찾아봤어요. 그릇을 비우는 걸 보니 마음이 놓여요. 바삭해서 손에 묻지 않아요. 다음에도 살 것 같아요.,1,2026-07-06 04:12:57
1913,3,베리에게 주려고 주식을 바꿔볼까 해서 골랐어요. 주면 먹기는 하는데 열광하진 않아요. 입이 작은 아이인데 알맞은 크기예요. 치즈 알레르기가 있어 원료를 하나하나 확인하고 샀어요. 가격을 보고 재구매를 정하려고요.,0,2026-08-25 23:59:59
1914,2,똘이에게 주려고 먹던 사료가 안 맞는 것 같아 바꿔봤어요. 억지로 먹이는 느낌이라 아쉬워요. 부드러워서 잘 넘겨요. 입이 작은 아이인데 알맞은 크기예요. 한 번 더 줘보고 결정하려 합니다.,0,2026-03-29 22:40:44
1915,5,떡볶이에게 주려고 산책 뒤에 다리를 아껴주고 싶었어요. 봉지 소리만 나도 달려옵니다. 알갱이가 단단해 오래 씹어요. 한 번에 먹기 딱 좋은 크기예요. 바로 재구매했습니다.,1,2026-02-07 10:42:46
1916,2,밤비에게 주려고 털 상태가 계속 신경 쓰였어요. 억지로 먹이는 느낌이라 아쉬워요. 한창때라 그런지 급여량이 넉넉히 필요해요. 한 번 더 줘보고 결정하려 합니다.,0,2026-05-21 21:13:17
1917,5,라떼에게 주려고 양치를 싫어해서 대신할 걸 찾았어요. 정신없이 먹어요. 바로 재구매했습니다.,0,2026-03-28 14:28:05
1918,4,베리에게 주려고 주식을 바꿔볼까 해서 골랐어요. 그릇을 비우는 걸 보니 마음이 놓여요. 한 번에 먹기 딱 좋은 크기예요. 다음에도 살 것 같아요.,0,2026-08-11 04:06:11
1919,4,쿠키에게 주려고 산책 뒤에 다리를 아껴주고 싶었어요. 그릇을 비우는 걸 보니 마음이 놓여요. 덩치가 있어 양이 금방 줄어요. 다음에도 살 것 같아요.,0,2026-08-25 23:59:59
1920,4,아톰에게 주려고 속이 자주 안 좋아서 찾아봤어요. 그릇을 비우는 걸 보니 마음이 놓여요. 떨어지면 다시 주문하려고요.,1,2026-07-07 16:30:14
1921,3,보리에게 주려고 살이 붙어서 고민하다 골랐어요. 주면 먹기는 하는데 열광하진 않아요. 덩치가 있어 양이 금방 줄어요. 한창때라 그런지 급여량이 넉넉히 필요해요. 단백질이 들어간 걸 먹으면 긁어서 성분표부터 봤습니다. 무난해서 당분간은 이걸로 갑니다.,0,2026-07-12 17:34:36
1922,3,봄이에게 주려고 양치를 싫어해서 대신할 걸 찾았어요. 그럭저럭 먹는 편이에요. 둘 다 먹일 수 있어 편해요. 작은 아이 입에도 부담이 없어요. 무난해서 당분간은 이걸로 갑니다.,0,2026-07-27 19:25:27
1923,5,떡볶이에게 주려고 속이 자주 안 좋아서 찾아봤어요. 정신없이 먹어요. 보관이 편한 점이 좋아요. 입이 작은 아이인데 알맞은 크기예요. 주변에도 추천하고 있어요.,0,2026-04-30 08:25:05
1924,3,루비에게 주려고 산책 뒤에 다리를 아껴주고 싶었어요. 주면 먹기는 하는데 열광하진 않아요. 알갱이가 단단해 오래 씹어요. 덩치가 있어 양이 금방 줄어요. 새우 알레르기가 있어 원료를 하나하나 확인하고 샀어요. 무난해서 당분간은 이걸로 갑니다.,1,2026-08-14 22:33:26
1925,3,라떼에게 주려고 먹던 사료가 안 맞는 것 같아 바꿔봤어요. 주면 먹기는 하는데 열광하진 않아요. 입이 작은 아이인데 알맞은 크기예요. 무난해서 당분간은 이걸로 갑니다.,0,2026-04-26 14:07:17
1926,5,뽀삐에게 주려고 새로운 간식을 찾다가 골랐어요. 봉지 소리만 나도 달려옵니다. 입이 작은 아이인데 알맞은 크기예요. 적색육이 들어간 걸 먹으면 긁어서 성분표부터 봤습니다. 주변에도 추천하고 있어요.,0,2026-07-26 21:04:32
1927,4,마루에게 주려고 털 상태가 계속 신경 쓰였어요. 잘 먹어서 다행이에요. 보관이 편한 점이 좋아요. 닭고기이 들어간 걸 먹으면 긁어서 성분표부터 봤습니다. 떨어지면 다시 주문하려고요.,0,2024-07-01 14:03:50
1928,5,먼지에게 주려고 소화가 편한 걸 고르고 싶었어요. 정신없이 먹어요. 주변에도 추천하고 있어요.,0,2026-04-02 02:42:40
1929,4,구름에게 주려고 신장 수치가 걱정돼서요. 잘 먹어서 다행이에요. 다음에도 살 것 같아요.,0,2026-08-23 12:23:08
1930,5,마루에게 주려고 체중 관리가 필요하다고 해서요. 정신없이 먹어요. 덩치가 있어 양이 금방 줄어요. 주변에도 추천하고 있어요.,0,2026-06-14 05:34:46
1931,5,몽이에게 주려고 관절이 약해 보여 걱정이었어요. 정신없이 먹어요. 한 번에 먹기 딱 좋은 크기예요. 주변에도 추천하고 있어요.,0,2026-01-04 22:24:30
1932,3,유리에게 주려고 피부를 자꾸 긁어서 찾아봤어요. 그럭저럭 먹는 편이에요. 작은 아이 입에도 부담이 없어요. 가격을 보고 재구매를 정하려고요.,0,2026-07-22 20:20:22
1933,5,구름에게 주려고 산책 뒤에 다리를 아껴주고 싶었어요. 정신없이 먹어요. 알갱이가 단단해 오래 씹어요. 작은 아이 입에도 부담이 없어요. 주변에도 추천하고 있어요.,0,2026-08-25 07:44:45
1934,4,설이에게 주려고 산책 뒤에 다리를 아껴주고 싶었어요. 잘 먹어서 다행이에요. 한창때라 그런지 급여량이 넉넉히 필요해요. 떨어지면 다시 주문하려고요.,0,2026-06-11 06:35:31
1935,2,나비에게 주려고 털 상태가 계속 신경 쓰였어요. 억지로 먹이는 느낌이라 아쉬워요. 수분이 많아 물 대신 챙겨주기 좋아요. 재구매는 조금 더 고민해보려고요.,0,2026-08-16 17:19:25
1936,5,토리에게 주려고 치석이 껴서 알아보다 샀어요. 정신없이 먹어요. 작은 아이 입에도 부담이 없어요. 주변에도 추천하고 있어요.,0,2026-03-11 06:22:21
1937,5,베리에게 주려고 소화가 편한 걸 고르고 싶었어요. 봉지 소리만 나도 달려옵니다. 한창때라 그런지 급여량이 넉넉히 필요해요. 바로 재구매했습니다.,0,2026-02-20 02:04:58
1938,4,구름에게 주려고 주식을 바꿔볼까 해서 골랐어요. 그릇을 비우는 걸 보니 마음이 놓여요. 부드러워서 잘 넘겨요. 다음에도 살 것 같아요.,0,2026-04-21 23:54:55
1939,5,레오에게 주려고 치석이 껴서 알아보다 샀어요. 봉지 소리만 나도 달려옵니다. 입이 작은 아이인데 알맞은 크기예요. 새우 알레르기가 있어 원료를 하나하나 확인하고 샀어요. 주변에도 추천하고 있어요.,0,2026-05-25 11:59:10
1940,3,모카에게 주려고 먹던 사료가 안 맞는 것 같아 바꿔봤어요. 주면 먹기는 하는데 열광하진 않아요. 수분이 많아 물 대신 챙겨주기 좋아요. 무난해서 당분간은 이걸로 갑니다.,0,2026-07-18 20:06:23
1941,4,치즈에게 주려고 주식을 바꿔볼까 해서 골랐어요. 잘 먹어서 다행이에요. 한 번에 먹기 딱 좋은 크기예요. 닭고기 알레르기가 있어 원료를 하나하나 확인하고 샀어요. 떨어지면 다시 주문하려고요.,0,2025-08-15 03:05:57
1942,1,슈슈에게 주려고 털 상태가 계속 신경 쓰였어요. 냄새만 맡고 돌아서네요. 바삭해서 손에 묻지 않아요. 작은 아이 입에도 부담이 없어요. 아직 어려서 조금씩 나눠 급여하고 있어요. 재구매는 어려울 것 같아요.,0,2026-06-12 06:26:34
1943,3,아톰에게 주려고 양치를 싫어해서 대신할 걸 찾았어요. 주면 먹기는 하는데 열광하진 않아요. 한창때라 그런지 급여량이 넉넉히 필요해요. 가금류이 들어간 걸 먹으면 긁어서 성분표부터 봤습니다. 가격을 보고 재구매를 정하려고요.,0,2026-08-25 23:59:59
1944,5,유리에게 주려고 물을 잘 안 마시는 편이라 신경 쓰였어요. 정신없이 먹어요. 덩치가 있어 양이 금방 줄어요. 한창때라 그런지 급여량이 넉넉히 필요해요. 쌀이 들어간 걸 먹으면 긁어서 성분표부터 봤습니다. 주변에도 추천하고 있어요.,1,2026-05-04 21:47:47
1945,3,콩이에게 주려고 작게 끊어 주기 좋아 보여 골랐어요. 그럭저럭 먹는 편이에요. 작은 아이 입에도 부담이 없어요. 한창때라 그런지 급여량이 넉넉히 필요해요. 치즈이 들어간 걸 먹으면 긁어서 성분표부터 봤습니다. 가격을 보고 재구매를 정하려고요.,0,2026-05-29 13:12:32
1946,4,슈슈에게 주려고 속이 자주 안 좋아서 찾아봤어요. 그릇을 비우는 걸 보니 마음이 놓여요. 둘 다 먹일 수 있어 편해요. 다음에도 살 것 같아요.,0,2025-11-12 04:09:22
1947,2,망고에게 주려고 물을 잘 안 마시는 편이라 신경 쓰였어요. 억지로 먹이는 느낌이라 아쉬워요. 작은 아이 입에도 부담이 없어요. 한 번 더 줘보고 결정하려 합니다.,0,2026-08-25 23:59:59
1948,2,가을에게 주려고 관절이 약해 보여 걱정이었어요. 처음엔 먹다가 금방 남기더라고요. 한 번에 먹기 딱 좋은 크기예요. 한창때라 그런지 급여량이 넉넉히 필요해요. 재구매는 조금 더 고민해보려고요.,0,2026-08-10 23:43:36
1949,4,별이에게 주려고 주식을 바꿔볼까 해서 골랐어요. 그릇을 비우는 걸 보니 마음이 놓여요. 수분이 많아 물 대신 챙겨주기 좋아요. 떨어지면 다시 주문하려고요.,0,2026-06-11 09:24:30
1950,3,베리에게 주려고 살이 붙어서 고민하다 골랐어요. 주면 먹기는 하는데 열광하진 않아요. 보관이 편한 점이 좋아요. 무난해서 당분간은 이걸로 갑니다.,0,2026-08-25 23:59:59
1951,2,뽀삐에게 주려고 치석이 껴서 알아보다 샀어요. 억지로 먹이는 느낌이라 아쉬워요. 작은 아이 입에도 부담이 없어요. 한 번 더 줘보고 결정하려 합니다.,0,2026-06-01 05:37:29
1952,5,몽이에게 주려고 산책 뒤에 다리를 아껴주고 싶었어요. 봉지 소리만 나도 달려옵니다. 알갱이가 단단해 오래 씹어요. 나이가 있어 부드러운 쪽을 신경 쓰게 되네요. 주변에도 추천하고 있어요.,0,2026-07-28 19:46:43
1953,1,몽이에게 주려고 산책 뒤에 다리를 아껴주고 싶었어요. 거의 입도 안 댔어요. 알갱이가 단단해 오래 씹어요. 덩치가 있어 양이 금방 줄어요. 다른 제품을 다시 찾아봐야겠어요.,0,2026-02-21 09:53:12
1954,4,마루에게 주려고 관절이 약해 보여 걱정이었어요. 그릇을 비우는 걸 보니 마음이 놓여요. 다음에도 살 것 같아요.,0,2026-07-31 08:16:34
1955,4,달이에게 주려고 작게 끊어 주기 좋아 보여 골랐어요. 그릇을 비우는 걸 보니 마음이 놓여요. 바삭해서 손에 묻지 않아요. 한 번에 먹기 딱 좋은 크기예요. 옥수수 알레르기가 있어 원료를 하나하나 확인하고 샀어요. 다음에도 살 것 같아요.,0,2026-06-18 07:52:09
1956,1,아톰에게 주려고 주식을 바꿔볼까 해서 골랐어요. 거의 입도 안 댔어요. 재구매는 어려울 것 같아요.,0,2026-07-10 14:01:52
1957,1,치즈에게 주려고 신장 수치가 걱정돼서요. 냄새만 맡고 돌아서네요. 작은 아이 입에도 부담이 없어요. 아직 어려서 조금씩 나눠 급여하고 있어요. 재구매는 어려울 것 같아요.,0,2026-07-25 12:40:56
1958,5,가을에게 주려고 양치를 싫어해서 대신할 걸 찾았어요. 정신없이 먹어요. 한 번에 먹기 딱 좋은 크기예요. 바로 재구매했습니다.,0,2026-08-12 04:44:43
1959,1,유리에게 주려고 치석이 껴서 알아보다 샀어요. 거의 입도 안 댔어요. 한창때라 그런지 급여량이 넉넉히 필요해요. 재구매는 어려울 것 같아요.,0,2026-06-16 00:09:42
1960,2,베리에게 주려고 소화가 편한 걸 고르고 싶었어요. 처음엔 먹다가 금방 남기더라고요. 한 번에 먹기 딱 좋은 크기예요. 재구매는 조금 더 고민해보려고요.,0,2026-07-08 20:25:15
1961,4,방울에게 주려고 먹던 사료가 안 맞는 것 같아 바꿔봤어요. 잘 먹어서 다행이에요. 보관이 편한 점이 좋아요. 작은 아이 입에도 부담이 없어요. 나이가 있어 부드러운 쪽을 신경 쓰게 되네요. 단백질 알레르기가 있어 원료를 하나하나 확인하고 샀어요. 떨어지면 다시 주문하려고요.,0,2026-06-11 07:47:37
1962,2,토리에게 주려고 양치를 싫어해서 대신할 걸 찾았어요. 억지로 먹이는 느낌이라 아쉬워요. 한 번에 먹기 딱 좋은 크기예요. 나이가 있어 부드러운 쪽을 신경 쓰게 되네요. 한 번 더 줘보고 결정하려 합니다.,0,2025-11-18 16:38:11
1963,5,치즈에게 주려고 속이 자주 안 좋아서 찾아봤어요. 정신없이 먹어요. 덩치가 있어 양이 금방 줄어요. 주변에도 추천하고 있어요.,0,2025-08-09 16:35:11
1964,2,라떼에게 주려고 주식을 바꿔볼까 해서 골랐어요. 억지로 먹이는 느낌이라 아쉬워요. 한창때라 그런지 급여량이 넉넉히 필요해요. 더덕이 들어간 걸 먹으면 긁어서 성분표부터 봤습니다. 재구매는 조금 더 고민해보려고요.,0,2026-05-06 15:39:00
1965,4,유리에게 주려고 체중 관리가 필요하다고 해서요. 잘 먹어서 다행이에요. 알갱이가 단단해 오래 씹어요. 다음에도 살 것 같아요.,0,2026-07-13 13:10:22
1966,5,코코에게 주려고 체중 관리가 필요하다고 해서요. 봉지 소리만 나도 달려옵니다. 둘 다 먹일 수 있어 편해요. 한 번에 먹기 딱 좋은 크기예요. 한창때라 그런지 급여량이 넉넉히 필요해요. 바로 재구매했습니다.,0,2026-06-15 16:04:39
1967,1,라떼에게 주려고 털 상태가 계속 신경 쓰였어요. 거의 입도 안 댔어요. 한 봉지로 같이 먹입니다. 한 번에 먹기 딱 좋은 크기예요. 한창때라 그런지 급여량이 넉넉히 필요해요. 재구매는 어려울 것 같아요.,0,2026-04-02 21:19:41
1968,4,라떼에게 주려고 먹던 사료가 안 맞는 것 같아 바꿔봤어요. 잘 먹어서 다행이에요. 작은 아이 입에도 부담이 없어요. 한창때라 그런지 급여량이 넉넉히 필요해요. 치즈 알레르기가 있어 원료를 하나하나 확인하고 샀어요. 떨어지면 다시 주문하려고요.,0,2026-07-02 03:21:43
1969,5,해피에게 주려고 물을 잘 안 마시는 편이라 신경 쓰였어요. 봉지 소리만 나도 달려옵니다. 알갱이가 단단해 오래 씹어요. 입이 작은 아이인데 알맞은 크기예요. 소고기 알레르기가 있어 원료를 하나하나 확인하고 샀어요. 바로 재구매했습니다.,0,2026-05-31 10:11:29
1970,5,순이에게 주려고 체중 관리가 필요하다고 해서요. 봉지 소리만 나도 달려옵니다. 한 봉지로 같이 먹입니다. 입이 작은 아이인데 알맞은 크기예요. 한창때라 그런지 급여량이 넉넉히 필요해요. 주변에도 추천하고 있어요.,0,2026-08-05 06:03:36
1971,5,가을에게 주려고 살이 붙어서 고민하다 골랐어요. 봉지 소리만 나도 달려옵니다. 한 봉지로 같이 먹입니다. 한창때라 그런지 급여량이 넉넉히 필요해요. 바로 재구매했습니다.,0,2025-12-19 23:42:24
1972,4,삐삐에게 주려고 주식을 바꿔볼까 해서 골랐어요. 그릇을 비우는 걸 보니 마음이 놓여요. 한 번에 먹기 딱 좋은 크기예요. 다음에도 살 것 같아요.,0,2026-06-01 09:32:45
1973,5,나비에게 주려고 신장 수치가 걱정돼서요. 정신없이 먹어요. 주변에도 추천하고 있어요.,0,2026-05-07 14:08:43
1974,4,방울에게 주려고 관절이 약해 보여 걱정이었어요. 잘 먹어서 다행이에요. 떨어지면 다시 주문하려고요.,0,2026-08-20 17:30:49
1975,1,유리에게 주려고 털 상태가 계속 신경 쓰였어요. 냄새만 맡고 돌아서네요. 가볍고 부스러기가 적어요. 쌀 알레르기가 있어 원료를 하나하나 확인하고 샀어요. 재구매는 어려울 것 같아요.,0,2026-05-07 20:58:27
1976,3,떡볶이에게 주려고 살이 붙어서 고민하다 골랐어요. 주면 먹기는 하는데 열광하진 않아요. 작은 아이 입에도 부담이 없어요. 한창때라 그런지 급여량이 넉넉히 필요해요. 가격을 보고 재구매를 정하려고요.,0,2026-02-25 21:30:28
1977,3,유리에게 주려고 양치를 싫어해서 대신할 걸 찾았어요. 그럭저럭 먹는 편이에요. 알갱이가 단단해 오래 씹어요. 작은 아이 입에도 부담이 없어요. 한창때라 그런지 급여량이 넉넉히 필요해요. 가격을 보고 재구매를 정하려고요.,0,2024-10-07 20:07:27
1978,4,똘이에게 주려고 산책 뒤에 다리를 아껴주고 싶었어요. 잘 먹어서 다행이에요. 떨어지면 다시 주문하려고요.,0,2025-09-06 23:09:27
1979,3,마루에게 주려고 먹던 사료가 안 맞는 것 같아 바꿔봤어요. 그럭저럭 먹는 편이에요. 덩치가 있어 양이 금방 줄어요. 무난해서 당분간은 이걸로 갑니다.,0,2026-03-19 02:49:51
1980,3,가을에게 주려고 주식을 바꿔볼까 해서 골랐어요. 그럭저럭 먹는 편이에요. 한창때라 그런지 급여량이 넉넉히 필요해요. 무난해서 당분간은 이걸로 갑니다.,0,2026-08-04 10:21:59
1981,5,두부에게 주려고 관절이 약해 보여 걱정이었어요. 정신없이 먹어요. 주변에도 추천하고 있어요.,1,2026-06-28 23:33:42
1982,5,방울에게 주려고 먹던 사료가 안 맞는 것 같아 바꿔봤어요. 정신없이 먹어요. 아직 어려서 조금씩 나눠 급여하고 있어요. 주변에도 추천하고 있어요.,0,2026-07-26 01:54:43
1983,4,콩이에게 주려고 살이 붙어서 고민하다 골랐어요. 그릇을 비우는 걸 보니 마음이 놓여요. 부드러워서 잘 넘겨요. 입이 작은 아이인데 알맞은 크기예요. 떨어지면 다시 주문하려고요.,0,2026-03-31 06:17:39
1984,5,치즈에게 주려고 소화가 편한 걸 고르고 싶었어요. 정신없이 먹어요. 한창때라 그런지 급여량이 넉넉히 필요해요. 칠면조 알레르기가 있어 원료를 하나하나 확인하고 샀어요. 주변에도 추천하고 있어요.,0,2026-08-10 20:26:21
1985,5,가을에게 주려고 살이 붙어서 고민하다 골랐어요. 정신없이 먹어요. 보관이 편한 점이 좋아요. 주변에도 추천하고 있어요.,0,2026-07-29 03:03:24
1986,3,탄이에게 주려고 양치를 싫어해서 대신할 걸 찾았어요. 주면 먹기는 하는데 열광하진 않아요. 덩치가 있어 양이 금방 줄어요. 수수 알레르기가 있어 원료를 하나하나 확인하고 샀어요. 무난해서 당분간은 이걸로 갑니다.,0,2025-06-30 18:44:18
1987,4,두부에게 주려고 관절이 약해 보여 걱정이었어요. 잘 먹어서 다행이에요. 작은 아이 입에도 부담이 없어요. 떨어지면 다시 주문하려고요.,0,2026-08-06 02:49:50
1988,1,아톰에게 주려고 물을 잘 안 마시는 편이라 신경 쓰였어요. 거의 입도 안 댔어요. 수분이 많아 물 대신 챙겨주기 좋아요. 입이 작은 아이인데 알맞은 크기예요. 한창때라 그런지 급여량이 넉넉히 필요해요. 수수이 들어간 걸 먹으면 긁어서 성분표부터 봤습니다. 재구매는 어려울 것 같아요.,0,2026-03-25 01:05:37
1989,3,몽이에게 주려고 먹던 사료가 안 맞는 것 같아 바꿔봤어요. 주면 먹기는 하는데 열광하진 않아요. 가격을 보고 재구매를 정하려고요.,0,2026-02-12 01:11:16
1990,5,단추에게 주려고 산책 뒤에 다리를 아껴주고 싶었어요. 봉지 소리만 나도 달려옵니다. 바삭해서 손에 묻지 않아요. 한 번에 먹기 딱 좋은 크기예요. 바로 재구매했습니다.,0,2026-06-21 23:07:28
1991,5,밤비에게 주려고 신장 수치가 걱정돼서요. 정신없이 먹어요. 주변에도 추천하고 있어요.,0,2025-05-15 06:30:20
1992,4,방울에게 주려고 작게 끊어 주기 좋아 보여 골랐어요. 그릇을 비우는 걸 보니 마음이 놓여요. 바삭해서 손에 묻지 않아요. 다음에도 살 것 같아요.,0,2026-07-21 15:35:58
1993,3,별이에게 주려고 체중 관리가 필요하다고 해서요. 주면 먹기는 하는데 열광하진 않아요. 알갱이가 단단해 오래 씹어요. 무난해서 당분간은 이걸로 갑니다.,0,2026-06-17 01:18:31
1994,2,망고에게 주려고 먹던 사료가 안 맞는 것 같아 바꿔봤어요. 억지로 먹이는 느낌이라 아쉬워요. 재구매는 조금 더 고민해보려고요.,0,2026-05-02 04:42:19
1995,2,구름에게 주려고 첨가물이 적은 걸 찾다가 샀어요. 처음엔 먹다가 금방 남기더라고요. 한 봉지로 같이 먹입니다. 한 번 더 줘보고 결정하려 합니다.,0,2025-12-08 06:59:53
1996,3,아톰에게 주려고 관절이 약해 보여 걱정이었어요. 그럭저럭 먹는 편이에요. 알갱이가 단단해 오래 씹어요. 작은 아이 입에도 부담이 없어요. 한창때라 그런지 급여량이 넉넉히 필요해요. 무난해서 당분간은 이걸로 갑니다.,0,2026-05-13 23:03:15
1997,2,나비에게 주려고 살이 붙어서 고민하다 골랐어요. 억지로 먹이는 느낌이라 아쉬워요. 가볍고 부스러기가 적어요. 나이가 있어 부드러운 쪽을 신경 쓰게 되네요. 한 번 더 줘보고 결정하려 합니다.,0,2025-06-23 19:17:12
1998,3,콩이에게 주려고 털 상태가 계속 신경 쓰였어요. 그럭저럭 먹는 편이에요. 가격을 보고 재구매를 정하려고요.,0,2025-10-02 18:24:57
1999,5,밤비에게 주려고 주식을 바꿔볼까 해서 골랐어요. 정신없이 먹어요. 한 번에 먹기 딱 좋은 크기예요. 한창때라 그런지 급여량이 넉넉히 필요해요. 주변에도 추천하고 있어요.,0,2026-07-09 16:21:02
2000,4,코코에게 주려고 산책 뒤에 다리를 아껴주고 싶었어요. 그릇을 비우는 걸 보니 마음이 놓여요. 알갱이가 단단해 오래 씹어요. 떨어지면 다시 주문하려고요.,0,2026-03-15 16:05:52
2001,2,구름에게 주려고 살이 붙어서 고민하다 골랐어요. 처음엔 먹다가 금방 남기더라고요. 한 봉지로 같이 먹입니다. 재구매는 조금 더 고민해보려고요.,1,2026-05-10 14:19:21
2002,5,까미에게 주려고 관절이 약해 보여 걱정이었어요. 정신없이 먹어요. 알갱이가 단단해 오래 씹어요. 한 번에 먹기 딱 좋은 크기예요. 한창때라 그런지 급여량이 넉넉히 필요해요. 주변에도 추천하고 있어요.,0,2026-06-20 09:22:44
2003,3,치즈에게 주려고 피부를 자꾸 긁어서 찾아봤어요. 그럭저럭 먹는 편이에요. 바삭해서 손에 묻지 않아요. 입이 작은 아이인데 알맞은 크기예요. 아직 어려서 조금씩 나눠 급여하고 있어요. 무난해서 당분간은 이걸로 갑니다.,0,2026-05-15 01:26:29
2004,1,설이에게 주려고 수제라 믿음이 가서 골랐어요. 거의 입도 안 댔어요. 가볍고 부스러기가 적어요. 작은 아이 입에도 부담이 없어요. 난류 알레르기가 있어 원료를 하나하나 확인하고 샀어요. 재구매는 어려울 것 같아요.,0,2026-01-19 05:25:12
2005,1,별이에게 주려고 작게 끊어 주기 좋아 보여 골랐어요. 거의 입도 안 댔어요. 부드러워서 잘 넘겨요. 재구매는 어려울 것 같아요.,1,2026-08-25 23:59:59
2006,1,베리에게 주려고 양치를 싫어해서 대신할 걸 찾았어요. 냄새만 맡고 돌아서네요. 알갱이가 단단해 오래 씹어요. 한 번에 먹기 딱 좋은 크기예요. 한창때라 그런지 급여량이 넉넉히 필요해요. 재구매는 어려울 것 같아요.,0,2026-07-11 19:52:54
2007,4,감자에게 주려고 주식을 바꿔볼까 해서 골랐어요. 잘 먹어서 다행이에요. 보관이 편한 점이 좋아요. 다음에도 살 것 같아요.,0,2026-03-20 23:43:41
2008,4,라떼에게 주려고 피부를 자꾸 긁어서 찾아봤어요. 그릇을 비우는 걸 보니 마음이 놓여요. 작은 아이 입에도 부담이 없어요. 떨어지면 다시 주문하려고요.,0,2026-08-25 23:59:59
2009,2,가을에게 주려고 먹던 사료가 안 맞는 것 같아 바꿔봤어요. 처음엔 먹다가 금방 남기더라고요. 작은 아이 입에도 부담이 없어요. 한 번 더 줘보고 결정하려 합니다.,0,2026-06-16 14:00:30
2010,5,루비에게 주려고 먹던 사료가 안 맞는 것 같아 바꿔봤어요. 정신없이 먹어요. 보관이 편한 점이 좋아요. 덩치가 있어 양이 금방 줄어요. 한창때라 그런지 급여량이 넉넉히 필요해요. 새우이 들어간 걸 먹으면 긁어서 성분표부터 봤습니다. 주변에도 추천하고 있어요.,0,2026-07-03 02:52:32
2011,4,라떼에게 주려고 양치를 싫어해서 대신할 걸 찾았어요. 그릇을 비우는 걸 보니 마음이 놓여요. 바삭해서 손에 묻지 않아요. 입이 작은 아이인데 알맞은 크기예요. 다음에도 살 것 같아요.,0,2025-12-08 05:18:22
2012,2,보리에게 주려고 먹던 사료가 안 맞는 것 같아 바꿔봤어요. 억지로 먹이는 느낌이라 아쉬워요. 한 번 더 줘보고 결정하려 합니다.,0,2026-06-29 14:59:31
2013,2,뽀삐에게 주려고 관절이 약해 보여 걱정이었어요. 억지로 먹이는 느낌이라 아쉬워요. 알갱이가 단단해 오래 씹어요. 덩치가 있어 양이 금방 줄어요. 한창때라 그런지 급여량이 넉넉히 필요해요. 갑각류이 들어간 걸 먹으면 긁어서 성분표부터 봤습니다. 재구매는 조금 더 고민해보려고요.,0,2025-09-13 19:14:10
2014,5,달이에게 주려고 피부를 자꾸 긁어서 찾아봤어요. 봉지 소리만 나도 달려옵니다. 바로 재구매했습니다.,0,2026-04-28 18:51:35
2015,4,몽이에게 주려고 살이 붙어서 고민하다 골랐어요. 그릇을 비우는 걸 보니 마음이 놓여요. 알갱이가 단단해 오래 씹어요. 다음에도 살 것 같아요.,1,2026-07-17 23:01:22
2016,4,밤비에게 주려고 산책 뒤에 다리를 아껴주고 싶었어요. 잘 먹어서 다행이에요. 덩치가 있어 양이 금방 줄어요. 다음에도 살 것 같아요.,0,2026-02-14 14:18:46
2017,4,구름에게 주려고 작게 끊어 주기 좋아 보여 골랐어요. 그릇을 비우는 걸 보니 마음이 놓여요. 보관이 편한 점이 좋아요. 다음에도 살 것 같아요.,1,2026-02-10 02:15:29
2018,3,라떼에게 주려고 살이 붙어서 고민하다 골랐어요. 그럭저럭 먹는 편이에요. 한 봉지로 같이 먹입니다. 가격을 보고 재구매를 정하려고요.,0,2026-07-08 15:44:58
2019,5,망고에게 주려고 살이 붙어서 고민하다 골랐어요. 정신없이 먹어요. 알갱이가 단단해 오래 씹어요. 작은 아이 입에도 부담이 없어요. 주변에도 추천하고 있어요.,0,2025-05-15 08:01:06
2020,4,가을에게 주려고 주식을 바꿔볼까 해서 골랐어요. 잘 먹어서 다행이에요. 작은 아이 입에도 부담이 없어요. 다음에도 살 것 같아요.,0,2026-06-30 12:01:39
2021,5,라떼에게 주려고 새로운 간식을 찾다가 골랐어요. 정신없이 먹어요. 바삭해서 손에 묻지 않아요. 한 번에 먹기 딱 좋은 크기예요. 주변에도 추천하고 있어요.,0,2025-12-05 03:21:29
2022,2,슈슈에게 주려고 양치를 싫어해서 대신할 걸 찾았어요. 억지로 먹이는 느낌이라 아쉬워요. 둘 다 먹일 수 있어 편해요. 한 번 더 줘보고 결정하려 합니다.,0,2026-06-20 20:28:04
2023,5,구름에게 주려고 피부를 자꾸 긁어서 찾아봤어요. 봉지 소리만 나도 달려옵니다. 부드러워서 잘 넘겨요. 작은 아이 입에도 부담이 없어요. 한창때라 그런지 급여량이 넉넉히 필요해요. 바로 재구매했습니다.,0,2026-06-26 07:57:51
2024,1,설이에게 주려고 속이 자주 안 좋아서 찾아봤어요. 냄새만 맡고 돌아서네요. 보관이 편한 점이 좋아요. 다른 제품을 다시 찾아봐야겠어요.,1,2026-08-25 23:59:59
2025,4,구름에게 주려고 주식을 바꿔볼까 해서 골랐어요. 그릇을 비우는 걸 보니 마음이 놓여요. 알갱이가 단단해 오래 씹어요. 아직 어려서 조금씩 나눠 급여하고 있어요. 떨어지면 다시 주문하려고요.,0,2026-03-10 21:51:14
2026,5,치즈에게 주려고 소화가 편한 걸 고르고 싶었어요. 정신없이 먹어요. 보관이 편한 점이 좋아요. 한창때라 그런지 급여량이 넉넉히 필요해요. 칠면조 알레르기가 있어 원료를 하나하나 확인하고 샀어요. 바로 재구매했습니다.,0,2026-07-23 10:46:53
2027,5,콩이에게 주려고 첨가물이 적은 걸 찾다가 샀어요. 정신없이 먹어요. 주변에도 추천하고 있어요.,1,2026-07-25 03:53:11
2028,5,호두에게 주려고 물을 잘 안 마시는 편이라 신경 쓰였어요. 정신없이 먹어요. 덩치가 있어 양이 금방 줄어요. 나이가 있어 부드러운 쪽을 신경 쓰게 되네요. 주변에도 추천하고 있어요.,0,2026-08-19 23:08:09
2029,1,루비에게 주려고 관절이 약해 보여 걱정이었어요. 거의 입도 안 댔어요. 다른 제품을 다시 찾아봐야겠어요.,0,2026-04-03 17:40:05
2030,5,해피에게 주려고 물을 잘 안 마시는 편이라 신경 쓰였어요. 봉지 소리만 나도 달려옵니다. 가볍고 부스러기가 적어요. 게이 들어간 걸 먹으면 긁어서 성분표부터 봤습니다. 바로 재구매했습니다.,1,2026-06-20 09:22:39
2031,4,구름에게 주려고 새로운 간식을 찾다가 골랐어요. 잘 먹어서 다행이에요. 한 봉지로 같이 먹입니다. 다음에도 살 것 같아요.,0,2026-02-04 21:05:13
2032,4,까미에게 주려고 양치를 싫어해서 대신할 걸 찾았어요. 그릇을 비우는 걸 보니 마음이 놓여요. 한 번에 먹기 딱 좋은 크기예요. 완두이 들어간 걸 먹으면 긁어서 성분표부터 봤습니다. 다음에도 살 것 같아요.,0,2026-08-25 23:59:59
2033,5,아톰에게 주려고 살이 붙어서 고민하다 골랐어요. 정신없이 먹어요. 한창때라 그런지 급여량이 넉넉히 필요해요. 주변에도 추천하고 있어요.,1,2026-07-13 05:58:04
2034,5,순이에게 주려고 먹던 사료가 안 맞는 것 같아 바꿔봤어요. 봉지 소리만 나도 달려옵니다. 입이 작은 아이인데 알맞은 크기예요. 바로 재구매했습니다.,0,2026-02-04 06:46:19
2035,3,토리에게 주려고 털 상태가 계속 신경 쓰였어요. 그럭저럭 먹는 편이에요. 보관이 편한 점이 좋아요. 무난해서 당분간은 이걸로 갑니다.,1,2026-01-07 11:09:03
2036,3,코코에게 주려고 수제라 믿음이 가서 골랐어요. 그럭저럭 먹는 편이에요. 무난해서 당분간은 이걸로 갑니다.,0,2026-07-31 11:32:24
2037,5,코코에게 주려고 속이 자주 안 좋아서 찾아봤어요. 정신없이 먹어요. 주변에도 추천하고 있어요.,0,2026-08-25 23:59:59
2038,1,가을에게 주려고 털 상태가 계속 신경 쓰였어요. 거의 입도 안 댔어요. 다른 제품을 다시 찾아봐야겠어요.,0,2026-06-22 02:06:02
2039,3,베리에게 주려고 소화가 편한 걸 고르고 싶었어요. 그럭저럭 먹는 편이에요. 한창때라 그런지 급여량이 넉넉히 필요해요. 채소 알레르기가 있어 원료를 하나하나 확인하고 샀어요. 가격을 보고 재구매를 정하려고요.,1,2025-08-18 15:22:07
