purchase_id,customer_id,pet_id,product_id,category,breed,size_category,weight_kg,age_group,age_years,allergy,health_condition,purchased_at,quantity,rating,review,is_holdout
O00001,C0001,P0001,F0182,간식,토이푸들,소형,6.4,시니어,11.7,,,2026-05-29,1,4,치석 관리용으로 알아보다 샀어요. 치석 제거 효과가 있는지 이빨이 깨끗해졌어요.,1
O00002,C0002,P0002,F0087,사료,허스키,대형,35.3,성견,2.4,,관절이 약함,2026-02-07,1,4,첫 사료라 고민 많이 하다가 골랐어요. 밥 시간마다 꼬리를 흔들면서 달려와요. 사료 그릇을 핥아먹을 정도로 좋아해요. 강력 추천해요.,0
O00003,C0002,P0002,F0035,사료,허스키,대형,35.3,성견,2.4,,관절이 약함,2026-05-31,2,5,곡물 알레르기 있어서 곡물프리로 알아보다 구매했어요. 물에 불리지 않아도 잘 먹어요. 대형견이라 그런지 양이 금방 줄어요.,1
O00004,C0003,P0003,F0080,사료,미니어처닥스훈트,소형,5.4,성견,2.5,,,2025-05-04,1,3,다른 사료 다 먹여봤는데 이게 제일 잘 맞아서 재구매했어요. 무난하게 먹입니다. 그냥 그래요. 무난하게 급여 중입니다.,0
O00005,C0003,P0003,F0143,간식,미니어처닥스훈트,소형,5.4,성견,2.5,,,2025-10-09,3,2,여행 갈 때 간식으로 챙기려고 샀어요. 몇 입 먹다가 흥미를 잃어요. 너무 딱딱해서 잘 못 씹어요. 허리가 약한 아이라 체중 관리에 신경 쓰는데 도움이 되는 것 같아요.,0
O00006,C0003,P0003,F0175,간식,미니어처닥스훈트,소형,5.4,성견,2.5,,,2025-11-17,1,5,장난감 대신 씹을 거리로 골랐어요. 한 개 주면 더 달라고 계속 쳐다봐요. 편식하는 아이도 이건 잘 먹어요. 입이 작은 아이라 한 번에 많이는 못 먹어요. 강아지들 사이에서 인기템이에요.,1
O00007,C0004,P0004,F0043,사료,도베르만,대형,30.8,퍼피,0.5,,,2023-10-02,3,5,대용량으로 시켜봤어요. 그릇 비우는 속도가 달라졌어요. 변 상태가 훨씬 단단해졌어요. 효과가 좋아서 재구매 의사 있어요.,0
O00008,C0004,P0004,F0182,간식,도베르만,대형,30.8,퍼피,0.5,,,2025-03-02,1,4,심심할 때 주려고 대용량으로 샀어요. 잘 먹는데 부스러기가 너무 많이 떨어져요.,0
O00009,C0004,P0004,F0035,사료,도베르만,대형,30.8,퍼피,0.5,,,2025-06-05,1,5,우리 아이가 정말 잘 먹어요. 성장기라 그런지 잘 먹고 살도 오르는 것 같아요ㅎㅎ,0
O00010,C0004,P0004,F0095,사료,도베르만,대형,30.8,퍼피,0.5,,,2025-11-19,1,4,리뷰 좋길래 반신반의로 시켜봤어요. 장이 편안한지 컨디션이 좋아 보여요. 털에 윤기가 도는 게 눈에 보여요. 주변 강아지 친구들에게도 추천했어요.,0
O00011,C0004,P0004,F0124,간식,도베르만,대형,30.8,퍼피,0.5,,,2025-12-06,1,3,가격 대비 괜찮아요. 특별한 건 없어요. 덩치가 커서 그런지 먹는 양도 많아요.,0
O00012,C0004,P0004,F0122,간식,도베르만,대형,30.8,퍼피,0.5,,,2026-02-24,1,4,훈련용으로 쓰려고 구매했어요. 많이 먹어도 속이 편한지 컨디션이 좋아요. 훈련할 때 반응이 확실히 좋아졌어요. 다른 맛도 사보려고요.,1
O00013,C0005,P0005,F0194,간식,시츄,소형,2.1,성견,3.2,,,2025-06-28,1,4,이빨 약한 노령견용으로 부드러운 걸 찾았어요. 크기가 적당해서 소형견도 먹기 편해요. 소분하기 좋게 포장돼 있어서 편해요. 눈물자국이 줄어든 것 같기도 해요. 효과가 좋아서 재구매 의사 있어요.,0
O00014,C0005,P0005,F0189,간식,시츄,소형,2.1,성견,3.2,,,2026-04-14,1,5,산책 보상용으로 구매했어요. 잘 먹긴 하는데 너무 딱딱해서 걱정돼요. 입이 작은 아이라 한 번에 많이는 못 먹어요. 훈련용으로 계속 재구매할 것 같아요.,1
O00015,C0006,P0006,F0116,간식,시바견,중형,18.4,성견,5.8,,,2025-06-29,3,4,미용 보상용으로 하나 사봤어요. 냄새 맡자마자 자리에 앉아서 기다려요.,1
O00016,C0006,P0007,F0059,사료,시츄,소형,6.2,성견,6.9,,,2026-02-01,1,5,소형견이라 알갱이 작은 걸로 찾다가 발견했어요. 편식하던 아이인데 이건 남김없이 먹어요. 냄새를 맡자마자 좋아하더라고요. 이 사료로 계속 갈 것 같아요.,1
O00017,C0007,P0008,F0148,간식,웰시코기,중형,17.8,시니어,11.1,,,2025-11-16,2,5,소형견용 작은 사이즈로 찾다가 발견했어요. 손에 들자마자 꼬리 흔들며 달려와요. 너무 딱딱하지 않아서 노령견도 잘 씹어요.,0
O00018,C0007,P0008,F0010,사료,웰시코기,중형,17.8,시니어,11.1,,,2026-01-17,5,3,시니어 사료로 갈아탈 시기가 돼서 주문했어요. 가격은 좀 있는데 그만큼 잘 먹어서 만족해요. 그럭저럭 먹이고 있어요.,1
O00019,C0007,P0009,F0020,사료,치와와,소형,4.4,성견,6.3,,,2025-11-29,1,5,기존 사료 단종돼서 급하게 대체품 찾았어요. 변 색깔이랑 굳기가 딱 좋아요. 재구매 예정입니다.,0
O00020,C0007,P0009,F0054,사료,치와와,소형,4.4,성견,6.3,,,2026-03-25,2,5,퍼피 전용으로 바꿔주려고 구매했어요. 냄새 맡고 좋아하긴 하는데 이상하게 살은 안 쪄요. 소형견이라 알갱이(크기)가 딱 맞아요. 재구매 예정입니다.,0
O00021,C0007,P0009,F0014,사료,치와와,소형,4.4,성견,6.3,,,2026-05-24,1,5,동물병원에서 체중 관리용으로 추천받았어요. 소화가 잘 되는지 방귀 냄새도 줄었어요. 활력이 좋아진 것 같아요. 소형견이라 알갱이(크기)가 딱 맞아요. 주변 강아지 친구들에게도 추천했어요.,0
O00022,C0007,P0009,F0009,사료,치와와,소형,4.4,성견,6.3,,,2026-07-28,2,3,수의사 추천으로 바꿔봤어요. 맛은 있나 본데 변 냄새가 너무 독해졌어요. 무난하게 급여 중입니다.,1
O00023,C0008,P0010,F0164,간식,시츄,소형,4.8,성견,2.8,,,2024-10-03,1,5,퍼피용 부드러운 간식 찾던 중이었어요. 너무 딱딱하지 않아서 노령견도 잘 씹어요. 소분하기 좋게 포장돼 있어서 편해요. 눈물자국이 줄어든 것 같기도 해요ㅎㅎ,0
O00024,C0008,P0010,F0157,간식,시츄,소형,4.8,성견,2.8,,,2025-03-21,1,5,다이어트 중이라 저칼로리 간식으로 골랐어요. 한 개 주면 더 달라고 계속 쳐다봐요. 다른 맛도 사보려고요.,0
O00025,C0008,P0010,F0020,사료,시츄,소형,4.8,성견,2.8,,,2025-07-03,1,5,입질 심한 아이라 소화 잘되는 걸로 찾았어요. 냄새를 맡자마자 좋아하더라고요. 입이 짧은 시츄인데도 잘 먹어요. 강력 추천해요.,0
O00026,C0008,P0010,F0140,간식,시츄,소형,4.8,성견,2.8,,,2025-12-14,1,4,새로운 맛 궁금해서 시켜봤어요. 냄새 맡자마자 자리에 앉아서 기다려요. 편식하는 아이도 이건 잘 먹어요.,1
O00027,C0009,P0011,F0188,간식,요크셔테리어,소형,4.2,성견,2.6,피부 알레르기 체질,,2026-07-12,2,5,훈련용으로 쓰려고 구매했어요. 훈련할 때 반응이 확실히 좋아졌어요. 크기가 적당해서 소형견도 먹기 편해요. 훈련용으로 계속 재구매할 것 같아요.,0
O00028,C0009,P0011,F0133,간식,요크셔테리어,소형,4.2,성견,2.6,피부 알레르기 체질,,2026-07-12,1,2,"여행 갈 때 간식으로 챙기려고 샀어요. 냄새는 좋아하는데 막상 안 먹어요. 입이 작은 아이라 한 번에 많이는 못 먹어요. 전혀 안 먹어요, 비추합니다.",0
O00029,C0009,P0011,F0196,간식,요크셔테리어,소형,4.2,성견,2.6,피부 알레르기 체질,,2026-07-13,1,1,퍼피용 부드러운 간식 찾던 중이었어요. 잘 씹어 먹긴 하는데 양이 너무 적어서 금방 없어져요. 소형견이라 알갱이(크기)가 딱 맞아요. 다른 브랜드로 바꿔보려고요.,0
O00030,C0009,P0011,F0101,간식,요크셔테리어,소형,4.2,성견,2.6,피부 알레르기 체질,,2026-07-14,1,4,치석 제거 효과가 있는지 이빨이 깨끗해졌어요. 많이 먹어도 속이 편한지 컨디션이 좋아요. 입이 작은 아이라 한 번에 많이는 못 먹어요. 강아지들 사이에서 인기템이에요ㅜㅜ,0
O00031,C0009,P0011,F0082,사료,요크셔테리어,소형,4.2,성견,2.6,피부 알레르기 체질,,2026-07-28,1,5,대형견이라 그런지 사료값이 만만치 않아서 가성비 좋은 걸로 골랐어요. 밥 시간마다 꼬리를 흔들면서 달려와요. 변 색깔이랑 굳기가 딱 좋아요. 소형견 특유의 예민한 장인데도 탈 없이 잘 먹어요. 효과가 좋아서 재구매 의사 있어요.,0
O00032,C0009,P0011,F0066,사료,요크셔테리어,소형,4.2,성견,2.6,피부 알레르기 체질,,2026-07-30,1,4,"예민한 장 때문에 저자극 사료 찾던 중이었어요. 처음엔 잘 먹더니 요즘은 시들해요, 그래도 소화는 잘 되는 것 같아요. 소형견이라 알갱이(크기)가 딱 맞아요!!",1
O00033,C0009,P0012,F0142,간식,허스키,대형,27.8,성견,5.2,,,2026-07-12,1,5,다이어트 중이라 저칼로리 간식으로 골랐어요. 손에 들자마자 꼬리 흔들며 달려와요. 덩치가 커서 그런지 먹는 양도 많아요. 효과가 좋아서 재구매 의사 있어요.,0
O00034,C0009,P0012,F0106,간식,허스키,대형,27.8,성견,5.2,,,2026-08-03,1,1,간식 먹고 나서 변이 물러졌어요. 부스러기가 많이 떨어져서 청소가 번거로워요. 털갈이가 심한 아이인데 피모 상태가 좋아진 것 같아요.,0
O00035,C0009,P0012,F0020,사료,허스키,대형,27.8,성견,5.2,,,2026-08-10,1,3,잘 먹는 편인데 가끔 토를 해서 지켜보고 있어요. 덩치가 커서 그런지 먹는 양도 많아요.,1
O00036,C0009,P0013,F0109,간식,요크셔테리어,소형,4.8,시니어,13.0,,,2026-07-11,1,4,치석 관리용으로 알아보다 샀어요. 냄새 맡자마자 자리에 앉아서 기다려요. 치석 제거 효과가 있는지 이빨이 깨끗해졌어요. 강아지들 사이에서 인기템이에요.,0
O00037,C0009,P0013,F0079,사료,요크셔테리어,소형,4.8,시니어,13.0,,,2026-07-15,1,4,동물병원에서 체중 관리용으로 추천받았어요. 우리 아이가 정말 잘 먹어요. 활력이 좋아진 것 같아요. 이 사료로 계속 갈 것 같아요.,0
O00038,C0009,P0013,F0069,사료,요크셔테리어,소형,4.8,시니어,13.0,,,2026-07-17,1,5,수의사 추천으로 바꿔봤어요. 사료 그릇을 핥아먹을 정도로 좋아해요. 이 사료로 계속 갈 것 같아요.,0
O00039,C0009,P0013,F0084,사료,요크셔테리어,소형,4.8,시니어,13.0,,,2026-07-19,1,4,적응 기간엔 잘 먹었는데 점점 흥미를 잃는 것 같아요. 이빨이 약해진 나이라 부드러운 걸 좋아해요. 재구매 예정입니다.,0
O00040,C0009,P0013,F0057,사료,요크셔테리어,소형,4.8,시니어,13.0,,,2026-07-20,5,4,시니어 사료로 갈아탈 시기가 돼서 주문했어요. 소화가 잘 되는지 방귀 냄새도 줄었어요. 편식하던 아이인데 이건 남김없이 먹어요. 나이가 있어서 그런지 예전보다 적게 먹네요. 강력 추천해요.,0
O00041,C0009,P0013,F0011,사료,요크셔테리어,소형,4.8,시니어,13.0,,,2026-07-29,1,5,퍼피 전용으로 바꿔주려고 구매했어요. 변 상태가 훨씬 단단해졌어요. 주변 강아지 친구들에게도 추천했어요.,0
O00042,C0009,P0013,F0059,사료,요크셔테리어,소형,4.8,시니어,13.0,,,2026-08-01,1,3,입질 심한 아이라 소화 잘되는 걸로 찾았어요. 먹는 건 좋아하는데 방귀 냄새가 심해졌어요. 그럭저럭 먹이고 있어요.,0
O00043,C0009,P0013,F0068,사료,요크셔테리어,소형,4.8,시니어,13.0,,,2026-08-04,1,5,소형견이라 알갱이 작은 걸로 찾다가 발견했어요. 장이 편안한지 컨디션이 좋아 보여요. 효과가 좋아서 재구매 의사 있어요ㅜㅜ,1
O00044,C0010,P0014,F0158,간식,시츄,소형,4.3,시니어,13.8,,,2025-10-11,3,3,이빨 약한 노령견용으로 부드러운 걸 찾았어요. 맛있게는 먹는데 가격이 좀 부담돼요. 그냥저냥 주고 있어요.,0
O00045,C0010,P0014,F0036,사료,시츄,소형,4.3,시니어,13.8,,,2026-01-09,1,2,"리뷰 좋길래 반신반의로 시켜봤어요. 입맛에 안 맞는지 자꾸 남겨요. 전혀 안 먹어요, 비추합니다ㅜㅜ",1
O00046,C0011,P0015,F0052,사료,시츄,소형,6.5,성견,2.2,,,2024-06-15,2,4,곡물 알레르기 있어서 곡물프리로 알아보다 구매했어요. 기호성은 최고인데 며칠 먹이니 살짝 가려워하더라고요. 주변 강아지 친구들에게도 추천했어요.,1
O00047,C0012,P0016,F0156,간식,골든리트리버,대형,21.0,성견,6.6,닭고기 알레르기,,2026-04-27,1,5,산책 보상용으로 구매했어요. 한 개 주면 더 달라고 계속 쳐다봐요. 훈련할 때 반응이 확실히 좋아졌어요. 골든리트리버답게 뭐든 잘 먹는 편이에요.,0
O00048,C0012,P0016,F0157,간식,골든리트리버,대형,21.0,성견,6.6,닭고기 알레르기,,2026-05-23,1,5,많이 먹어도 속이 편한지 컨디션이 좋아요. 편식하는 아이도 이건 잘 먹어요. 덩치가 커서 그런지 먹는 양도 많아요. 효과가 좋아서 재구매 의사 있어요.,0
O00049,C0012,P0016,F0176,간식,골든리트리버,대형,21.0,성견,6.6,닭고기 알레르기,,2026-06-25,1,5,크기가 적당해서 소형견도 먹기 편해요. 너무 딱딱하지 않아서 노령견도 잘 씹어요. 훈련용으로 계속 재구매할 것 같아요.,1
O00050,C0013,P0017,F0135,간식,프렌치불독,중형,19.5,성견,4.8,,,2025-06-01,1,5,소형견용 작은 사이즈로 찾다가 발견했어요. 소분하기 좋게 포장돼 있어서 편해요. 활동량이 있는 편이라 이 정도는 금방 먹어요. 다른 맛도 사보려고요.,0
O00051,C0013,P0017,F0060,사료,프렌치불독,중형,19.5,성견,4.8,,,2025-10-13,1,3,다른 사료 다 먹여봤는데 이게 제일 잘 맞아서 재구매했어요. 기호성은 좋은데 변이 자주 묽게 나와서 고민이에요. 활동량이 있는 편이라 이 정도는 금방 먹어요. 그럭저럭 먹이고 있어요.,0
O00052,C0013,P0017,F0028,사료,프렌치불독,중형,19.5,성견,4.8,,,2025-12-02,1,5,잘 먹는데 사료 냄새가 집안에 좀 남아요. 활동량이 있는 편이라 이 정도는 금방 먹어요. 재구매 예정입니다.,0
O00053,C0013,P0017,F0179,간식,프렌치불독,중형,19.5,성견,4.8,,,2025-12-06,1,5,장난감 대신 씹을 거리로 골랐어요. 손에 들자마자 꼬리 흔들며 달려와요!!,0
O00054,C0013,P0017,F0054,사료,프렌치불독,중형,19.5,성견,4.8,,,2026-01-31,1,4,물에 불리지 않아도 잘 먹어요. 이 사료로 계속 갈 것 같아요.,0
O00055,C0013,P0017,F0119,간식,프렌치불독,중형,19.5,성견,4.8,,,2026-03-15,1,5,너무 딱딱하지 않아서 노령견도 잘 씹어요. 코가 짧은 아이라 급하게 먹다가 사레들릴까 걱정했는데 괜찮아요. 다른 맛도 사보려고요.,0
O00056,C0013,P0017,F0138,간식,프렌치불독,중형,19.5,성견,4.8,,,2026-06-01,1,5,새로운 맛 궁금해서 시켜봤어요. 많이 먹어도 속이 편한지 컨디션이 좋아요. 편식하는 아이도 이건 잘 먹어요. 효과가 좋아서 재구매 의사 있어요.,0
O00057,C0013,P0017,F0148,간식,프렌치불독,중형,19.5,성견,4.8,,,2026-07-04,1,5,심심할 때 주려고 대용량으로 샀어요. 치석 제거 효과가 있는지 이빨이 깨끗해졌어요. 훈련용으로 계속 재구매할 것 같아요.,1
O00058,C0014,P0018,F0197,간식,시바견,중형,16.3,시니어,11.3,,,2024-12-22,2,4,미용 보상용으로 하나 사봤어요. 소분하기 좋게 포장돼 있어서 편해요. 훈련할 때 반응이 확실히 좋아졌어요. 활동량이 있는 편이라 이 정도는 금방 먹어요. 강아지들 사이에서 인기템이에요.,0
O00059,C0014,P0018,F0118,간식,시바견,중형,16.3,시니어,11.3,,,2025-05-24,1,5,훈련용으로 쓰려고 구매했어요. 냄새 맡자마자 자리에 앉아서 기다려요. 한 개 주면 더 달라고 계속 쳐다봐요. 나이가 있어서 그런지 예전보다 적게 먹네요. 다른 맛도 사보려고요!!,0
O00060,C0014,P0018,F0083,사료,시바견,중형,16.3,시니어,11.3,,,2025-07-12,1,4,첫 사료라 고민 많이 하다가 골랐어요. 털에 윤기가 도는 게 눈에 보여요. 그릇 비우는 속도가 달라졌어요. 활동량이 있는 편이라 이 정도는 금방 먹어요.,0
O00061,C0014,P0018,F0087,사료,시바견,중형,16.3,시니어,11.3,,,2026-02-20,5,1,대형견이라 그런지 사료값이 만만치 않아서 가성비 좋은 걸로 골랐어요. 냄새는 맡는데 잘 안 먹어요. 가스가 심해진 것 같아요. 중형견이라 적당한 양인 것 같아요. 다른 사료 알아보려고요~,1
O00062,C0015,P0019,F0085,사료,보더콜리,중형,14.1,퍼피,0.7,,,2026-04-29,1,5,예민한 장 때문에 저자극 사료 찾던 중이었어요. 활력이 좋아진 것 같아요. 그릇 비우는 속도가 달라졌어요. 중형견이라 적당한 양인 것 같아요. 효과가 좋아서 재구매 의사 있어요ㅎㅎ,0
O00063,C0015,P0019,F0186,간식,보더콜리,중형,14.1,퍼피,0.7,,,2026-05-16,1,5,심심할 때 주려고 대용량으로 샀어요. 크기가 적당해서 소형견도 먹기 편해요. 손에 들자마자 꼬리 흔들며 달려와요. 강아지들 사이에서 인기템이에요.,0
O00064,C0015,P0019,F0179,간식,보더콜리,중형,14.1,퍼피,0.7,,,2026-05-24,1,3,이빨 약한 노령견용으로 부드러운 걸 찾았어요. 그냥 그래요. 성장기라 그런지 잘 먹고 살도 오르는 것 같아요!!,0
O00065,C0015,P0019,F0146,간식,보더콜리,중형,14.1,퍼피,0.7,,,2026-05-25,1,5,치석 관리용으로 알아보다 샀어요. 많이 먹어도 속이 편한지 컨디션이 좋아요. 훈련용으로 계속 재구매할 것 같아요!!,0
O00066,C0015,P0019,F0004,사료,보더콜리,중형,14.1,퍼피,0.7,,,2026-06-03,1,4,잘 먹기는 하는데 변이 좀 무르게 나와요. 강력 추천해요.,0
O00067,C0015,P0019,F0058,사료,보더콜리,중형,14.1,퍼피,0.7,,,2026-08-01,1,4,대용량으로 시켜봤어요. 양은 적당한데 곡물이 들어있어서 우리 아이한테는 살짝 안 맞았어요. 이 사료로 계속 갈 것 같아요.,1
O00068,C0016,P0020,F0148,간식,진돗개,대형,30.6,성견,1.9,,,2024-06-27,1,3,퍼피용 부드러운 간식 찾던 중이었어요. 냄새는 좋아하는데 크기가 커서 나눠줘야 해요. 무난하게 급여 중입니다.,0
O00069,C0016,P0020,F0139,간식,진돗개,대형,30.6,성견,1.9,,,2024-10-29,1,2,처음만 좋아하고 그다음부턴 안 먹으려 해요. 크기가 너무 커서 소형견은 나눠줘야 해요. 대형견이라 그런지 양이 금방 줄어요.,0
O00070,C0016,P0020,F0041,사료,진돗개,대형,30.6,성견,1.9,,,2024-11-01,3,3,기존 사료 단종돼서 급하게 대체품 찾았어요. 잘 먹기는 하는데 변이 좀 무르게 나와요. 대형견이라 그런지 양이 금방 줄어요. 무난하게 급여 중입니다.,0
O00071,C0016,P0020,F0009,사료,진돗개,대형,30.6,성견,1.9,,,2025-04-25,2,2,다른 간식 섞어줘야 겨우 먹어요. 변이 좀 무르게 나와요. 덩치가 커서 그런지 먹는 양도 많아요. 환불 문의했어요.,0
O00072,C0016,P0020,F0155,간식,진돗개,대형,30.6,성견,1.9,,,2025-05-22,1,4,여행 갈 때 간식으로 챙기려고 샀어요. 소분하기 좋게 포장돼 있어서 편해요. 편식하는 아이도 이건 잘 먹어요. 효과가 좋아서 재구매 의사 있어요.,0
O00073,C0016,P0020,F0053,사료,진돗개,대형,30.6,성견,1.9,,,2026-08-06,1,5,기존 사료 단종돼서 급하게 대체품 찾았어요. 변 상태가 훨씬 단단해졌어요. 물에 불리지 않아도 잘 먹어요. 재구매 예정입니다.,1
O00074,C0016,P0021,F0021,사료,허스키,대형,37.9,퍼피,0.5,,,2024-09-07,2,4,동물병원에서 체중 관리용으로 추천받았어요. 털에 윤기가 도는 게 눈에 보여요. 소화가 잘 되는지 방귀 냄새도 줄었어요. 털갈이가 심한 아이인데 피모 상태가 좋아진 것 같아요. 주변 강아지 친구들에게도 추천했어요.,0
O00075,C0016,P0021,F0096,사료,허스키,대형,37.9,퍼피,0.5,,,2024-09-12,1,2,입질 심한 아이라 소화 잘되는 걸로 찾았어요. 가격은 좀 있는데 그만큼 잘 먹어서 만족해요. 재구매 의사 없어요.,0
O00076,C0016,P0021,F0036,사료,허스키,대형,37.9,퍼피,0.5,,,2024-11-22,1,3,특별히 좋지도 나쁘지도 않아요. 보통이에요. 성장기라 그런지 잘 먹고 살도 오르는 것 같아요. 그럭저럭 먹이고 있어요.,0
O00077,C0016,P0021,F0076,사료,허스키,대형,37.9,퍼피,0.5,,,2025-08-19,1,3,"처음엔 잘 먹더니 요즘은 시들해요, 그래도 소화는 잘 되는 것 같아요. 털갈이가 심한 아이인데 피모 상태가 좋아진 것 같아요.",0
O00078,C0016,P0021,F0080,사료,허스키,대형,37.9,퍼피,0.5,,,2026-01-31,2,5,첫 사료라 고민 많이 하다가 골랐어요. 사료 그릇을 핥아먹을 정도로 좋아해요.,0
O00079,C0016,P0021,F0020,사료,허스키,대형,37.9,퍼피,0.5,,,2026-02-14,1,2,"퍼피 전용으로 바꿔주려고 구매했어요. 설사를 해서 바로 끊었어요. 변 냄새가 심해졌어요. 대형견이라 그런지 양이 금방 줄어요. 전혀 안 먹어요, 비추합니다.",1
O00080,C0017,P0022,F0189,간식,미니어처닥스훈트,소형,3.6,성견,3.0,특정 단백질 민감,,2025-09-23,2,5,다이어트 중이라 저칼로리 간식으로 골랐어요. 훈련할 때 반응이 확실히 좋아졌어요.,0
O00081,C0017,P0022,F0025,사료,미니어처닥스훈트,소형,3.6,성견,3.0,특정 단백질 민감,,2026-06-21,1,4,소형견이라 알갱이 작은 걸로 찾다가 발견했어요. 밥 시간마다 꼬리를 흔들면서 달려와요. 우리 아이가 정말 잘 먹어요. 강력 추천해요.,0
O00082,C0017,P0022,F0092,사료,미니어처닥스훈트,소형,3.6,성견,3.0,특정 단백질 민감,,2026-08-03,1,5,곡물 알레르기 있어서 곡물프리로 알아보다 구매했어요. 편식하던 아이인데 이건 남김없이 먹어요. 냄새를 맡자마자 좋아하더라고요. 허리가 약한 아이라 체중 관리에 신경 쓰는데 도움이 되는 것 같아요. 효과가 좋아서 재구매 의사 있어요.,1
O00083,C0018,P0023,F0085,사료,래브라도리트리버,대형,32.2,성견,4.7,,,2024-05-08,1,2,시니어 사료로 갈아탈 시기가 돼서 주문했어요. 그릇 앞에서 킁킁거리기만 하고 돌아서요. 처음엔 좀 먹더니 며칠 지나니 안 먹으려고 해요.,0
O00084,C0018,P0023,F0039,사료,래브라도리트리버,대형,32.2,성견,4.7,,,2024-05-22,2,3,수의사 추천으로 바꿔봤어요. 그럭저럭 먹고 있어요. 나쁘지 않아요. 덩치가 커서 그런지 먹는 양도 많아요. 무난하게 급여 중입니다.,0
O00085,C0018,P0023,F0078,사료,래브라도리트리버,대형,32.2,성견,4.7,,,2024-09-22,1,4,대용량으로 시켜봤어요. 기호성은 최고인데 며칠 먹이니 살짝 가려워하더라고요. 효과가 좋아서 재구매 의사 있어요.,0
O00086,C0018,P0023,F0199,간식,래브라도리트리버,대형,32.2,성견,4.7,,,2025-05-31,1,5,새로운 맛 궁금해서 시켜봤어요. 치석 제거 효과가 있는지 이빨이 깨끗해졌어요. 덩치가 커서 그런지 먹는 양도 많아요. 다른 맛도 사보려고요ㅎㅎ,0
O00087,C0018,P0023,F0013,사료,래브라도리트리버,대형,32.2,성견,4.7,,,2026-02-24,2,1,예민한 장 때문에 저자극 사료 찾던 중이었어요. 소화가 잘 안 되는지 토를 몇 번 했어요. 변 냄새가 심해졌어요. 환불 문의했어요.,0
O00088,C0018,P0023,F0064,사료,래브라도리트리버,대형,32.2,성견,4.7,,,2026-05-27,1,5,리뷰 좋길래 반신반의로 시켜봤어요. 냄새 맡고 좋아하긴 하는데 이상하게 살은 안 쪄요. 대형견이라 그런지 양이 금방 줄어요.,1
O00089,C0018,P0024,F0125,간식,프렌치불독,중형,12.8,성견,6.5,피부 알레르기 체질,,2024-05-18,1,3,장난감 대신 씹을 거리로 골랐어요. 좋아하긴 하는데 며칠 먹이니 살짝 가려워하는 것 같아요!!,0
O00090,C0018,P0024,F0045,사료,프렌치불독,중형,12.8,성견,6.5,피부 알레르기 체질,,2024-06-19,3,2,그릇 앞에서 킁킁거리기만 하고 돌아서요. 피부에 발진이 올라와서 놀랐어요. 중형견이라 적당한 양인 것 같아요.,0
O00091,C0018,P0024,F0064,사료,프렌치불독,중형,12.8,성견,6.5,피부 알레르기 체질,,2025-09-29,2,3,대형견이라 그런지 사료값이 만만치 않아서 가성비 좋은 걸로 골랐어요. 가격 대비 괜찮아요. 특별히 좋지도 나쁘지도 않아요. 코가 짧은 아이라 급하게 먹다가 사레들릴까 걱정했는데 괜찮아요.,0
O00092,C0018,P0024,F0118,간식,프렌치불독,중형,12.8,성견,6.5,피부 알레르기 체질,,2025-12-13,1,5,미용 보상용으로 하나 사봤어요. 한 개 주면 더 달라고 계속 쳐다봐요. 크기가 적당해서 소형견도 먹기 편해요. 활동량이 있는 편이라 이 정도는 금방 먹어요. 훈련용으로 계속 재구매할 것 같아요.,1
O00093,C0018,P0025,F0108,간식,포메라니안,소형,4.4,성견,1.1,,,2024-03-24,1,5,산책 보상용으로 구매했어요. 너무 딱딱하지 않아서 노령견도 잘 씹어요. 강아지들 사이에서 인기템이에요.,0
O00094,C0018,P0025,F0029,사료,포메라니안,소형,4.4,성견,1.1,,,2024-04-05,1,3,먹는 건 좋아하는데 방귀 냄새가 심해졌어요.,1
O00095,C0019,P0026,F0083,사료,래브라도리트리버,대형,24.0,시니어,10.3,,,2026-05-10,1,4,다른 사료 다 먹여봤는데 이게 제일 잘 맞아서 재구매했어요. 양은 적당한데 곡물이 들어있어서 우리 아이한테는 살짝 안 맞았어요. 노령견이라 소화가 잘 되는지 걱정했는데 다행히 괜찮아요. 강력 추천해요.,0
O00096,C0019,P0026,F0192,간식,래브라도리트리버,대형,24.0,시니어,10.3,,,2026-07-15,1,2,과식했더니 토를 하더라고요.,1
O00097,C0019,P0027,F0122,간식,시츄,소형,2.9,성견,3.8,,,2026-03-02,1,3,소형견용 작은 사이즈로 찾다가 발견했어요. 보통이에요. 입이 작은 아이라 한 번에 많이는 못 먹어요. 그냥저냥 주고 있어요.,0
O00098,C0019,P0027,F0116,간식,시츄,소형,2.9,성견,3.8,,,2026-04-02,1,5,냄새 맡자마자 자리에 앉아서 기다려요. 효과가 좋아서 재구매 의사 있어요.,0
O00099,C0019,P0027,F0193,간식,시츄,소형,2.9,성견,3.8,,,2026-04-03,5,4,여행 갈 때 간식으로 챙기려고 샀어요. 손에 들자마자 꼬리 흔들며 달려와요. 치석 제거 효과가 있는지 이빨이 깨끗해졌어요. 입이 작은 아이라 한 번에 많이는 못 먹어요. 강아지들 사이에서 인기템이에요.,0
O00100,C0019,P0027,F0197,간식,시츄,소형,2.9,성견,3.8,,,2026-04-09,1,3,다이어트 중이라 저칼로리 간식으로 골랐어요. 처음엔 잘 먹더니 물려하는지 요즘은 시큰둥해요. 입이 작은 아이라 한 번에 많이는 못 먹어요. 무난하게 급여 중입니다.,0
O00101,C0019,P0027,F0186,간식,시츄,소형,2.9,성견,3.8,,,2026-04-12,2,5,치석 관리용으로 알아보다 샀어요. 소분하기 좋게 포장돼 있어서 편해요. 입이 짧은 시츄인데도 잘 먹어요. 효과가 좋아서 재구매 의사 있어요.,0
O00102,C0019,P0027,F0071,사료,시츄,소형,2.9,성견,3.8,,,2026-05-28,2,5,소형견이라 알갱이 작은 걸로 찾다가 발견했어요. 장이 편안한지 컨디션이 좋아 보여요. 변 색깔이랑 굳기가 딱 좋아요. 이 사료로 계속 갈 것 같아요.,0
O00103,C0019,P0027,F0164,간식,시츄,소형,2.9,성견,3.8,,,2026-06-17,1,4,한 개 주면 더 달라고 계속 쳐다봐요. 입이 작은 아이라 한 번에 많이는 못 먹어요. 훈련용으로 계속 재구매할 것 같아요.,0
O00104,C0019,P0027,F0011,사료,시츄,소형,2.9,성견,3.8,,,2026-06-18,1,3,적응 기간엔 잘 먹었는데 점점 흥미를 잃는 것 같아요. 무난하게 급여 중입니다.,1
O00105,C0019,P0028,F0165,간식,치와와,소형,3.6,성견,1.7,,,2026-04-13,3,5,훈련용으로 쓰려고 구매했어요. 훈련할 때 반응이 확실히 좋아졌어요. 소형견이라 알갱이(크기)가 딱 맞아요. 다른 맛도 사보려고요.,0
O00106,C0019,P0028,F0064,사료,치와와,소형,3.6,성견,1.7,,,2026-05-03,1,3,기존 사료 단종돼서 급하게 대체품 찾았어요. 무난하게 먹입니다. 그럭저럭 먹이고 있어요.,0
O00107,C0019,P0028,F0048,사료,치와와,소형,3.6,성견,1.7,,,2026-05-30,1,4,수의사 추천으로 바꿔봤어요. 사료 그릇을 핥아먹을 정도로 좋아해요. 소화가 잘 되는지 방귀 냄새도 줄었어요. 입이 작은 아이라 한 번에 많이는 못 먹어요.,1
O00108,C0020,P0029,F0012,사료,래브라도리트리버,대형,25.4,시니어,13.3,,,2026-07-31,1,5,예민한 장 때문에 저자극 사료 찾던 중이었어요. 밥 시간마다 꼬리를 흔들면서 달려와요. 이빨이 약해진 나이라 부드러운 걸 좋아해요.,0
O00109,C0020,P0029,F0041,사료,래브라도리트리버,대형,25.4,시니어,13.3,,,2026-08-07,1,5,시니어 사료로 갈아탈 시기가 돼서 주문했어요. 변 상태가 훨씬 단단해졌어요. 주변 강아지 친구들에게도 추천했어요.,0
O00110,C0020,P0029,F0070,사료,래브라도리트리버,대형,25.4,시니어,13.3,,,2026-08-10,1,5,곡물 알레르기 있어서 곡물프리로 알아보다 구매했어요. 털에 윤기가 도는 게 눈에 보여요. 변 색깔이랑 굳기가 딱 좋아요. 식탐이 많은 아이라 순식간에 다 먹어요.,1
O00111,C0021,P0030,F0103,간식,보더콜리,중형,10.2,퍼피,0.8,,,2024-01-28,1,5,심심할 때 주려고 대용량으로 샀어요. 좋아하긴 하는데 먹고 나서 변이 좀 물러요. 활동량이 워낙 많아서 그런지 이 정도 양은 금방 먹어요. 효과가 좋아서 재구매 의사 있어요.,0
O00112,C0021,P0030,F0080,사료,보더콜리,중형,10.2,퍼피,0.8,,,2024-05-17,2,1,입질 심한 아이라 소화 잘되는 걸로 찾았어요. 입맛에 안 맞는지 자꾸 남겨요. 중형견이라 적당한 양인 것 같아요. 재구매 의사 없어요.,0
O00113,C0021,P0030,F0046,사료,보더콜리,중형,10.2,퍼피,0.8,,,2025-06-19,2,4,퍼피 전용으로 바꿔주려고 구매했어요. 장이 편안한지 컨디션이 좋아 보여요. 중형견이라 적당한 양인 것 같아요. 재구매 예정입니다.,0
O00114,C0021,P0030,F0167,간식,보더콜리,중형,10.2,퍼피,0.8,,,2025-10-26,3,5,크기가 적당해서 소형견도 먹기 편해요. 냄새 맡자마자 자리에 앉아서 기다려요. 이갈이 시기라 씹는 걸 좋아해요.,1
O00115,C0021,P0031,F0031,사료,웰시코기,중형,9.3,성견,4.3,,,2024-08-22,1,4,활력이 좋아진 것 같아요. 물에 불리지 않아도 잘 먹어요.,0
O00116,C0021,P0031,F0020,사료,웰시코기,중형,9.3,성견,4.3,,,2026-06-10,1,3,보통이에요. 나쁘지 않아요.,1
O00117,C0022,P0032,F0090,사료,시츄,소형,5.4,퍼피,0.8,특정 단백질 민감,,2026-07-13,1,2,소화가 잘 안 되는지 토를 몇 번 했어요. 가스가 심해진 것 같아요. 이 성분이 우리 아이한테는 안 맞나 봐요. 눈물자국이 줄어든 것 같기도 해요. 다른 사료 알아보려고요.,0
O00118,C0022,P0032,F0033,사료,시츄,소형,5.4,퍼피,0.8,특정 단백질 민감,,2026-07-16,1,3,동물병원에서 체중 관리용으로 추천받았어요. 기호성은 좋은데 변이 자주 묽게 나와서 고민이에요. 소형견이라 알갱이(크기)가 딱 맞아요.,0
O00119,C0022,P0032,F0167,간식,시츄,소형,5.4,퍼피,0.8,특정 단백질 민감,,2026-07-20,1,4,많이 먹어도 속이 편한지 컨디션이 좋아요. 편식하는 아이도 이건 잘 먹어요.,0
O00120,C0022,P0032,F0089,사료,시츄,소형,5.4,퍼피,0.8,특정 단백질 민감,,2026-08-11,3,4,리뷰 좋길래 반신반의로 시켜봤어요. 우리 아이가 정말 잘 먹어요. 이 사료로 계속 갈 것 같아요.,1
O00121,C0023,P0033,F0091,사료,비글,중형,16.7,성견,4.8,,,2025-12-30,1,5,다른 사료 다 먹여봤는데 이게 제일 잘 맞아서 재구매했어요. 그릇 비우는 속도가 달라졌어요. 편식하던 아이인데 이건 남김없이 먹어요. 주변 강아지 친구들에게도 추천했어요!!,0
O00122,C0023,P0033,F0040,사료,비글,중형,16.7,성견,4.8,,,2026-07-30,1,5,대용량으로 시켜봤어요. 냄새를 맡자마자 좋아하더라고요. 털에 윤기가 도는 게 눈에 보여요.,1
O00123,C0024,P0034,F0159,간식,진돗개,대형,38.7,성견,2.5,소고기 알레르기,,2026-01-15,1,4,산책 보상용으로 구매했어요. 냄새는 좋아하는데 크기가 커서 나눠줘야 해요. 대형견이라 그런지 양이 금방 줄어요. 강아지들 사이에서 인기템이에요.,1
O00124,C0025,P0035,F0016,사료,토이푸들,소형,3.2,성견,1.6,,,2025-10-21,2,5,대형견이라 그런지 사료값이 만만치 않아서 가성비 좋은 걸로 골랐어요. 소화가 잘 되는지 방귀 냄새도 줄었어요. 편식하던 아이인데 이건 남김없이 먹어요. 재구매 예정입니다.,0
O00125,C0025,P0035,F0049,사료,토이푸들,소형,3.2,성견,1.6,,,2025-11-02,1,4,첫 사료라 고민 많이 하다가 골랐어요. 물에 불리지 않아도 잘 먹어요. 우리 아이가 정말 잘 먹어요. 강력 추천해요.,0
O00126,C0025,P0035,F0019,사료,토이푸들,소형,3.2,성견,1.6,,,2026-07-18,5,5,동물병원에서 체중 관리용으로 추천받았어요. 맛은 있나 본데 변 냄새가 너무 독해졌어요. 효과가 좋아서 재구매 의사 있어요.,0
O00127,C0025,P0035,F0069,사료,토이푸들,소형,3.2,성견,1.6,,,2026-08-03,1,5,대형견이라 그런지 사료값이 만만치 않아서 가성비 좋은 걸로 골랐어요. 냄새를 맡자마자 좋아하더라고요. 변 색깔이랑 굳기가 딱 좋아요. 재구매 예정입니다~,1
O00128,C0025,P0036,F0117,간식,진돗개,대형,35.8,성견,4.9,,,2026-01-20,1,3,장난감 대신 씹을 거리로 골랐어요. 좋아하긴 하는데 며칠 먹이니 살짝 가려워하는 것 같아요. 그냥저냥 주고 있어요.,0
O00129,C0025,P0036,F0168,간식,진돗개,대형,35.8,성견,4.9,,,2026-06-25,1,5,소형견용 작은 사이즈로 찾다가 발견했어요. 손에 들자마자 꼬리 흔들며 달려와요. 훈련용으로 계속 재구매할 것 같아요ㅜㅜ,0
O00130,C0025,P0036,F0085,사료,진돗개,대형,35.8,성견,4.9,,,2026-07-12,1,5,다른 사료 다 먹여봤는데 이게 제일 잘 맞아서 재구매했어요. 그릇 비우는 속도가 달라졌어요. 대형견이라 그런지 양이 금방 줄어요. 효과가 좋아서 재구매 의사 있어요.,0
O00131,C0025,P0036,F0006,사료,진돗개,대형,35.8,성견,4.9,,,2026-08-04,1,4,첫 사료라 고민 많이 하다가 골랐어요. 장이 편안한지 컨디션이 좋아 보여요. 사료 그릇을 핥아먹을 정도로 좋아해요. 진돗개 특유의 경계심 때문에 새 제품 적응이 오래 걸렸는데 지금은 잘 먹어요.,1
O00132,C0026,P0037,F0171,간식,포메라니안,소형,5.0,성견,5.1,소고기 알레르기,,2024-05-24,1,4,퍼피용 부드러운 간식 찾던 중이었어요. 너무 딱딱하지 않아서 노령견도 잘 씹어요. 크기가 적당해서 소형견도 먹기 편해요. 포메라니안 특유로 소식하는 편이라 그런지 조금씩 남겨요. 다른 맛도 사보려고요.,0
O00133,C0026,P0037,F0011,사료,포메라니안,소형,5.0,성견,5.1,소고기 알레르기,,2026-04-02,1,4,수의사 추천으로 바꿔봤어요. 활력이 좋아진 것 같아요. 밥 시간마다 꼬리를 흔들면서 달려와요. 주변 강아지 친구들에게도 추천했어요~,1
O00134,C0027,P0038,F0016,사료,비글,중형,12.7,시니어,10.1,,,2026-07-09,1,5,변 상태가 훨씬 단단해졌어요.,0
O00135,C0027,P0038,F0069,사료,비글,중형,12.7,시니어,10.1,,,2026-08-02,1,5,대용량으로 시켜봤어요. 변 상태가 훨씬 단단해졌어요. 편식하던 아이인데 이건 남김없이 먹어요. 중형견이라 적당한 양인 것 같아요. 강력 추천해요.,1
O00136,C0028,P0039,F0155,간식,비숑프리제,소형,3.4,시니어,12.8,특정 단백질 민감,,2025-09-16,2,1,생각보다 딱딱해서 이빨 약한 아이는 힘들어해요. 간식 먹고 나서 변이 물러졌어요. 이 간식 성분이 우리 아이한테는 안 맞는 것 같아요. 하얀 털 관리 때문에 저알러지 제품을 찾았는데 잘 맞아요~,0
O00137,C0028,P0039,F0172,간식,비숑프리제,소형,3.4,시니어,12.8,특정 단백질 민감,,2025-12-09,1,3,미용 보상용으로 하나 사봤어요. 무난하게 주고 있어요. 이빨이 약해진 나이라 부드러운 걸 좋아해요.,0
O00138,C0028,P0039,F0040,사료,비숑프리제,소형,3.4,시니어,12.8,특정 단백질 민감,,2026-01-14,2,4,잘 먹는데 사료 냄새가 집안에 좀 남아요. 노령견이라 소화가 잘 되는지 걱정했는데 다행히 괜찮아요.,0
O00139,C0028,P0039,F0054,사료,비숑프리제,소형,3.4,시니어,12.8,특정 단백질 민감,,2026-02-23,1,3,잘 먹는 편인데 가끔 토를 해서 지켜보고 있어요. 무난하게 급여 중입니다.,0
O00140,C0028,P0039,F0005,사료,비숑프리제,소형,3.4,시니어,12.8,특정 단백질 민감,,2026-03-28,3,3,입질 심한 아이라 소화 잘되는 걸로 찾았어요. 냄새 맡고 좋아하긴 하는데 이상하게 살은 안 쪄요. 그럭저럭 먹이고 있어요.,0
O00141,C0028,P0039,F0094,사료,비숑프리제,소형,3.4,시니어,12.8,특정 단백질 민감,,2026-06-03,2,5,리뷰 좋길래 반신반의로 시켜봤어요. 털에 윤기가 도는 게 눈에 보여요. 그릇 비우는 속도가 달라졌어요. 이 사료로 계속 갈 것 같아요.,0
O00142,C0028,P0039,F0200,간식,비숑프리제,소형,3.4,시니어,12.8,특정 단백질 민감,,2026-06-14,1,5,새로운 맛 궁금해서 시켜봤어요. 많이 먹어도 속이 편한지 컨디션이 좋아요. 손에 들자마자 꼬리 흔들며 달려와요. 노령견이라 소화가 잘 되는지 걱정했는데 다행히 괜찮아요ㅜㅜ,0
O00143,C0028,P0039,F0083,사료,비숑프리제,소형,3.4,시니어,12.8,특정 단백질 민감,,2026-06-19,1,5,예민한 장 때문에 저자극 사료 찾던 중이었어요. 밥 시간마다 꼬리를 흔들면서 달려와요. 효과가 좋아서 재구매 의사 있어요.,1
O00144,C0029,P0040,F0070,사료,셰퍼드,대형,39.2,성견,1.3,,,2026-03-02,1,4,퍼피 전용으로 바꿔주려고 구매했어요. 가격은 좀 있는데 그만큼 잘 먹어서 만족해요. 강력 추천해요.,0
O00145,C0029,P0040,F0061,사료,셰퍼드,대형,39.2,성견,1.3,,,2026-04-06,1,4,소형견이라 알갱이 작은 걸로 찾다가 발견했어요. 장이 편안한지 컨디션이 좋아 보여요. 냄새를 맡자마자 좋아하더라고요. 재구매 예정입니다.,0
O00146,C0029,P0040,F0072,사료,셰퍼드,대형,39.2,성견,1.3,,,2026-06-14,2,4,시니어 사료로 갈아탈 시기가 돼서 주문했어요. 잘 먹기는 하는데 변이 좀 무르게 나와요. 주변 강아지 친구들에게도 추천했어요.,0
O00147,C0029,P0040,F0074,사료,셰퍼드,대형,39.2,성견,1.3,,,2026-07-14,1,2,양은 적당한데 곡물이 들어있어서 우리 아이한테는 살짝 안 맞았어요. 활동량 많은 대형견이라 이 정도는 순식간에 먹어요. 환불 문의했어요.,0
O00148,C0029,P0040,F0127,간식,셰퍼드,대형,39.2,성견,1.3,,,2026-08-10,1,3,이빨 약한 노령견용으로 부드러운 걸 찾았어요. 처음엔 잘 먹더니 물려하는지 요즘은 시큰둥해요. 무난하게 급여 중입니다ㅜㅜ,0
O00149,C0029,P0040,F0006,사료,셰퍼드,대형,39.2,성견,1.3,,,2026-08-11,3,4,"기존 사료 단종돼서 급하게 대체품 찾았어요. 처음엔 잘 먹더니 요즘은 시들해요, 그래도 소화는 잘 되는 것 같아요. 덩치가 커서 그런지 먹는 양도 많아요. 이 사료로 계속 갈 것 같아요.",1
O00150,C0030,P0041,F0118,간식,말티즈,소형,2.6,성견,4.9,,피부가 예민함,2025-07-22,2,4,잘 씹어 먹긴 하는데 양이 너무 적어서 금방 없어져요. 피부가 예민한 아이라 성분표를 꼼꼼히 봤는데 자극 없이 잘 맞았어요. 다른 맛도 사보려고요ㅎㅎ,0
O00151,C0030,P0041,F0048,사료,말티즈,소형,2.6,성견,4.9,,피부가 예민함,2025-08-06,2,1,곡물 알레르기 있어서 곡물프리로 알아보다 구매했어요. 적응 기간엔 잘 먹었는데 점점 흥미를 잃는 것 같아요. 재구매 의사 없어요.,0
O00152,C0030,P0041,F0163,간식,말티즈,소형,2.6,성견,4.9,,피부가 예민함,2025-09-12,1,1,산책 보상용으로 구매했어요. 냄새는 좋아하는데 막상 안 먹어요. 재구매 의사는 없어요.,0
O00153,C0030,P0041,F0160,간식,말티즈,소형,2.6,성견,4.9,,피부가 예민함,2025-10-18,1,4,미용 보상용으로 하나 사봤어요. 치석 제거 효과가 있는지 이빨이 깨끗해졌어요.,0
O00154,C0030,P0041,F0139,간식,말티즈,소형,2.6,성견,4.9,,피부가 예민함,2026-01-29,3,1,잘 먹긴 하는데 너무 딱딱해서 걱정돼요. 피부가 예민한 아이라 성분표를 꼼꼼히 봤는데 자극 없이 잘 맞았어요. 다른 브랜드로 바꿔보려고요~,0
O00155,C0030,P0041,F0025,사료,말티즈,소형,2.6,성견,4.9,,피부가 예민함,2026-07-01,2,2,처음엔 좀 먹더니 며칠 지나니 안 먹으려고 해요. 설사를 해서 바로 끊었어요. 피부가 예민한 아이라 성분표를 꼼꼼히 봤는데 자극 없이 잘 맞았어요.,1
O00156,C0030,P0042,F0093,사료,요크셔테리어,소형,3.9,성견,3.5,,,2025-10-14,1,4,대형견이라 그런지 사료값이 만만치 않아서 가성비 좋은 걸로 골랐어요. 변 색깔이랑 굳기가 딱 좋아요. 우리 아이가 정말 잘 먹어요. 재구매 예정입니다~,0
O00157,C0030,P0042,F0035,사료,요크셔테리어,소형,3.9,성견,3.5,,,2025-11-27,1,3,수의사 추천으로 바꿔봤어요. 기호성은 최고인데 며칠 먹이니 살짝 가려워하더라고요. 무난하게 급여 중입니다.,0
O00158,C0030,P0042,F0078,사료,요크셔테리어,소형,3.9,성견,3.5,,,2025-12-20,2,4,퍼피 전용으로 바꿔주려고 구매했어요. 사료 그릇을 핥아먹을 정도로 좋아해요. 효과가 좋아서 재구매 의사 있어요.,0
O00159,C0030,P0042,F0060,사료,요크셔테리어,소형,3.9,성견,3.5,,,2026-05-12,2,4,입질 심한 아이라 소화 잘되는 걸로 찾았어요. 잘 먹는 편인데 가끔 토를 해서 지켜보고 있어요. 소형견 특유의 예민한 장인데도 탈 없이 잘 먹어요. 이 사료로 계속 갈 것 같아요.,0
O00160,C0030,P0042,F0074,사료,요크셔테리어,소형,3.9,성견,3.5,,,2026-06-08,1,4,예민한 장 때문에 저자극 사료 찾던 중이었어요. 물에 불리지 않아도 잘 먹어요. 활력이 좋아진 것 같아요. 주변 강아지 친구들에게도 추천했어요.,0
O00161,C0030,P0042,F0187,간식,요크셔테리어,소형,3.9,성견,3.5,,,2026-07-15,1,3,훈련용으로 쓰려고 구매했어요. 잘 먹는데 부스러기가 너무 많이 떨어져요. 소형견이라 알갱이(크기)가 딱 맞아요. 그냥저냥 주고 있어요.,1
O00162,C0031,P0043,F0032,사료,보더콜리,중형,16.6,성견,4.3,,,2026-06-29,1,4,기존 사료 단종돼서 급하게 대체품 찾았어요. 소화가 잘 되는지 방귀 냄새도 줄었어요. 활동량이 있는 편이라 이 정도는 금방 먹어요. 강력 추천해요.,0
O00163,C0031,P0043,F0125,간식,보더콜리,중형,16.6,성견,4.3,,,2026-07-02,2,3,퍼피용 부드러운 간식 찾던 중이었어요. 나쁘지 않아요. 무난하게 급여 중입니다.,0
O00164,C0031,P0043,F0106,간식,보더콜리,중형,16.6,성견,4.3,,,2026-07-22,1,3,치석 관리용으로 알아보다 샀어요. 맛있게는 먹는데 가격이 좀 부담돼요. 그냥저냥 주고 있어요!!,0
O00165,C0031,P0043,F0007,사료,보더콜리,중형,16.6,성견,4.3,,,2026-07-25,1,5,다른 사료 다 먹여봤는데 이게 제일 잘 맞아서 재구매했어요. 맛은 있나 본데 변 냄새가 너무 독해졌어요. 활동량이 있는 편이라 이 정도는 금방 먹어요.,0
O00166,C0031,P0043,F0158,간식,보더콜리,중형,16.6,성견,4.3,,,2026-08-06,1,4,소형견용 작은 사이즈로 찾다가 발견했어요. 너무 딱딱하지 않아서 노령견도 잘 씹어요. 한 개 주면 더 달라고 계속 쳐다봐요. 훈련용으로 계속 재구매할 것 같아요.,0
O00167,C0031,P0043,F0110,간식,보더콜리,중형,16.6,성견,4.3,,,2026-08-10,1,1,새로운 맛 궁금해서 시켜봤어요. 크기가 너무 커서 소형견은 나눠줘야 해요. 너무 딱딱해서 잘 못 씹어요. 중형견이라 적당한 양인 것 같아요. 재구매 의사는 없어요.,1
O00168,C0031,P0044,F0015,사료,말티즈,소형,3.4,성견,2.6,,,2026-06-30,1,4,곡물 알레르기 있어서 곡물프리로 알아보다 구매했어요. 털에 윤기가 도는 게 눈에 보여요. 말티즈 특유로 까다롭게 골라 먹는 편인데 이건 잘 먹어요. 주변 강아지 친구들에게도 추천했어요.,0
O00169,C0031,P0044,F0125,간식,말티즈,소형,3.4,성견,2.6,,,2026-07-14,1,2,"심심할 때 주려고 대용량으로 샀어요. 생각보다 딱딱해서 이빨 약한 아이는 힘들어해요. 부스러기가 많이 떨어져서 청소가 번거로워요. 말티즈 특유로 까다롭게 골라 먹는 편인데 이건 잘 먹어요. 전혀 안 먹어요, 비추합니다.",0
O00170,C0031,P0044,F0055,사료,말티즈,소형,3.4,성견,2.6,,,2026-08-01,2,5,첫 사료라 고민 많이 하다가 골랐어요. 활력이 좋아진 것 같아요. 말티즈라 그런지 입이 짧아서 조금씩 자주 먹어요.,1
O00171,C0032,P0045,F0072,사료,웰시코기,중형,14.6,성견,6.8,,,2025-07-29,1,5,리뷰 좋길래 반신반의로 시켜봤어요. 물에 불리지 않아도 잘 먹어요. 편식하던 아이인데 이건 남김없이 먹어요. 중형견이라 적당한 양인 것 같아요ㅎㅎ,0
O00172,C0032,P0045,F0020,사료,웰시코기,중형,14.6,성견,6.8,,,2025-09-21,1,5,변 상태가 훨씬 단단해졌어요. 재구매 예정입니다.,0
O00173,C0032,P0045,F0044,사료,웰시코기,중형,14.6,성견,6.8,,,2026-01-29,1,4,동물병원에서 체중 관리용으로 추천받았어요. 잘 먹는데 사료 냄새가 집안에 좀 남아요. 효과가 좋아서 재구매 의사 있어요.,0
O00174,C0032,P0045,F0066,사료,웰시코기,중형,14.6,성견,6.8,,,2026-04-18,5,3,시니어 사료로 갈아탈 시기가 돼서 주문했어요. 그냥 그래요. 그럭저럭 먹고 있어요. 그럭저럭 먹이고 있어요.,0
O00175,C0032,P0045,F0041,사료,웰시코기,중형,14.6,성견,6.8,,,2026-04-23,2,1,"대용량으로 시켜봤어요. 다른 간식 섞어줘야 겨우 먹어요. 변이 좀 무르게 나와요. 전혀 안 먹어요, 비추합니다.",0
O00176,C0032,P0045,F0172,간식,웰시코기,중형,14.6,성견,6.8,,,2026-07-20,2,3,여행 갈 때 간식으로 챙기려고 샀어요. 특별한 건 없어요. 가격 대비 괜찮아요. 무난하게 급여 중입니다.,1
O00177,C0033,P0046,F0105,간식,보더콜리,중형,11.8,성견,1.1,,,2026-03-24,1,3,이빨 약한 노령견용으로 부드러운 걸 찾았어요. 좋아하긴 하는데 먹고 나서 변이 좀 물러요. 활동량이 워낙 많아서 그런지 이 정도 양은 금방 먹어요. 무난하게 급여 중입니다.,0
O00178,C0033,P0046,F0145,간식,보더콜리,중형,11.8,성견,1.1,,,2026-04-09,2,4,장난감 대신 씹을 거리로 골랐어요. 소분하기 좋게 포장돼 있어서 편해요. 활동량이 있는 편이라 이 정도는 금방 먹어요. 강아지들 사이에서 인기템이에요.,0
O00179,C0033,P0046,F0085,사료,보더콜리,중형,11.8,성견,1.1,,,2026-04-30,1,2,소형견이라 알갱이 작은 걸로 찾다가 발견했어요. 냄새는 맡는데 잘 안 먹어요. 변이 좀 무르게 나와요. 활동량이 있는 편이라 이 정도는 금방 먹어요.,0
O00180,C0033,P0046,F0118,간식,보더콜리,중형,11.8,성견,1.1,,,2026-05-20,1,5,다이어트 중이라 저칼로리 간식으로 골랐어요. 잘 먹는데 부스러기가 너무 많이 떨어져요. 효과가 좋아서 재구매 의사 있어요.,0
O00181,C0033,P0046,F0125,간식,보더콜리,중형,11.8,성견,1.1,,,2026-06-09,1,4,다이어트 중이라 저칼로리 간식으로 골랐어요. 냄새 맡자마자 자리에 앉아서 기다려요. 훈련할 때 반응이 확실히 좋아졌어요. 중형견이라 적당한 양인 것 같아요. 효과가 좋아서 재구매 의사 있어요.,0
O00182,C0033,P0046,F0180,간식,보더콜리,중형,11.8,성견,1.1,,,2026-07-04,2,1,장난감 대신 씹을 거리로 골랐어요. 처음만 좋아하고 그다음부턴 안 먹으려 해요. 과식했더니 토를 하더라고요.,1
O00183,C0034,P0047,F0074,사료,도베르만,대형,30.7,성견,5.5,,,2024-04-05,1,5,기호성은 좋은데 변이 자주 묽게 나와서 고민이에요. 강력 추천해요.,0
O00184,C0034,P0047,F0008,사료,도베르만,대형,30.7,성견,5.5,,,2024-05-03,1,5,입질 심한 아이라 소화 잘되는 걸로 찾았어요. 냄새를 맡자마자 좋아하더라고요. 근육량이 많은 아이라 단백질 함량을 꼼꼼히 봤는데 이 제품은 만족스러워요.,0
O00185,C0034,P0047,F0048,사료,도베르만,대형,30.7,성견,5.5,,,2025-03-11,1,4,우리 아이가 정말 잘 먹어요. 이 사료로 계속 갈 것 같아요!!,0
O00186,C0034,P0047,F0127,간식,도베르만,대형,30.7,성견,5.5,,,2026-05-14,1,3,소형견용 작은 사이즈로 찾다가 발견했어요. 그냥 그래요. 보통이에요. 그냥저냥 주고 있어요.,1
O00187,C0034,P0048,F0140,간식,포메라니안,소형,4.8,성견,6.2,,,2024-01-21,2,5,새로운 맛 궁금해서 시켜봤어요. 편식하는 아이도 이건 잘 먹어요. 너무 딱딱하지 않아서 노령견도 잘 씹어요. 다른 맛도 사보려고요.,1
O00188,C0035,P0049,F0191,간식,미니어처닥스훈트,소형,6.5,성견,2.9,,,2025-01-11,1,4,치석 관리용으로 알아보다 샀어요. 좋아하긴 하는데 며칠 먹이니 살짝 가려워하는 것 같아요. 입이 작은 아이라 한 번에 많이는 못 먹어요!!,0
O00189,C0035,P0049,F0024,사료,미니어처닥스훈트,소형,6.5,성견,2.9,,,2025-02-07,1,1,기존 사료 단종돼서 급하게 대체품 찾았어요. 먹는 건 좋아하는데 방귀 냄새가 심해졌어요. 다른 사료 알아보려고요ㅎㅎ,0
O00190,C0035,P0049,F0068,사료,미니어처닥스훈트,소형,6.5,성견,2.9,,,2026-04-19,2,3,수의사 추천으로 바꿔봤어요. 그냥 그래요. 가격 대비 괜찮아요. 입이 작은 아이라 한 번에 많이는 못 먹어요. 그럭저럭 먹이고 있어요.,1
O00191,C0036,P0050,F0051,사료,말티즈,소형,6.8,시니어,13.0,,,2025-02-22,1,3,예민한 장 때문에 저자극 사료 찾던 중이었어요. 나쁘지 않아요. 보통이에요.,0
O00192,C0036,P0050,F0045,사료,말티즈,소형,6.8,시니어,13.0,,,2025-05-01,1,5,대형견이라 그런지 사료값이 만만치 않아서 가성비 좋은 걸로 골랐어요. 양은 적당한데 곡물이 들어있어서 우리 아이한테는 살짝 안 맞았어요. 주변 강아지 친구들에게도 추천했어요.,0
O00193,C0036,P0050,F0008,사료,말티즈,소형,6.8,시니어,13.0,,,2025-06-11,1,5,동물병원에서 체중 관리용으로 추천받았어요. 냄새 맡고 좋아하긴 하는데 이상하게 살은 안 쪄요. 재구매 예정입니다.,0
O00194,C0036,P0050,F0105,간식,말티즈,소형,6.8,시니어,13.0,,,2025-11-06,3,5,훈련용으로 쓰려고 구매했어요. 편식하는 아이도 이건 잘 먹어요. 소분하기 좋게 포장돼 있어서 편해요. 강아지들 사이에서 인기템이에요.,1
O00195,C0037,P0051,F0149,간식,코커스패니얼,중형,11.6,성견,2.6,,관절이 약함,2024-12-26,1,4,훈련할 때 반응이 확실히 좋아졌어요. 한 개 주면 더 달라고 계속 쳐다봐요.,0
O00196,C0037,P0051,F0015,사료,코커스패니얼,중형,11.6,성견,2.6,,관절이 약함,2025-02-03,1,5,다른 사료 다 먹여봤는데 이게 제일 잘 맞아서 재구매했어요. 소화가 잘 되는지 방귀 냄새도 줄었어요. 그릇 비우는 속도가 달라졌어요. 활동량이 많은 편이라 잘 먹고 잘 뛰어놀아요. 이 사료로 계속 갈 것 같아요ㅜㅜ,0
O00197,C0037,P0051,F0106,간식,코커스패니얼,중형,11.6,성견,2.6,,관절이 약함,2025-08-28,1,4,심심할 때 주려고 대용량으로 샀어요. 많이 먹어도 속이 편한지 컨디션이 좋아요. 크기가 적당해서 소형견도 먹기 편해요.,0
O00198,C0037,P0051,F0045,사료,코커스패니얼,중형,11.6,성견,2.6,,관절이 약함,2026-07-30,1,4,곡물 알레르기 있어서 곡물프리로 알아보다 구매했어요. 장이 편안한지 컨디션이 좋아 보여요. 효과가 좋아서 재구매 의사 있어요.,1
O00199,C0037,P0052,F0004,사료,보더콜리,중형,15.0,성견,6.7,,,2024-09-10,2,4,시니어 사료로 갈아탈 시기가 돼서 주문했어요. 사료 그릇을 핥아먹을 정도로 좋아해요. 활동량이 워낙 많아서 그런지 이 정도 양은 금방 먹어요. 강력 추천해요!!,0
O00200,C0037,P0052,F0149,간식,보더콜리,중형,15.0,성견,6.7,,,2025-05-27,1,4,산책 보상용으로 구매했어요. 좋아하긴 하는데 먹고 나서 변이 좀 물러요. 훈련용으로 계속 재구매할 것 같아요.,0
O00201,C0037,P0052,F0039,사료,보더콜리,중형,15.0,성견,6.7,,,2025-10-22,1,5,퍼피 전용으로 바꿔주려고 구매했어요. 밥 시간마다 꼬리를 흔들면서 달려와요. 변 색깔이랑 굳기가 딱 좋아요. 활동량이 있는 편이라 이 정도는 금방 먹어요. 이 사료로 계속 갈 것 같아요.,0
O00202,C0037,P0052,F0161,간식,보더콜리,중형,15.0,성견,6.7,,,2026-07-18,2,5,치석 제거 효과가 있는지 이빨이 깨끗해졌어요. 활동량이 워낙 많아서 그런지 이 정도 양은 금방 먹어요ㅜㅜ,1
O00203,C0038,P0053,F0155,간식,보더콜리,중형,15.9,시니어,8.6,특정 단백질 민감,,2025-03-08,2,2,여행 갈 때 간식으로 챙기려고 샀어요. 몇 입 먹다가 흥미를 잃어요. 부스러기가 많이 떨어져서 청소가 번거로워요. 노령견이라 소화가 잘 되는지 걱정했는데 다행히 괜찮아요.,0
O00204,C0038,P0053,F0196,간식,보더콜리,중형,15.9,시니어,8.6,특정 단백질 민감,,2025-04-24,1,5,냄새 맡자마자 자리에 앉아서 기다려요. 손에 들자마자 꼬리 흔들며 달려와요. 활동량이 있는 편이라 이 정도는 금방 먹어요. 효과가 좋아서 재구매 의사 있어요.,0
O00205,C0038,P0053,F0041,사료,보더콜리,중형,15.9,시니어,8.6,특정 단백질 민감,,2026-02-19,1,4,털에 윤기가 도는 게 눈에 보여요. 편식하던 아이인데 이건 남김없이 먹어요. 재구매 예정입니다.,0
O00206,C0038,P0053,F0090,사료,보더콜리,중형,15.9,시니어,8.6,특정 단백질 민감,,2026-04-14,1,5,대용량으로 시켜봤어요. 잘 먹는 편인데 가끔 토를 해서 지켜보고 있어요. 주변 강아지 친구들에게도 추천했어요.,1
O00207,C0039,P0054,F0172,간식,말티즈,소형,5.7,성견,2.1,,,2024-01-18,1,5,퍼피용 부드러운 간식 찾던 중이었어요. 한 개 주면 더 달라고 계속 쳐다봐요. 소분하기 좋게 포장돼 있어서 편해요. 훈련용으로 계속 재구매할 것 같아요.,0
O00208,C0039,P0054,F0043,사료,말티즈,소형,5.7,성견,2.1,,,2024-10-09,1,2,소형견이라 알갱이 작은 걸로 찾다가 발견했어요. 그릇 앞에서 킁킁거리기만 하고 돌아서요. 냄새는 맡는데 잘 안 먹어요. 재구매 의사 없어요!!,1
O00209,C0039,P0055,F0158,간식,치와와,소형,6.9,성견,5.5,피부 알레르기 체질,,2023-12-30,1,3,미용 보상용으로 하나 사봤어요. 맛있게는 먹는데 가격이 좀 부담돼요. 예민한 편인 치와와인데 배탈 없이 잘 맞아요. 그냥저냥 주고 있어요.,0
O00210,C0039,P0055,F0083,사료,치와와,소형,6.9,성견,5.5,피부 알레르기 체질,,2024-03-26,1,4,물에 불리지 않아도 잘 먹어요. 그릇 비우는 속도가 달라졌어요. 예민한 편인 치와와인데 배탈 없이 잘 맞아요. 강력 추천해요.,0
O00211,C0039,P0055,F0173,간식,치와와,소형,6.9,성견,5.5,피부 알레르기 체질,,2024-10-29,1,5,이빨 약한 노령견용으로 부드러운 걸 찾았어요. 잘 씹어 먹긴 하는데 양이 너무 적어서 금방 없어져요. 예민한 편인 치와와인데 배탈 없이 잘 맞아요ㅎㅎ,0
O00212,C0039,P0055,F0168,간식,치와와,소형,6.9,성견,5.5,피부 알레르기 체질,,2025-03-12,1,5,여행 갈 때 간식으로 챙기려고 샀어요. 편식하는 아이도 이건 잘 먹어요. 입이 작은 아이라 한 번에 많이는 못 먹어요. 다른 맛도 사보려고요.,0
O00213,C0039,P0055,F0043,사료,치와와,소형,6.9,성견,5.5,피부 알레르기 체질,,2025-12-07,1,5,리뷰 좋길래 반신반의로 시켜봤어요. 우리 아이가 정말 잘 먹어요. 변 색깔이랑 굳기가 딱 좋아요. 효과가 좋아서 재구매 의사 있어요.,0
O00214,C0039,P0055,F0159,간식,치와와,소형,6.9,성견,5.5,피부 알레르기 체질,,2026-02-20,1,3,잘 먹긴 하는데 너무 딱딱해서 걱정돼요. 소형견이라 알갱이(크기)가 딱 맞아요. 무난하게 급여 중입니다.,1
O00215,C0040,P0056,F0081,사료,진돗개,대형,36.4,시니어,13.9,,,2026-02-25,1,5,첫 사료라 고민 많이 하다가 골랐어요. 밥 시간마다 꼬리를 흔들면서 달려와요. 사료 그릇을 핥아먹을 정도로 좋아해요. 대형견이라 그런지 양이 금방 줄어요. 재구매 예정입니다.,0
O00216,C0040,P0056,F0140,간식,진돗개,대형,36.4,시니어,13.9,,,2026-03-12,2,4,다이어트 중이라 저칼로리 간식으로 골랐어요. 너무 딱딱하지 않아서 노령견도 잘 씹어요. 노령견이라 소화가 잘 되는지 걱정했는데 다행히 괜찮아요. 강아지들 사이에서 인기템이에요ㅎㅎ,0
O00217,C0040,P0056,F0106,간식,진돗개,대형,36.4,시니어,13.9,,,2026-03-20,1,2,처음엔 잘 먹더니 물려하는지 요즘은 시큰둥해요. 다른 브랜드로 바꿔보려고요.,0
O00218,C0040,P0056,F0014,사료,진돗개,대형,36.4,시니어,13.9,,,2026-04-03,1,4,첫 사료라 고민 많이 하다가 골랐어요. 활력이 좋아진 것 같아요. 변 상태가 훨씬 단단해졌어요. 효과가 좋아서 재구매 의사 있어요.,0
O00219,C0040,P0056,F0124,간식,진돗개,대형,36.4,시니어,13.9,,,2026-05-11,1,4,냄새는 좋아하는데 크기가 커서 나눠줘야 해요. 진돗개 특유의 경계심 때문에 새 제품 적응이 오래 걸렸는데 지금은 잘 먹어요. 훈련용으로 계속 재구매할 것 같아요.,0
O00220,C0040,P0056,F0166,간식,진돗개,대형,36.4,시니어,13.9,,,2026-05-20,1,3,심심할 때 주려고 대용량으로 샀어요. 잘 먹는데 부스러기가 너무 많이 떨어져요. 무난하게 급여 중입니다.,1
O00221,C0041,P0057,F0034,사료,웰시코기,중형,11.8,퍼피,0.3,곡물 알레르기,,2025-02-19,1,3,퍼피 전용으로 바꿔주려고 구매했어요. 적응 기간엔 잘 먹었는데 점점 흥미를 잃는 것 같아요. 이갈이 시기라 씹는 걸 좋아해요. 무난하게 급여 중입니다.,0
O00222,C0041,P0057,F0085,사료,웰시코기,중형,11.8,퍼피,0.3,곡물 알레르기,,2025-08-30,1,5,소화가 잘 되는지 방귀 냄새도 줄었어요. 냄새를 맡자마자 좋아하더라고요. 다리가 짧아도 식욕은 왕성해서 순식간에 먹어치워요. 이 사료로 계속 갈 것 같아요.,1
O00223,C0042,P0058,F0023,사료,시츄,소형,3.1,성견,4.7,소고기 알레르기,,2025-08-14,1,4,소형견이라 알갱이 작은 걸로 찾다가 발견했어요. 장이 편안한지 컨디션이 좋아 보여요. 털에 윤기가 도는 게 눈에 보여요. 소형견이라 알갱이(크기)가 딱 맞아요. 주변 강아지 친구들에게도 추천했어요.,0
O00224,C0042,P0058,F0041,사료,시츄,소형,3.1,성견,4.7,소고기 알레르기,,2025-11-19,2,5,변 상태가 훨씬 단단해졌어요. 입이 짧은 시츄인데도 잘 먹어요.,1
O00225,C0043,P0059,F0078,사료,도베르만,대형,22.4,성견,2.8,특정 단백질 민감,,2026-02-16,2,5,동물병원에서 체중 관리용으로 추천받았어요. 우리 아이가 정말 잘 먹어요. 강력 추천해요ㅜㅜ,0
O00226,C0043,P0059,F0179,간식,도베르만,대형,22.4,성견,2.8,특정 단백질 민감,,2026-03-03,1,3,산책 보상용으로 구매했어요. 좋아하긴 하는데 며칠 먹이니 살짝 가려워하는 것 같아요ㅜㅜ,0
O00227,C0043,P0059,F0006,사료,도베르만,대형,22.4,성견,2.8,특정 단백질 민감,,2026-03-15,2,3,리뷰 좋길래 반신반의로 시켜봤어요. 그럭저럭 먹고 있어요. 특별히 좋지도 나쁘지도 않아요. 눈 주위가 붉어져서 급하게 중단했어요. 그럭저럭 먹이고 있어요.,0
O00228,C0043,P0059,F0165,간식,도베르만,대형,22.4,성견,2.8,특정 단백질 민감,,2026-08-11,1,5,치석 관리용으로 알아보다 샀어요. 많이 먹어도 속이 편한지 컨디션이 좋아요. 냄새 맡자마자 자리에 앉아서 기다려요. 근육량이 많은 아이라 단백질 함량을 꼼꼼히 봤는데 이 제품은 만족스러워요.,1
O00229,C0044,P0060,F0081,사료,포메라니안,소형,6.1,성견,3.7,,관절이 약함,2024-07-02,1,5,대형견이라 그런지 사료값이 만만치 않아서 가성비 좋은 걸로 골랐어요. 변 색깔이랑 굳기가 딱 좋아요. 그릇 비우는 속도가 달라졌어요. 재구매 예정입니다.,0
O00230,C0044,P0060,F0189,간식,포메라니안,소형,6.1,성견,3.7,,관절이 약함,2024-12-15,2,4,장난감 대신 씹을 거리로 골랐어요. 훈련할 때 반응이 확실히 좋아졌어요.,0
O00231,C0044,P0060,F0060,사료,포메라니안,소형,6.1,성견,3.7,,관절이 약함,2025-11-15,1,2,다른 사료 다 먹여봤는데 이게 제일 잘 맞아서 재구매했어요. 맛은 있나 본데 변 냄새가 너무 독해졌어요.,0
O00232,C0044,P0060,F0019,사료,포메라니안,소형,6.1,성견,3.7,,관절이 약함,2026-02-19,1,5,입질 심한 아이라 소화 잘되는 걸로 찾았어요. 활력이 좋아진 것 같아요. 소화가 잘 되는지 방귀 냄새도 줄었어요. 이 사료로 계속 갈 것 같아요.,1
O00233,C0045,P0061,F0007,사료,진돗개,대형,26.0,성견,2.0,,,2026-07-04,1,5,대용량으로 시켜봤어요. 냄새를 맡자마자 좋아하더라고요. 편식하던 아이인데 이건 남김없이 먹어요.,1
O00234,C0045,P0062,F0017,사료,미니어처닥스훈트,소형,4.0,성견,5.8,,,2025-05-19,1,5,장이 편안한지 컨디션이 좋아 보여요. 사료 그릇을 핥아먹을 정도로 좋아해요. 소형견이라 알갱이(크기)가 딱 맞아요. 효과가 좋아서 재구매 의사 있어요.,0
O00235,C0045,P0062,F0011,사료,미니어처닥스훈트,소형,4.0,성견,5.8,,,2025-07-16,2,3,기존 사료 단종돼서 급하게 대체품 찾았어요. 무난하게 먹입니다. 무난하게 급여 중입니다~,0
O00236,C0045,P0062,F0122,간식,미니어처닥스훈트,소형,4.0,성견,5.8,,,2025-08-20,1,5,미용 보상용으로 하나 사봤어요. 손에 들자마자 꼬리 흔들며 달려와요. 크기가 적당해서 소형견도 먹기 편해요. 다른 맛도 사보려고요.,0
O00237,C0045,P0062,F0011,사료,미니어처닥스훈트,소형,4.0,성견,5.8,,,2025-11-16,1,5,수의사 추천으로 바꿔봤어요. 물에 불리지 않아도 잘 먹어요. 소형견이라 알갱이(크기)가 딱 맞아요. 주변 강아지 친구들에게도 추천했어요.,0
O00238,C0045,P0062,F0143,간식,미니어처닥스훈트,소형,4.0,성견,5.8,,,2025-12-08,2,1,"퍼피용 부드러운 간식 찾던 중이었어요. 냄새는 좋아하는데 크기가 커서 나눠줘야 해요. 전혀 안 먹어요, 비추합니다.",0
O00239,C0045,P0062,F0013,사료,미니어처닥스훈트,소형,4.0,성견,5.8,,,2026-07-08,2,5,밥 시간마다 꼬리를 흔들면서 달려와요. 우리 아이가 정말 잘 먹어요. 강력 추천해요!!,1
O00240,C0045,P0063,F0149,간식,비숑프리제,소형,4.0,시니어,10.3,,,2025-05-21,5,5,이빨 약한 노령견용으로 부드러운 걸 찾았어요. 치석 제거 효과가 있는지 이빨이 깨끗해졌어요. 강아지들 사이에서 인기템이에요.,0
O00241,C0045,P0063,F0040,사료,비숑프리제,소형,4.0,시니어,10.3,,,2025-06-27,1,5,곡물 알레르기 있어서 곡물프리로 알아보다 구매했어요. 냄새를 맡자마자 좋아하더라고요. 소화가 잘 되는지 방귀 냄새도 줄었어요. 재구매 예정입니다.,0
O00242,C0045,P0063,F0186,간식,비숑프리제,소형,4.0,시니어,10.3,,,2026-07-15,1,5,새로운 맛 궁금해서 시켜봤어요. 소분하기 좋게 포장돼 있어서 편해요. 크기가 적당해서 소형견도 먹기 편해요ㅜㅜ,1
O00243,C0046,P0064,F0174,간식,웰시코기,중형,13.2,성견,1.7,,,2026-08-06,1,3,훈련용으로 쓰려고 구매했어요. 잘 먹긴 하는데 너무 딱딱해서 걱정돼요.,0
O00244,C0046,P0064,F0065,사료,웰시코기,중형,13.2,성견,1.7,,,2026-08-09,1,3,시니어 사료로 갈아탈 시기가 돼서 주문했어요. 잘 먹기는 하는데 변이 좀 무르게 나와요. 다리가 짧아도 식욕은 왕성해서 순식간에 먹어치워요. 무난하게 급여 중입니다.,0
O00245,C0046,P0064,F0019,사료,웰시코기,중형,13.2,성견,1.7,,,2026-08-09,1,5,물에 불리지 않아도 잘 먹어요.,1
O00246,C0046,P0065,F0022,사료,시츄,소형,3.2,시니어,11.4,소고기 알레르기,,2026-08-06,1,4,활력이 좋아진 것 같아요.,0
O00247,C0046,P0065,F0032,사료,시츄,소형,3.2,시니어,11.4,소고기 알레르기,,2026-08-07,1,5,그릇 비우는 속도가 달라졌어요. 밥 시간마다 꼬리를 흔들면서 달려와요. 이빨이 약해진 나이라 부드러운 걸 좋아해요.,0
O00248,C0046,P0065,F0157,간식,시츄,소형,3.2,시니어,11.4,소고기 알레르기,,2026-08-09,1,2,소형견용 작은 사이즈로 찾다가 발견했어요. 좋아하긴 하는데 먹고 나서 변이 좀 물러요. 재구매 의사는 없어요.,0
O00249,C0046,P0065,F0189,간식,시츄,소형,3.2,시니어,11.4,소고기 알레르기,,2026-08-09,1,5,심심할 때 주려고 대용량으로 샀어요. 훈련할 때 반응이 확실히 좋아졌어요. 편식하는 아이도 이건 잘 먹어요. 노령견이라 소화가 잘 되는지 걱정했는데 다행히 괜찮아요. 효과가 좋아서 재구매 의사 있어요.,0
O00250,C0046,P0065,F0062,사료,시츄,소형,3.2,시니어,11.4,소고기 알레르기,,2026-08-11,2,4,예민한 장 때문에 저자극 사료 찾던 중이었어요. 사료 그릇을 핥아먹을 정도로 좋아해요.,0
O00251,C0046,P0065,F0018,사료,시츄,소형,3.2,시니어,11.4,소고기 알레르기,,2026-08-11,1,3,수의사 추천으로 바꿔봤어요. 무난하게 먹입니다. 귀를 자꾸 털길래 알레르기인가 싶어요. 눈물자국이 줄어든 것 같기도 해요.,1
O00252,C0047,P0066,F0166,간식,시바견,중형,8.3,성견,5.0,,,2024-11-27,1,4,한 개 주면 더 달라고 계속 쳐다봐요. 강아지들 사이에서 인기템이에요.,0
O00253,C0047,P0066,F0055,사료,시바견,중형,8.3,성견,5.0,,,2025-10-22,1,4,첫 사료라 고민 많이 하다가 골랐어요. 장이 편안한지 컨디션이 좋아 보여요. 중형견이라 적당한 양인 것 같아요.,0
O00254,C0047,P0066,F0136,간식,시바견,중형,8.3,성견,5.0,,,2026-04-20,1,4,퍼피용 부드러운 간식 찾던 중이었어요. 잘 씹어 먹긴 하는데 양이 너무 적어서 금방 없어져요. 활동량이 있는 편이라 이 정도는 금방 먹어요.,1
O00255,C0048,P0067,F0152,간식,도베르만,대형,37.1,시니어,12.0,,,2025-12-30,2,4,맛있게는 먹는데 가격이 좀 부담돼요. 대형견이라 그런지 양이 금방 줄어요. 효과가 좋아서 재구매 의사 있어요.,0
O00256,C0048,P0067,F0130,간식,도베르만,대형,37.1,시니어,12.0,,,2026-04-20,2,5,산책 보상용으로 구매했어요. 많이 먹어도 속이 편한지 컨디션이 좋아요. 냄새 맡자마자 자리에 앉아서 기다려요. 덩치가 커서 그런지 먹는 양도 많아요. 훈련용으로 계속 재구매할 것 같아요.,0
O00257,C0048,P0067,F0015,사료,도베르만,대형,37.1,시니어,12.0,,,2026-05-24,1,4,리뷰 좋길래 반신반의로 시켜봤어요. 털에 윤기가 도는 게 눈에 보여요. 편식하던 아이인데 이건 남김없이 먹어요. 노령견이라 소화가 잘 되는지 걱정했는데 다행히 괜찮아요. 효과가 좋아서 재구매 의사 있어요.,1
O00258,C0049,P0068,F0100,사료,비숑프리제,소형,2.3,성견,2.0,,,2026-02-09,1,3,시니어 사료로 갈아탈 시기가 돼서 주문했어요. 가격은 좀 있는데 그만큼 잘 먹어서 만족해요. 그럭저럭 먹이고 있어요.,0
O00259,C0049,P0068,F0003,사료,비숑프리제,소형,2.3,성견,2.0,,,2026-04-09,1,3,"소형견이라 알갱이 작은 걸로 찾다가 발견했어요. 처음엔 잘 먹더니 요즘은 시들해요, 그래도 소화는 잘 되는 것 같아요~",1
O00260,C0049,P0069,F0189,간식,요크셔테리어,소형,6.2,시니어,13.1,,치아가 약함,2025-08-14,1,2,처음엔 잘 먹더니 물려하는지 요즘은 시큰둥해요. 재구매 의사는 없어요.,1
O00261,C0050,P0070,F0200,간식,보더콜리,중형,18.2,성견,1.1,,,2025-01-17,1,5,여행 갈 때 간식으로 챙기려고 샀어요. 손에 들자마자 꼬리 흔들며 달려와요. 너무 딱딱하지 않아서 노령견도 잘 씹어요.,0
O00262,C0050,P0070,F0175,간식,보더콜리,중형,18.2,성견,1.1,,,2025-10-01,2,5,치석 관리용으로 알아보다 샀어요. 치석 제거 효과가 있는지 이빨이 깨끗해졌어요. 활동량이 워낙 많아서 그런지 이 정도 양은 금방 먹어요. 다른 맛도 사보려고요.,0
O00263,C0050,P0070,F0038,사료,보더콜리,중형,18.2,성견,1.1,,,2026-04-14,3,4,입질 심한 아이라 소화 잘되는 걸로 찾았어요. 먹는 건 좋아하는데 방귀 냄새가 심해졌어요. 활동량이 있는 편이라 이 정도는 금방 먹어요. 주변 강아지 친구들에게도 추천했어요.,1
O00264,C0050,P0071,F0151,간식,비숑프리제,소형,2.4,성견,4.2,곡물 알레르기,,2023-12-17,1,4,다이어트 중이라 저칼로리 간식으로 골랐어요. 잘 먹는데 부스러기가 너무 많이 떨어져요. 다른 맛도 사보려고요.,0
O00265,C0050,P0071,F0046,사료,비숑프리제,소형,2.4,성견,4.2,곡물 알레르기,,2026-07-03,1,5,동물병원에서 체중 관리용으로 추천받았어요. 변 색깔이랑 굳기가 딱 좋아요. 입이 작은 아이라 한 번에 많이는 못 먹어요. 강력 추천해요ㅎㅎ,0
O00266,C0050,P0071,F0071,사료,비숑프리제,소형,2.4,성견,4.2,곡물 알레르기,,2026-07-06,2,1,대형견이라 그런지 사료값이 만만치 않아서 가성비 좋은 걸로 골랐어요. 입맛에 안 맞는지 자꾸 남겨요. 가스가 심해진 것 같아요. 다른 사료 알아보려고요.,1
O00267,C0051,P0072,F0126,간식,허스키,대형,24.9,성견,5.2,특정 단백질 민감,,2023-12-20,2,5,소형견용 작은 사이즈로 찾다가 발견했어요. 많이 먹어도 속이 편한지 컨디션이 좋아요. 크기가 적당해서 소형견도 먹기 편해요. 효과가 좋아서 재구매 의사 있어요.,0
O00268,C0051,P0072,F0055,사료,허스키,대형,24.9,성견,5.2,특정 단백질 민감,,2024-03-15,1,5,대용량으로 시켜봤어요. 변 상태가 훨씬 단단해졌어요. 장이 편안한지 컨디션이 좋아 보여요. 대형견이라 그런지 양이 금방 줄어요.,0
O00269,C0051,P0072,F0025,사료,허스키,대형,24.9,성견,5.2,특정 단백질 민감,,2024-09-11,1,4,기존 사료 단종돼서 급하게 대체품 찾았어요. 물에 불리지 않아도 잘 먹어요. 이 사료로 계속 갈 것 같아요.,0
O00270,C0051,P0072,F0148,간식,허스키,대형,24.9,성견,5.2,특정 단백질 민감,,2025-06-29,1,5,새로운 맛 궁금해서 시켜봤어요. 소분하기 좋게 포장돼 있어서 편해요. 손에 들자마자 꼬리 흔들며 달려와요. 대형견이라 그런지 양이 금방 줄어요. 훈련용으로 계속 재구매할 것 같아요.,0
O00271,C0051,P0072,F0024,사료,허스키,대형,24.9,성견,5.2,특정 단백질 민감,,2025-07-10,1,4,퍼피 전용으로 바꿔주려고 구매했어요. 냄새를 맡자마자 좋아하더라고요. 대형견이라 그런지 양이 금방 줄어요. 주변 강아지 친구들에게도 추천했어요ㅜㅜ,0
O00272,C0051,P0072,F0024,사료,허스키,대형,24.9,성견,5.2,특정 단백질 민감,,2026-04-23,1,4,그릇 비우는 속도가 달라졌어요. 소화가 잘 되는지 방귀 냄새도 줄었어요. 털갈이가 심한 아이인데 피모 상태가 좋아진 것 같아요. 효과가 좋아서 재구매 의사 있어요.,1
O00273,C0052,P0073,F0172,간식,프렌치불독,중형,9.6,퍼피,0.9,피부 알레르기 체질,,2025-08-28,1,3,훈련용으로 쓰려고 구매했어요. 잘 씹어 먹긴 하는데 양이 너무 적어서 금방 없어져요. 이갈이 시기라 씹는 걸 좋아해요. 그냥저냥 주고 있어요.,0
O00274,C0052,P0073,F0127,간식,프렌치불독,중형,9.6,퍼피,0.9,피부 알레르기 체질,,2026-07-10,1,4,이빨 약한 노령견용으로 부드러운 걸 찾았어요. 치석 제거 효과가 있는지 이빨이 깨끗해졌어요. 강아지들 사이에서 인기템이에요.,1
O00275,C0052,P0074,F0072,사료,허스키,대형,33.5,성견,3.1,,,2025-12-10,1,5,밥 시간마다 꼬리를 흔들면서 달려와요. 우리 아이가 정말 잘 먹어요. 덩치가 커서 그런지 먹는 양도 많아요. 이 사료로 계속 갈 것 같아요.,0
O00276,C0052,P0074,F0141,간식,허스키,대형,33.5,성견,3.1,,,2025-12-26,1,4,미용 보상용으로 하나 사봤어요. 맛있게는 먹는데 가격이 좀 부담돼요. 다른 맛도 사보려고요.,0
O00277,C0052,P0074,F0107,간식,허스키,대형,33.5,성견,3.1,,,2026-01-15,1,4,장난감 대신 씹을 거리로 골랐어요. 냄새 맡자마자 자리에 앉아서 기다려요. 훈련할 때 반응이 확실히 좋아졌어요. 효과가 좋아서 재구매 의사 있어요.,0
O00278,C0052,P0074,F0097,사료,허스키,대형,33.5,성견,3.1,,,2026-02-24,2,3,가격 대비 괜찮아요. 특별히 좋지도 나쁘지도 않아요.,1
O00279,C0053,P0075,F0171,간식,진돗개,대형,21.7,성견,1.1,,,2025-02-09,1,5,편식하는 아이도 이건 잘 먹어요. 한 개 주면 더 달라고 계속 쳐다봐요. 진돗개 특유의 경계심 때문에 새 제품 적응이 오래 걸렸는데 지금은 잘 먹어요. 훈련용으로 계속 재구매할 것 같아요.,0
O00280,C0053,P0075,F0050,사료,진돗개,대형,21.7,성견,1.1,,,2025-08-10,1,3,다른 사료 다 먹여봤는데 이게 제일 잘 맞아서 재구매했어요. 그럭저럭 먹고 있어요. 나쁘지 않아요. 진돗개 특유의 경계심 때문에 새 제품 적응이 오래 걸렸는데 지금은 잘 먹어요. 무난하게 급여 중입니다.,0
O00281,C0053,P0075,F0126,간식,진돗개,대형,21.7,성견,1.1,,,2025-12-09,1,4,너무 딱딱하지 않아서 노령견도 잘 씹어요. 훈련할 때 반응이 확실히 좋아졌어요. 강아지들 사이에서 인기템이에요.,1
O00282,C0054,P0076,F0190,간식,웰시코기,중형,12.4,성견,5.4,,,2026-06-24,2,5,산책 보상용으로 구매했어요. 너무 딱딱하지 않아서 노령견도 잘 씹어요. 다른 맛도 사보려고요ㅜㅜ,0
O00283,C0054,P0076,F0139,간식,웰시코기,중형,12.4,성견,5.4,,,2026-07-03,2,5,훈련용으로 쓰려고 구매했어요. 많이 먹어도 속이 편한지 컨디션이 좋아요. 치석 제거 효과가 있는지 이빨이 깨끗해졌어요. 강아지들 사이에서 인기템이에요.,0
O00284,C0054,P0076,F0052,사료,웰시코기,중형,12.4,성견,5.4,,,2026-08-11,1,3,예민한 장 때문에 저자극 사료 찾던 중이었어요. 기호성은 최고인데 며칠 먹이니 살짝 가려워하더라고요. 그럭저럭 먹이고 있어요.,1
O00285,C0055,P0077,F0087,사료,골든리트리버,대형,34.8,성견,4.1,,,2026-07-04,3,4,사료 그릇을 핥아먹을 정도로 좋아해요.,0
O00286,C0055,P0077,F0003,사료,골든리트리버,대형,34.8,성견,4.1,,,2026-07-20,1,4,곡물 알레르기 있어서 곡물프리로 알아보다 구매했어요. 활력이 좋아진 것 같아요. 재구매 예정입니다.,0
O00287,C0055,P0077,F0059,사료,골든리트리버,대형,34.8,성견,4.1,,,2026-07-21,1,4,다른 사료 다 먹여봤는데 이게 제일 잘 맞아서 재구매했어요. 잘 먹는데 사료 냄새가 집안에 좀 남아요.,0
O00288,C0055,P0077,F0034,사료,골든리트리버,대형,34.8,성견,4.1,,,2026-07-28,1,4,편식하던 아이인데 이건 남김없이 먹어요. 변 색깔이랑 굳기가 딱 좋아요. 강력 추천해요~,1
O00289,C0055,P0078,F0047,사료,셰퍼드,대형,22.7,성견,4.1,,,2026-07-13,1,3,그냥 그래요. 대형견이라 그런지 양이 금방 줄어요. 그럭저럭 먹이고 있어요.,0
O00290,C0055,P0078,F0139,간식,셰퍼드,대형,22.7,성견,4.1,,,2026-07-24,2,4,미용 보상용으로 하나 사봤어요. 한 개 주면 더 달라고 계속 쳐다봐요. 소분하기 좋게 포장돼 있어서 편해요. 대형견이라 그런지 양이 금방 줄어요.,1
O00291,C0055,P0079,F0040,사료,치와와,소형,2.4,성견,5.8,,,2026-07-11,1,4,대형견이라 그런지 사료값이 만만치 않아서 가성비 좋은 걸로 골랐어요. 털에 윤기가 도는 게 눈에 보여요. 변 상태가 훨씬 단단해졌어요. 재구매 예정입니다.,0
O00292,C0055,P0079,F0099,사료,치와와,소형,2.4,성견,5.8,,,2026-07-12,1,5,곡물 알레르기 있어서 곡물프리로 알아보다 구매했어요. 활력이 좋아진 것 같아요.,1
O00293,C0056,P0080,F0034,사료,셰퍼드,대형,30.9,성견,1.6,,,2025-07-03,1,4,털에 윤기가 도는 게 눈에 보여요. 소화가 잘 되는지 방귀 냄새도 줄었어요. 강력 추천해요~,0
O00294,C0056,P0080,F0009,사료,셰퍼드,대형,30.9,성견,1.6,,,2025-07-03,3,4,대용량으로 시켜봤어요. 장이 편안한지 컨디션이 좋아 보여요ㅜㅜ,0
O00295,C0056,P0080,F0162,간식,셰퍼드,대형,30.9,성견,1.6,,,2026-05-06,3,5,퍼피용 부드러운 간식 찾던 중이었어요. 편식하는 아이도 이건 잘 먹어요. 덩치가 커서 그런지 먹는 양도 많아요.,0
O00296,C0056,P0080,F0149,간식,셰퍼드,대형,30.9,성견,1.6,,,2026-07-12,5,4,이빨 약한 노령견용으로 부드러운 걸 찾았어요. 냄새 맡자마자 자리에 앉아서 기다려요. 손에 들자마자 꼬리 흔들며 달려와요. 훈련용으로 계속 재구매할 것 같아요.,1
O00297,C0057,P0081,F0126,간식,포메라니안,소형,4.1,시니어,8.8,,,2025-09-16,1,3,여행 갈 때 간식으로 챙기려고 샀어요. 무난하게 주고 있어요. 나쁘지 않아요. 이빨이 약해진 나이라 부드러운 걸 좋아해요. 무난하게 급여 중입니다ㅜㅜ,0
O00298,C0057,P0081,F0109,간식,포메라니안,소형,4.1,시니어,8.8,,,2025-11-02,2,3,다이어트 중이라 저칼로리 간식으로 골랐어요. 무난하게 주고 있어요. 보통이에요. 이빨이 약해진 나이라 부드러운 걸 좋아해요. 그냥저냥 주고 있어요.,0
O00299,C0057,P0081,F0027,사료,포메라니안,소형,4.1,시니어,8.8,,,2026-05-19,1,4,기존 사료 단종돼서 급하게 대체품 찾았어요. 기호성은 좋은데 변이 자주 묽게 나와서 고민이에요. 노령견이라 소화가 잘 되는지 걱정했는데 다행히 괜찮아요. 주변 강아지 친구들에게도 추천했어요.,1
O00300,C0057,P0082,F0145,간식,보더콜리,중형,13.9,성견,6.0,,,2025-11-01,1,2,새로운 맛 궁금해서 시켜봤어요. 냄새는 좋아하는데 막상 안 먹어요. 생각보다 딱딱해서 이빨 약한 아이는 힘들어해요.,0
O00301,C0057,P0082,F0134,간식,보더콜리,중형,13.9,성견,6.0,,,2026-01-03,1,4,장난감 대신 씹을 거리로 골랐어요. 크기가 적당해서 소형견도 먹기 편해요. 소분하기 좋게 포장돼 있어서 편해요. 효과가 좋아서 재구매 의사 있어요.,0
O00302,C0057,P0082,F0188,간식,보더콜리,중형,13.9,성견,6.0,,,2026-04-16,1,4,소형견용 작은 사이즈로 찾다가 발견했어요. 너무 딱딱하지 않아서 노령견도 잘 씹어요. 훈련할 때 반응이 확실히 좋아졌어요. 강아지들 사이에서 인기템이에요.,0
O00303,C0057,P0082,F0027,사료,보더콜리,중형,13.9,성견,6.0,,,2026-04-28,1,5,우리 아이가 정말 잘 먹어요. 사료 그릇을 핥아먹을 정도로 좋아해요.,1
O00304,C0058,P0083,F0084,사료,포메라니안,소형,2.8,성견,6.9,,,2025-07-07,3,2,시니어 사료로 갈아탈 시기가 돼서 주문했어요. 맛은 있나 본데 변 냄새가 너무 독해졌어요. 환불 문의했어요.,0
O00305,C0058,P0083,F0081,사료,포메라니안,소형,2.8,성견,6.9,,,2025-07-17,1,4,밥 시간마다 꼬리를 흔들면서 달려와요. 그릇 비우는 속도가 달라졌어요. 입이 작은 아이라 한 번에 많이는 못 먹어요. 효과가 좋아서 재구매 의사 있어요ㅜㅜ,0
O00306,C0058,P0083,F0056,사료,포메라니안,소형,2.8,성견,6.9,,,2025-09-02,2,3,기호성은 최고인데 며칠 먹이니 살짝 가려워하더라고요. 입이 작은 아이라 한 번에 많이는 못 먹어요.,0
O00307,C0058,P0083,F0094,사료,포메라니안,소형,2.8,성견,6.9,,,2025-09-04,1,2,"첫 사료라 고민 많이 하다가 골랐어요. 변 냄새가 심해졌어요. 설사를 해서 바로 끊었어요. 소형견이라 알갱이(크기)가 딱 맞아요. 전혀 안 먹어요, 비추합니다.",0
O00308,C0058,P0083,F0081,사료,포메라니안,소형,2.8,성견,6.9,,,2025-10-01,2,4,소형견이라 알갱이 작은 걸로 찾다가 발견했어요. 편식하던 아이인데 이건 남김없이 먹어요. 이 사료로 계속 갈 것 같아요.,0
O00309,C0058,P0083,F0015,사료,포메라니안,소형,2.8,성견,6.9,,,2025-10-31,1,3,잘 먹기는 하는데 변이 좀 무르게 나와요. 입이 작은 아이라 한 번에 많이는 못 먹어요. 무난하게 급여 중입니다ㅜㅜ,0
O00310,C0058,P0083,F0092,사료,포메라니안,소형,2.8,성견,6.9,,,2026-06-29,1,3,가격은 좀 있는데 그만큼 잘 먹어서 만족해요. 소형견이라 알갱이(크기)가 딱 맞아요. 무난하게 급여 중입니다.,0
O00311,C0058,P0083,F0078,사료,포메라니안,소형,2.8,성견,6.9,,,2026-07-16,1,5,수의사 추천으로 바꿔봤어요. 물에 불리지 않아도 잘 먹어요. 냄새를 맡자마자 좋아하더라고요. 포메라니안 특유로 소식하는 편이라 그런지 조금씩 남겨요. 강력 추천해요.,1
O00312,C0058,P0084,F0009,사료,도베르만,대형,31.9,시니어,13.2,,,2025-03-30,1,4,입질 심한 아이라 소화 잘되는 걸로 찾았어요. 변 상태가 훨씬 단단해졌어요. 변 색깔이랑 굳기가 딱 좋아요. 노령견이라 소화가 잘 되는지 걱정했는데 다행히 괜찮아요. 효과가 좋아서 재구매 의사 있어요.,0
O00313,C0058,P0084,F0192,간식,도베르만,대형,31.9,시니어,13.2,,,2025-09-20,1,3,그냥 그래요. 나쁘지 않아요. 그냥저냥 주고 있어요.,0
O00314,C0058,P0084,F0173,간식,도베르만,대형,31.9,시니어,13.2,,,2026-07-15,1,5,치석 관리용으로 알아보다 샀어요. 한 개 주면 더 달라고 계속 쳐다봐요. 많이 먹어도 속이 편한지 컨디션이 좋아요. 다른 맛도 사보려고요.,1
O00315,C0059,P0085,F0067,사료,래브라도리트리버,대형,26.1,성견,3.1,,,2026-05-11,1,4,잘 먹는 편인데 가끔 토를 해서 지켜보고 있어요. 재구매 예정입니다ㅜㅜ,0
O00316,C0059,P0085,F0048,사료,래브라도리트리버,대형,26.1,성견,3.1,,,2026-07-09,1,4,예민한 장 때문에 저자극 사료 찾던 중이었어요. 냄새를 맡자마자 좋아하더라고요. 식탐이 많은 아이라 순식간에 다 먹어요. 이 사료로 계속 갈 것 같아요.,0
O00317,C0059,P0085,F0194,간식,래브라도리트리버,대형,26.1,성견,3.1,,,2026-07-26,1,5,심심할 때 주려고 대용량으로 샀어요. 냄새 맡자마자 자리에 앉아서 기다려요. 손에 들자마자 꼬리 흔들며 달려와요. 효과가 좋아서 재구매 의사 있어요.,1
O00318,C0060,P0086,F0158,간식,치와와,소형,5.4,성견,4.7,,,2026-06-30,2,5,치석 제거 효과가 있는지 이빨이 깨끗해졌어요. 훈련용으로 계속 재구매할 것 같아요.,0
O00319,C0060,P0086,F0138,간식,치와와,소형,5.4,성견,4.7,,,2026-07-12,1,3,심심할 때 주려고 대용량으로 샀어요. 가격 대비 괜찮아요. 특별한 건 없어요. 무난하게 급여 중입니다ㅎㅎ,0
O00320,C0060,P0086,F0194,간식,치와와,소형,5.4,성견,4.7,,,2026-07-22,1,5,다이어트 중이라 저칼로리 간식으로 골랐어요. 처음엔 잘 먹더니 물려하는지 요즘은 시큰둥해요. 예민한 편인 치와와인데 배탈 없이 잘 맞아요. 다른 맛도 사보려고요.,1
O00321,C0060,P0087,F0019,사료,비숑프리제,소형,6.4,퍼피,0.7,,,2026-07-04,1,3,"처음엔 잘 먹더니 요즘은 시들해요, 그래도 소화는 잘 되는 것 같아요.",0
O00322,C0060,P0087,F0047,사료,비숑프리제,소형,6.4,퍼피,0.7,,,2026-07-23,1,5,리뷰 좋길래 반신반의로 시켜봤어요. 우리 아이가 정말 잘 먹어요. 입이 작은 아이라 한 번에 많이는 못 먹어요. 주변 강아지 친구들에게도 추천했어요.,1
O00323,C0061,P0088,F0153,간식,말티즈,소형,4.4,퍼피,0.5,,,2026-03-28,1,3,미용 보상용으로 하나 사봤어요. 냄새는 좋아하는데 크기가 커서 나눠줘야 해요. 무난하게 급여 중입니다.,0
O00324,C0061,P0088,F0061,사료,말티즈,소형,4.4,퍼피,0.5,,,2026-04-22,1,4,퍼피 전용으로 바꿔주려고 구매했어요. 활력이 좋아진 것 같아요. 장이 편안한지 컨디션이 좋아 보여요.,0
O00325,C0061,P0088,F0178,간식,말티즈,소형,4.4,퍼피,0.5,,,2026-06-12,1,4,치석 관리용으로 알아보다 샀어요. 편식하는 아이도 이건 잘 먹어요. 크기가 적당해서 소형견도 먹기 편해요.,0
O00326,C0061,P0088,F0009,사료,말티즈,소형,4.4,퍼피,0.5,,,2026-08-05,1,3,동물병원에서 체중 관리용으로 추천받았어요. 냄새 맡고 좋아하긴 하는데 이상하게 살은 안 쪄요.,1
O00327,C0062,P0089,F0042,사료,진돗개,대형,35.4,성견,2.1,,,2025-02-15,1,4,시니어 사료로 갈아탈 시기가 돼서 주문했어요. 편식하던 아이인데 이건 남김없이 먹어요. 소화가 잘 되는지 방귀 냄새도 줄었어요. 진돗개 특유의 경계심 때문에 새 제품 적응이 오래 걸렸는데 지금은 잘 먹어요.,0
O00328,C0062,P0089,F0126,간식,진돗개,대형,35.4,성견,2.1,,,2025-03-28,1,4,훈련할 때 반응이 확실히 좋아졌어요. 너무 딱딱하지 않아서 노령견도 잘 씹어요. 덩치가 커서 그런지 먹는 양도 많아요. 강아지들 사이에서 인기템이에요.,0
O00329,C0062,P0089,F0057,사료,진돗개,대형,35.4,성견,2.1,,,2025-09-07,2,1,"소형견이라 알갱이 작은 걸로 찾다가 발견했어요. 적응 기간엔 잘 먹었는데 점점 흥미를 잃는 것 같아요. 전혀 안 먹어요, 비추합니다.",0
O00330,C0062,P0089,F0144,간식,진돗개,대형,35.4,성견,2.1,,,2025-09-08,1,5,크기가 적당해서 소형견도 먹기 편해요. 냄새 맡자마자 자리에 앉아서 기다려요. 훈련용으로 계속 재구매할 것 같아요.,0
O00331,C0062,P0089,F0040,사료,진돗개,대형,35.4,성견,2.1,,,2025-11-10,1,4,그릇 비우는 속도가 달라졌어요. 대형견이라 그런지 양이 금방 줄어요. 강력 추천해요.,0
O00332,C0062,P0089,F0088,사료,진돗개,대형,35.4,성견,2.1,,,2025-11-26,2,5,첫 사료라 고민 많이 하다가 골랐어요. 변 상태가 훨씬 단단해졌어요. 변 색깔이랑 굳기가 딱 좋아요. 덩치가 커서 그런지 먹는 양도 많아요. 효과가 좋아서 재구매 의사 있어요.,0
O00333,C0062,P0089,F0153,간식,진돗개,대형,35.4,성견,2.1,,,2026-02-10,1,3,산책 보상용으로 구매했어요. 잘 먹긴 하는데 너무 딱딱해서 걱정돼요. 진돗개 특유의 경계심 때문에 새 제품 적응이 오래 걸렸는데 지금은 잘 먹어요. 그냥저냥 주고 있어요.,0
O00334,C0062,P0089,F0051,사료,진돗개,대형,35.4,성견,2.1,,,2026-07-26,1,1,예민한 장 때문에 저자극 사료 찾던 중이었어요. 처음엔 좀 먹더니 며칠 지나니 안 먹으려고 해요. 소화가 잘 안 되는지 토를 몇 번 했어요. 대형견이라 그런지 양이 금방 줄어요. 환불 문의했어요.,1
O00335,C0063,P0090,F0034,사료,치와와,소형,3.2,성견,4.0,,,2024-03-18,1,3,수의사 추천으로 바꿔봤어요. 기호성은 좋은데 변이 자주 묽게 나와서 고민이에요. 입이 작은 아이라 한 번에 많이는 못 먹어요. 그럭저럭 먹이고 있어요.,0
O00336,C0063,P0090,F0063,사료,치와와,소형,3.2,성견,4.0,,,2024-07-02,3,4,털에 윤기가 도는 게 눈에 보여요. 사료 그릇을 핥아먹을 정도로 좋아해요. 이 사료로 계속 갈 것 같아요.,0
O00337,C0063,P0090,F0042,사료,치와와,소형,3.2,성견,4.0,,,2026-01-25,1,5,다른 사료 다 먹여봤는데 이게 제일 잘 맞아서 재구매했어요. 먹는 건 좋아하는데 방귀 냄새가 심해졌어요~,0
O00338,C0063,P0090,F0166,간식,치와와,소형,3.2,성견,4.0,,,2026-08-11,1,5,손에 들자마자 꼬리 흔들며 달려와요. 예민한 편인 치와와인데 배탈 없이 잘 맞아요. 효과가 좋아서 재구매 의사 있어요.,1
O00339,C0064,P0091,F0089,사료,도베르만,대형,29.0,시니어,12.2,,,2025-05-05,1,4,동물병원에서 체중 관리용으로 추천받았어요. 밥 시간마다 꼬리를 흔들면서 달려와요. 대형견이라 그런지 양이 금방 줄어요. 주변 강아지 친구들에게도 추천했어요!!,0
O00340,C0064,P0091,F0032,사료,도베르만,대형,29.0,시니어,12.2,,,2025-10-01,1,4,곡물 알레르기 있어서 곡물프리로 알아보다 구매했어요. 물에 불리지 않아도 잘 먹어요. 털에 윤기가 도는 게 눈에 보여요.,1
O00341,C0064,P0092,F0016,사료,미니어처닥스훈트,소형,2.5,시니어,12.4,곡물 알레르기,,2025-11-04,3,4,편식하던 아이인데 이건 남김없이 먹어요. 이빨이 약해진 나이라 부드러운 걸 좋아해요. 재구매 예정입니다.,0
O00342,C0064,P0092,F0020,사료,미니어처닥스훈트,소형,2.5,시니어,12.4,곡물 알레르기,,2025-12-10,2,3,입질 심한 아이라 소화 잘되는 걸로 찾았어요. 양은 적당한데 곡물이 들어있어서 우리 아이한테는 살짝 안 맞았어요. 무난하게 급여 중입니다.,0
O00343,C0064,P0092,F0082,사료,미니어처닥스훈트,소형,2.5,시니어,12.4,곡물 알레르기,,2026-03-16,2,3,기존 사료 단종돼서 급하게 대체품 찾았어요. 잘 먹는데 사료 냄새가 집안에 좀 남아요. 그럭저럭 먹이고 있어요!!,0
O00344,C0064,P0092,F0112,간식,미니어처닥스훈트,소형,2.5,시니어,12.4,곡물 알레르기,,2026-07-19,1,3,훈련용으로 쓰려고 구매했어요. 좋아하긴 하는데 먹고 나서 변이 좀 물러요. 그냥저냥 주고 있어요.,1
O00345,C0064,P0093,F0145,간식,보더콜리,중형,9.9,성견,4.8,,,2025-05-04,1,1,퍼피용 부드러운 간식 찾던 중이었어요. 과식했더니 토를 하더라고요.,0
O00346,C0064,P0093,F0120,간식,보더콜리,중형,9.9,성견,4.8,,,2025-05-30,2,3,이빨 약한 노령견용으로 부드러운 걸 찾았어요. 보통이에요. 가격 대비 괜찮아요. 무난하게 급여 중입니다.,0
O00347,C0064,P0093,F0120,간식,보더콜리,중형,9.9,성견,4.8,,,2025-10-20,1,1,소형견용 작은 사이즈로 찾다가 발견했어요. 처음만 좋아하고 그다음부턴 안 먹으려 해요. 간식 먹고 나서 변이 물러졌어요.,0
O00348,C0064,P0093,F0136,간식,보더콜리,중형,9.9,성견,4.8,,,2026-02-09,2,5,새로운 맛 궁금해서 시켜봤어요. 한 개 주면 더 달라고 계속 쳐다봐요.,1
O00349,C0065,P0094,F0002,사료,골든리트리버,대형,31.4,퍼피,0.8,,,2026-04-04,1,4,퍼피 전용으로 바꿔주려고 구매했어요. 사료 그릇을 핥아먹을 정도로 좋아해요. 물에 불리지 않아도 잘 먹어요. 성장기라 그런지 잘 먹고 살도 오르는 것 같아요. 강력 추천해요.,0
O00350,C0065,P0094,F0122,간식,골든리트리버,대형,31.4,퍼피,0.8,,,2026-06-02,1,3,여행 갈 때 간식으로 챙기려고 샀어요. 나쁘지 않아요. 그냥 그래요. 골든리트리버답게 뭐든 잘 먹는 편이에요. 무난하게 급여 중입니다.,1
O00351,C0066,P0095,F0130,간식,시바견,중형,8.1,성견,6.3,,,2025-06-25,1,3,특별한 건 없어요. 그냥저냥 주고 있어요.,0
O00352,C0066,P0095,F0087,사료,시바견,중형,8.1,성견,6.3,,,2025-07-26,1,5,리뷰 좋길래 반신반의로 시켜봤어요. 활력이 좋아진 것 같아요. 장이 편안한지 컨디션이 좋아 보여요. 재구매 예정입니다.,0
O00353,C0066,P0095,F0122,간식,시바견,중형,8.1,성견,6.3,,,2025-08-16,2,5,장난감 대신 씹을 거리로 골랐어요. 좋아하긴 하는데 며칠 먹이니 살짝 가려워하는 것 같아요.,1
O00354,C0066,P0096,F0031,사료,치와와,소형,4.8,시니어,10.7,,,2025-06-26,2,5,대형견이라 그런지 사료값이 만만치 않아서 가성비 좋은 걸로 골랐어요. 밥 시간마다 꼬리를 흔들면서 달려와요. 노령견이라 소화가 잘 되는지 걱정했는데 다행히 괜찮아요. 주변 강아지 친구들에게도 추천했어요.,0
O00355,C0066,P0096,F0181,간식,치와와,소형,4.8,시니어,10.7,,,2025-07-19,1,2,퍼피용 부드러운 간식 찾던 중이었어요. 너무 딱딱해서 잘 못 씹어요. 몇 입 먹다가 흥미를 잃어요. 다른 브랜드로 바꿔보려고요.,0
O00356,C0066,P0096,F0005,사료,치와와,소형,4.8,시니어,10.7,,,2025-12-09,1,5,대용량으로 시켜봤어요. 소화가 잘 되는지 방귀 냄새도 줄었어요. 우리 아이가 정말 잘 먹어요. 이빨이 약해진 나이라 부드러운 걸 좋아해요. 이 사료로 계속 갈 것 같아요.,0
O00357,C0066,P0096,F0013,사료,치와와,소형,4.8,시니어,10.7,,,2026-06-19,1,5,소형견이라 알갱이 작은 걸로 찾다가 발견했어요. 냄새를 맡자마자 좋아하더라고요. 변 색깔이랑 굳기가 딱 좋아요. 노령견이라 소화가 잘 되는지 걱정했는데 다행히 괜찮아요. 효과가 좋아서 재구매 의사 있어요~,1
O00358,C0067,P0097,F0002,사료,도베르만,대형,31.6,시니어,13.8,특정 단백질 민감,,2025-11-11,1,3,수의사 추천으로 바꿔봤어요. 냄새 맡고 좋아하긴 하는데 이상하게 살은 안 쪄요. 이빨이 약해진 나이라 부드러운 걸 좋아해요.,0
O00359,C0067,P0097,F0091,사료,도베르만,대형,31.6,시니어,13.8,특정 단백질 민감,,2025-11-27,1,5,대형견이라 그런지 사료값이 만만치 않아서 가성비 좋은 걸로 골랐어요. 그릇 비우는 속도가 달라졌어요. 강력 추천해요.,0
O00360,C0067,P0097,F0130,간식,도베르만,대형,31.6,시니어,13.8,특정 단백질 민감,,2026-02-18,1,5,훈련용으로 쓰려고 구매했어요. 많이 먹어도 속이 편한지 컨디션이 좋아요. 나이가 있어서 그런지 예전보다 적게 먹네요. 효과가 좋아서 재구매 의사 있어요.,0
O00361,C0067,P0097,F0035,사료,도베르만,대형,31.6,시니어,13.8,특정 단백질 민감,,2026-08-08,5,5,곡물 알레르기 있어서 곡물프리로 알아보다 구매했어요. 기호성은 좋은데 변이 자주 묽게 나와서 고민이에요. 덩치가 커서 그런지 먹는 양도 많아요. 이 사료로 계속 갈 것 같아요ㅎㅎ,1
O00362,C0067,P0098,F0014,사료,셰퍼드,대형,36.6,시니어,12.9,,관절이 약함,2025-11-21,1,4,변 상태가 훨씬 단단해졌어요. 털에 윤기가 도는 게 눈에 보여요. 효과가 좋아서 재구매 의사 있어요.,1
O00363,C0068,P0099,F0023,사료,미니어처닥스훈트,소형,4.8,성견,4.9,,,2025-03-31,1,3,기존 사료 단종돼서 급하게 대체품 찾았어요. 잘 먹는데 사료 냄새가 집안에 좀 남아요. 소형견이라 알갱이(크기)가 딱 맞아요. 그럭저럭 먹이고 있어요.,0
O00364,C0068,P0099,F0171,간식,미니어처닥스훈트,소형,4.8,성견,4.9,,,2025-05-03,1,3,새로운 맛 궁금해서 시켜봤어요. 잘 먹긴 하는데 너무 딱딱해서 걱정돼요. 허리가 약한 아이라 체중 관리에 신경 쓰는데 도움이 되는 것 같아요. 무난하게 급여 중입니다.,0
O00365,C0068,P0099,F0071,사료,미니어처닥스훈트,소형,4.8,성견,4.9,,,2025-05-08,1,5,첫 사료라 고민 많이 하다가 골랐어요. 편식하던 아이인데 이건 남김없이 먹어요. 사료 그릇을 핥아먹을 정도로 좋아해요. 허리가 약한 아이라 체중 관리에 신경 쓰는데 도움이 되는 것 같아요.,0
O00366,C0068,P0099,F0126,간식,미니어처닥스훈트,소형,4.8,성견,4.9,,,2025-06-19,1,3,장난감 대신 씹을 거리로 골랐어요. 맛있게는 먹는데 가격이 좀 부담돼요. 소형견이라 알갱이(크기)가 딱 맞아요. 그냥저냥 주고 있어요.,0
O00367,C0068,P0099,F0080,사료,미니어처닥스훈트,소형,4.8,성견,4.9,,,2025-07-06,1,5,예민한 장 때문에 저자극 사료 찾던 중이었어요. 활력이 좋아진 것 같아요. 소형견이라 알갱이(크기)가 딱 맞아요ㅜㅜ,0
O00368,C0068,P0099,F0134,간식,미니어처닥스훈트,소형,4.8,성견,4.9,,,2026-02-25,1,5,산책 보상용으로 구매했어요. 편식하는 아이도 이건 잘 먹어요. 치석 제거 효과가 있는지 이빨이 깨끗해졌어요. 소형견이라 알갱이(크기)가 딱 맞아요. 다른 맛도 사보려고요.,0
O00369,C0068,P0099,F0196,간식,미니어처닥스훈트,소형,4.8,성견,4.9,,,2026-07-27,1,4,심심할 때 주려고 대용량으로 샀어요. 처음엔 잘 먹더니 물려하는지 요즘은 시큰둥해요. 훈련용으로 계속 재구매할 것 같아요.,0
O00370,C0068,P0099,F0001,사료,미니어처닥스훈트,소형,4.8,성견,4.9,,,2026-08-09,2,3,"리뷰 좋길래 반신반의로 시켜봤어요. 처음엔 잘 먹더니 요즘은 시들해요, 그래도 소화는 잘 되는 것 같아요. 무난하게 급여 중입니다.",1
O00371,C0068,P0100,F0161,간식,말티즈,소형,2.8,성견,1.2,,,2025-06-29,1,3,미용 보상용으로 하나 사봤어요. 무난하게 주고 있어요. 말티즈라 그런지 입이 짧아서 조금씩 자주 먹어요. 그냥저냥 주고 있어요.,0
O00372,C0068,P0100,F0120,간식,말티즈,소형,2.8,성견,1.2,,,2025-11-27,1,4,치석 관리용으로 알아보다 샀어요. 소분하기 좋게 포장돼 있어서 편해요. 강아지들 사이에서 인기템이에요.,0
O00373,C0068,P0100,F0195,간식,말티즈,소형,2.8,성견,1.2,,,2026-05-06,1,2,이빨 약한 노령견용으로 부드러운 걸 찾았어요. 크기가 너무 커서 소형견은 나눠줘야 해요. 생각보다 딱딱해서 이빨 약한 아이는 힘들어해요. 입이 작은 아이라 한 번에 많이는 못 먹어요!!,1
O00374,C0069,P0101,F0044,사료,골든리트리버,대형,39.5,성견,1.4,,비만 관리 중,2026-02-06,1,5,퍼피 전용으로 바꿔주려고 구매했어요. 물에 불리지 않아도 잘 먹어요. 골든리트리버답게 뭐든 잘 먹는 편이에요.,1
O00375,C0070,P0102,F0098,사료,비글,중형,19.5,성견,5.3,,,2024-05-30,1,4,기호성은 최고인데 며칠 먹이니 살짝 가려워하더라고요. 활동량이 있는 편이라 이 정도는 금방 먹어요.,0
O00376,C0070,P0102,F0191,간식,비글,중형,19.5,성견,5.3,,,2024-10-12,2,5,여행 갈 때 간식으로 챙기려고 샀어요. 훈련할 때 반응이 확실히 좋아졌어요. 강아지들 사이에서 인기템이에요.,0
O00377,C0070,P0102,F0194,간식,비글,중형,19.5,성견,5.3,,,2025-03-05,1,5,편식하는 아이도 이건 잘 먹어요. 중형견이라 적당한 양인 것 같아요. 훈련용으로 계속 재구매할 것 같아요.,1
O00378,C0070,P0103,F0062,사료,비숑프리제,소형,4.1,성견,4.6,,,2024-04-04,1,3,대용량으로 시켜봤어요. 가격은 좀 있는데 그만큼 잘 먹어서 만족해요. 소형견이라 알갱이(크기)가 딱 맞아요. 그럭저럭 먹이고 있어요.,0
O00379,C0070,P0103,F0021,사료,비숑프리제,소형,4.1,성견,4.6,,,2024-06-03,1,1,시니어 사료로 갈아탈 시기가 돼서 주문했어요. 다른 간식 섞어줘야 겨우 먹어요. 소형견이라 알갱이(크기)가 딱 맞아요. 다른 사료 알아보려고요.,1
O00380,C0071,P0104,F0019,사료,프렌치불독,중형,12.6,성견,4.0,,,2026-04-25,1,4,다른 사료 다 먹여봤는데 이게 제일 잘 맞아서 재구매했어요. 장이 편안한지 컨디션이 좋아 보여요. 변 색깔이랑 굳기가 딱 좋아요. 재구매 예정입니다.,1
O00381,C0072,P0105,F0029,사료,웰시코기,중형,11.5,시니어,9.9,,,2025-06-13,2,2,입질 심한 아이라 소화 잘되는 걸로 찾았어요. 입맛에 안 맞는지 자꾸 남겨요. 처음엔 좀 먹더니 며칠 지나니 안 먹으려고 해요. 재구매 의사 없어요.,0
O00382,C0072,P0105,F0024,사료,웰시코기,중형,11.5,시니어,9.9,,,2025-07-26,1,3,동물병원에서 체중 관리용으로 추천받았어요. 양은 적당한데 곡물이 들어있어서 우리 아이한테는 살짝 안 맞았어요. 무난하게 급여 중입니다.,0
O00383,C0072,P0105,F0030,사료,웰시코기,중형,11.5,시니어,9.9,,,2025-11-25,1,4,시니어 사료로 갈아탈 시기가 돼서 주문했어요. 맛은 있나 본데 변 냄새가 너무 독해졌어요. 중형견이라 적당한 양인 것 같아요. 주변 강아지 친구들에게도 추천했어요ㅎㅎ,0
O00384,C0072,P0105,F0126,간식,웰시코기,중형,11.5,시니어,9.9,,,2026-02-08,2,5,소형견용 작은 사이즈로 찾다가 발견했어요. 크기가 적당해서 소형견도 먹기 편해요. 많이 먹어도 속이 편한지 컨디션이 좋아요. 나이가 있어서 그런지 예전보다 적게 먹네요.,1
O00385,C0072,P0106,F0185,간식,비글,중형,15.2,성견,6.7,소고기 알레르기,,2025-10-17,2,5,다이어트 중이라 저칼로리 간식으로 골랐어요. 좋아하긴 하는데 먹고 나서 변이 좀 물러요. 다른 맛도 사보려고요.,0
O00386,C0072,P0106,F0115,간식,비글,중형,15.2,성견,6.7,소고기 알레르기,,2026-04-19,1,5,손에 들자마자 꼬리 흔들며 달려와요. 소분하기 좋게 포장돼 있어서 편해요. 효과가 좋아서 재구매 의사 있어요.,1
O00387,C0073,P0107,F0105,간식,프렌치불독,중형,10.0,성견,1.7,특정 단백질 민감,,2025-12-12,2,4,퍼피용 부드러운 간식 찾던 중이었어요. 한 개 주면 더 달라고 계속 쳐다봐요. 치석 제거 효과가 있는지 이빨이 깨끗해졌어요. 다른 맛도 사보려고요.,0
O00388,C0073,P0107,F0041,사료,프렌치불독,중형,10.0,성견,1.7,특정 단백질 민감,,2026-02-01,1,4,대형견이라 그런지 사료값이 만만치 않아서 가성비 좋은 걸로 골랐어요. 밥 시간마다 꼬리를 흔들면서 달려와요. 냄새를 맡자마자 좋아하더라고요. 중형견이라 적당한 양인 것 같아요. 강력 추천해요ㅎㅎ,0
O00389,C0073,P0107,F0112,간식,프렌치불독,중형,10.0,성견,1.7,특정 단백질 민감,,2026-06-09,1,5,새로운 맛 궁금해서 시켜봤어요. 너무 딱딱하지 않아서 노령견도 잘 씹어요. 냄새 맡자마자 자리에 앉아서 기다려요. 활동량이 있는 편이라 이 정도는 금방 먹어요. 훈련용으로 계속 재구매할 것 같아요.,1
O00390,C0074,P0108,F0130,간식,포메라니안,소형,2.3,시니어,9.0,,,2024-08-03,1,2,심심할 때 주려고 대용량으로 샀어요. 잘 씹어 먹긴 하는데 양이 너무 적어서 금방 없어져요.,0
O00391,C0074,P0108,F0127,간식,포메라니안,소형,2.3,시니어,9.0,,,2025-06-03,2,4,손에 들자마자 꼬리 흔들며 달려와요. 크기가 적당해서 소형견도 먹기 편해요. 털이 풍성한 아이라 그런지 피모 개선 효과가 보여요. 강아지들 사이에서 인기템이에요.,1
O00392,C0075,P0109,F0090,사료,말티즈,소형,3.1,시니어,12.8,,,2025-05-28,1,5,대용량으로 시켜봤어요. 소화가 잘 되는지 방귀 냄새도 줄었어요. 우리 아이가 정말 잘 먹어요. 입이 작은 아이라 한 번에 많이는 못 먹어요ㅎㅎ,0
O00393,C0075,P0109,F0021,사료,말티즈,소형,3.1,시니어,12.8,,,2026-01-08,1,3,리뷰 좋길래 반신반의로 시켜봤어요. 보통이에요. 무난하게 먹입니다. 그럭저럭 먹이고 있어요.,0
O00394,C0075,P0109,F0196,간식,말티즈,소형,3.1,시니어,12.8,,,2026-05-21,3,5,한 개 주면 더 달라고 계속 쳐다봐요. 너무 딱딱하지 않아서 노령견도 잘 씹어요. 효과가 좋아서 재구매 의사 있어요.,1
O00395,C0075,P0110,F0166,간식,코커스패니얼,중형,12.3,시니어,13.8,,,2025-09-29,1,4,이빨 약한 노령견용으로 부드러운 걸 찾았어요. 훈련할 때 반응이 확실히 좋아졌어요. 강아지들 사이에서 인기템이에요.,0
O00396,C0075,P0110,F0182,간식,코커스패니얼,중형,12.3,시니어,13.8,,,2025-11-11,2,1,소형견용 작은 사이즈로 찾다가 발견했어요. 냄새는 좋아하는데 크기가 커서 나눠줘야 해요.,0
O00397,C0075,P0110,F0049,사료,코커스패니얼,중형,12.3,시니어,13.8,,,2025-11-17,1,2,적응 기간엔 잘 먹었는데 점점 흥미를 잃는 것 같아요. 활동량이 있는 편이라 이 정도는 금방 먹어요. 재구매 의사 없어요.,0
O00398,C0075,P0110,F0009,사료,코커스패니얼,중형,12.3,시니어,13.8,,,2026-04-07,1,4,다른 사료 다 먹여봤는데 이게 제일 잘 맞아서 재구매했어요. 그릇 비우는 속도가 달라졌어요. 재구매 예정입니다.,1
O00399,C0076,P0111,F0009,사료,코커스패니얼,중형,19.5,시니어,13.8,,,2023-12-07,1,5,첫 사료라 고민 많이 하다가 골랐어요. 우리 아이가 정말 잘 먹어요. 편식하던 아이인데 이건 남김없이 먹어요. 주변 강아지 친구들에게도 추천했어요.,0
O00400,C0076,P0111,F0067,사료,코커스패니얼,중형,19.5,시니어,13.8,,,2024-05-29,1,1,기존 사료 단종돼서 급하게 대체품 찾았어요. 설사를 해서 바로 끊었어요. 다른 사료 알아보려고요.,1
O00401,C0076,P0112,F0011,사료,토이푸들,소형,2.8,퍼피,0.4,,,2025-11-23,1,4,동물병원에서 체중 관리용으로 추천받았어요. 소화가 잘 되는지 방귀 냄새도 줄었어요. 밥 시간마다 꼬리를 흔들면서 달려와요. 효과가 좋아서 재구매 의사 있어요.,1
O00402,C0077,P0113,F0162,간식,시츄,소형,2.4,성견,4.3,,,2024-10-10,1,2,"산책 보상용으로 구매했어요. 처음만 좋아하고 그다음부턴 안 먹으려 해요. 입이 짧은 시츄인데도 잘 먹어요. 전혀 안 먹어요, 비추합니다.",0
O00403,C0077,P0113,F0076,사료,시츄,소형,2.4,성견,4.3,,,2024-11-06,1,4,수의사 추천으로 바꿔봤어요. 냄새를 맡자마자 좋아하더라고요~,0
O00404,C0077,P0113,F0021,사료,시츄,소형,2.4,성견,4.3,,,2025-10-11,1,2,"변 냄새가 심해졌어요. 소형견이라 알갱이(크기)가 딱 맞아요. 전혀 안 먹어요, 비추합니다!!",1
O00405,C0078,P0114,F0088,사료,시바견,중형,17.8,성견,2.4,,관절이 약함,2023-12-31,2,4,물에 불리지 않아도 잘 먹어요. 사료 그릇을 핥아먹을 정도로 좋아해요~,0
O00406,C0078,P0114,F0042,사료,시바견,중형,17.8,성견,2.4,,관절이 약함,2024-05-16,1,1,곡물 알레르기 있어서 곡물프리로 알아보다 구매했어요. 잘 먹는 편인데 가끔 토를 해서 지켜보고 있어요. 환불 문의했어요.,0
O00407,C0078,P0114,F0010,사료,시바견,중형,17.8,성견,2.4,,관절이 약함,2024-06-14,1,4,퍼피 전용으로 바꿔주려고 구매했어요. 변 색깔이랑 굳기가 딱 좋아요. 이 사료로 계속 갈 것 같아요.,0
O00408,C0078,P0114,F0136,간식,시바견,중형,17.8,성견,2.4,,관절이 약함,2024-11-18,1,4,치석 제거 효과가 있는지 이빨이 깨끗해졌어요. 다른 맛도 사보려고요.,0
O00409,C0078,P0114,F0025,사료,시바견,중형,17.8,성견,2.4,,관절이 약함,2025-02-27,1,2,소형견이라 알갱이 작은 걸로 찾다가 발견했어요. 잘 먹기는 하는데 변이 좀 무르게 나와요. 환불 문의했어요.,0
O00410,C0078,P0114,F0139,간식,시바견,중형,17.8,성견,2.4,,관절이 약함,2025-05-31,1,3,훈련용으로 쓰려고 구매했어요. 나쁘지 않아요. 활동량이 있는 편이라 이 정도는 금방 먹어요. 무난하게 급여 중입니다.,0
O00411,C0078,P0114,F0155,간식,시바견,중형,17.8,성견,2.4,,관절이 약함,2025-11-03,1,5,편식하는 아이도 이건 잘 먹어요. 냄새 맡자마자 자리에 앉아서 기다려요.,0
O00412,C0078,P0114,F0170,간식,시바견,중형,17.8,성견,2.4,,관절이 약함,2026-05-10,1,4,치석 관리용으로 알아보다 샀어요. 소분하기 좋게 포장돼 있어서 편해요. 많이 먹어도 속이 편한지 컨디션이 좋아요. 훈련용으로 계속 재구매할 것 같아요.,1
O00413,C0078,P0115,F0186,간식,요크셔테리어,소형,4.8,성견,4.7,,,2025-01-31,5,3,미용 보상용으로 하나 사봤어요. 그냥 그래요. 특별한 건 없어요. 그냥저냥 주고 있어요.,0
O00414,C0078,P0115,F0050,사료,요크셔테리어,소형,4.8,성견,4.7,,,2025-03-07,1,4,입질 심한 아이라 소화 잘되는 걸로 찾았어요. 먹는 건 좋아하는데 방귀 냄새가 심해졌어요. 소형견이라 알갱이(크기)가 딱 맞아요. 재구매 예정입니다.,0
O00415,C0078,P0115,F0090,사료,요크셔테리어,소형,4.8,성견,4.7,,,2026-01-06,1,3,예민한 장 때문에 저자극 사료 찾던 중이었어요. 보통이에요. 그럭저럭 먹고 있어요. 무난하게 급여 중입니다.,1
O00416,C0079,P0116,F0094,사료,비숑프리제,소형,4.0,시니어,11.9,,관절이 약함,2026-05-10,1,5,"퍼피 전용으로 바꿔주려고 구매했어요. 처음엔 잘 먹더니 요즘은 시들해요, 그래도 소화는 잘 되는 것 같아요. 소형견이라 알갱이(크기)가 딱 맞아요. 이 사료로 계속 갈 것 같아요.",0
O00417,C0079,P0116,F0027,사료,비숑프리제,소형,4.0,시니어,11.9,,관절이 약함,2026-05-18,1,5,입질 심한 아이라 소화 잘되는 걸로 찾았어요. 변 상태가 훨씬 단단해졌어요. 장이 편안한지 컨디션이 좋아 보여요. 강력 추천해요.,0
O00418,C0079,P0116,F0075,사료,비숑프리제,소형,4.0,시니어,11.9,,관절이 약함,2026-06-23,1,2,소형견이라 알갱이 작은 걸로 찾다가 발견했어요. 잘 먹는데 사료 냄새가 집안에 좀 남아요. 재구매 의사 없어요~,0
O00419,C0079,P0116,F0041,사료,비숑프리제,소형,4.0,시니어,11.9,,관절이 약함,2026-06-26,1,5,다른 사료 다 먹여봤는데 이게 제일 잘 맞아서 재구매했어요. 그릇 비우는 속도가 달라졌어요. 털에 윤기가 도는 게 눈에 보여요. 주변 강아지 친구들에게도 추천했어요.,0
O00420,C0079,P0116,F0012,사료,비숑프리제,소형,4.0,시니어,11.9,,관절이 약함,2026-07-16,1,5,대용량으로 시켜봤어요. 활력이 좋아진 것 같아요. 편식하던 아이인데 이건 남김없이 먹어요. 효과가 좋아서 재구매 의사 있어요.,0
O00421,C0079,P0116,F0044,사료,비숑프리제,소형,4.0,시니어,11.9,,관절이 약함,2026-08-09,1,3,동물병원에서 체중 관리용으로 추천받았어요. 가격 대비 괜찮아요. 특별히 좋지도 나쁘지도 않아요. 그럭저럭 먹이고 있어요!!,1
O00422,C0080,P0117,F0083,사료,웰시코기,중형,19.8,성견,4.1,,,2026-05-09,1,4,곡물 알레르기 있어서 곡물프리로 알아보다 구매했어요. 변 색깔이랑 굳기가 딱 좋아요. 활력이 좋아진 것 같아요. 중형견이라 적당한 양인 것 같아요. 주변 강아지 친구들에게도 추천했어요.,0
O00423,C0080,P0117,F0183,간식,웰시코기,중형,19.8,성견,4.1,,,2026-05-25,1,1,여행 갈 때 간식으로 챙기려고 샀어요. 과식했더니 토를 하더라고요. 냄새는 좋아하는데 막상 안 먹어요. 다리가 짧아도 식욕은 왕성해서 순식간에 먹어치워요. 다른 브랜드로 바꿔보려고요.,1
O00424,C0081,P0118,F0045,사료,래브라도리트리버,대형,34.0,성견,4.0,곡물 알레르기,,2024-11-26,2,4,기존 사료 단종돼서 급하게 대체품 찾았어요. 물에 불리지 않아도 잘 먹어요. 밥 시간마다 꼬리를 흔들면서 달려와요.,0
O00425,C0081,P0118,F0118,간식,래브라도리트리버,대형,34.0,성견,4.0,곡물 알레르기,,2025-08-18,5,3,장난감 대신 씹을 거리로 골랐어요. 잘 먹는데 부스러기가 너무 많이 떨어져요. 식탐이 많은 아이라 순식간에 다 먹어요. 무난하게 급여 중입니다.,1
O00426,C0082,P0119,F0006,사료,미니어처닥스훈트,소형,5.1,성견,3.0,,피부가 예민함,2025-02-03,1,5,대형견이라 그런지 사료값이 만만치 않아서 가성비 좋은 걸로 골랐어요. 그릇 비우는 속도가 달라졌어요. 소화가 잘 되는지 방귀 냄새도 줄었어요. 입이 작은 아이라 한 번에 많이는 못 먹어요. 강력 추천해요.,0
O00427,C0082,P0119,F0104,간식,미니어처닥스훈트,소형,5.1,성견,3.0,,피부가 예민함,2025-03-21,1,4,다이어트 중이라 저칼로리 간식으로 골랐어요. 너무 딱딱하지 않아서 노령견도 잘 씹어요. 소분하기 좋게 포장돼 있어서 편해요. 효과가 좋아서 재구매 의사 있어요.,0
O00428,C0082,P0119,F0110,간식,미니어처닥스훈트,소형,5.1,성견,3.0,,피부가 예민함,2025-10-13,1,1,퍼피용 부드러운 간식 찾던 중이었어요. 좋아하긴 하는데 며칠 먹이니 살짝 가려워하는 것 같아요.,0
O00429,C0082,P0119,F0146,간식,미니어처닥스훈트,소형,5.1,성견,3.0,,피부가 예민함,2026-06-23,1,2,"다이어트 중이라 저칼로리 간식으로 골랐어요. 너무 딱딱해서 잘 못 씹어요. 허리가 약한 아이라 체중 관리에 신경 쓰는데 도움이 되는 것 같아요. 전혀 안 먹어요, 비추합니다.",1
O00430,C0082,P0120,F0076,사료,시츄,소형,3.2,성견,2.5,,,2025-03-05,3,4,수의사 추천으로 바꿔봤어요. 사료 그릇을 핥아먹을 정도로 좋아해요. 입이 작은 아이라 한 번에 많이는 못 먹어요. 재구매 예정입니다.,0
O00431,C0082,P0120,F0146,간식,시츄,소형,3.2,성견,2.5,,,2025-03-07,2,4,치석 관리용으로 알아보다 샀어요. 잘 씹어 먹긴 하는데 양이 너무 적어서 금방 없어져요. 소형견이라 알갱이(크기)가 딱 맞아요. 효과가 좋아서 재구매 의사 있어요.,0
O00432,C0082,P0120,F0002,사료,시츄,소형,3.2,성견,2.5,,,2025-05-24,1,3,그냥 그래요. 나쁘지 않아요. 입이 작은 아이라 한 번에 많이는 못 먹어요. 무난하게 급여 중입니다.,0
O00433,C0082,P0120,F0054,사료,시츄,소형,3.2,성견,2.5,,,2025-10-12,1,5,리뷰 좋길래 반신반의로 시켜봤어요. 털에 윤기가 도는 게 눈에 보여요. 우리 아이가 정말 잘 먹어요. 이 사료로 계속 갈 것 같아요.,0
O00434,C0082,P0120,F0002,사료,시츄,소형,3.2,성견,2.5,,,2025-11-17,1,4,시니어 사료로 갈아탈 시기가 돼서 주문했어요. 장이 편안한지 컨디션이 좋아 보여요. 냄새를 맡자마자 좋아하더라고요. 효과가 좋아서 재구매 의사 있어요.,0
O00435,C0082,P0120,F0158,간식,시츄,소형,3.2,성견,2.5,,,2026-03-16,2,2,심심할 때 주려고 대용량으로 샀어요. 좋아하긴 하는데 며칠 먹이니 살짝 가려워하는 것 같아요. 눈물자국이 줄어든 것 같기도 해요. 재구매 의사는 없어요.,0
O00436,C0082,P0120,F0143,간식,시츄,소형,3.2,성견,2.5,,,2026-06-22,1,3,훈련용으로 쓰려고 구매했어요. 무난하게 주고 있어요. 보통이에요. 그냥저냥 주고 있어요.,0
O00437,C0082,P0120,F0151,간식,시츄,소형,3.2,성견,2.5,,,2026-08-01,2,5,미용 보상용으로 하나 사봤어요. 냄새 맡자마자 자리에 앉아서 기다려요. 입이 작은 아이라 한 번에 많이는 못 먹어요.,1
O00438,C0083,P0121,F0171,간식,프렌치불독,중형,10.2,성견,1.1,닭고기 알레르기,,2023-10-21,1,2,"간식 먹고 나서 변이 물러졌어요. 몇 입 먹다가 흥미를 잃어요. 피부에 두드러기가 올라왔어요. 전혀 안 먹어요, 비추합니다!!",0
O00439,C0083,P0121,F0136,간식,프렌치불독,중형,10.2,성견,1.1,닭고기 알레르기,,2024-08-24,1,4,여행 갈 때 간식으로 챙기려고 샀어요. 한 개 주면 더 달라고 계속 쳐다봐요. 중형견이라 적당한 양인 것 같아요.,0
O00440,C0083,P0121,F0197,간식,프렌치불독,중형,10.2,성견,1.1,닭고기 알레르기,,2025-08-06,1,5,잘 먹는데 부스러기가 너무 많이 떨어져요ㅎㅎ,1
O00441,C0084,P0122,F0051,사료,웰시코기,중형,16.0,시니어,9.0,,,2025-07-11,1,5,예민한 장 때문에 저자극 사료 찾던 중이었어요. 변 상태가 훨씬 단단해졌어요. 사료 그릇을 핥아먹을 정도로 좋아해요. 재구매 예정입니다.,0
O00442,C0084,P0122,F0052,사료,웰시코기,중형,16.0,시니어,9.0,,,2025-10-19,1,4,첫 사료라 고민 많이 하다가 골랐어요. 잘 먹는 편인데 가끔 토를 해서 지켜보고 있어요. 노령견이라 소화가 잘 되는지 걱정했는데 다행히 괜찮아요.,0
O00443,C0084,P0122,F0199,간식,웰시코기,중형,16.0,시니어,9.0,,,2026-03-06,1,3,이빨 약한 노령견용으로 부드러운 걸 찾았어요. 좋아하긴 하는데 먹고 나서 변이 좀 물러요. 무난하게 급여 중입니다.,1
O00444,C0085,P0123,F0016,사료,토이푸들,소형,2.6,성견,2.9,,,2026-05-27,1,5,리뷰 좋길래 반신반의로 시켜봤어요. 털에 윤기가 도는 게 눈에 보여요. 변 상태가 훨씬 단단해졌어요. 푸들이라 활동량이 많아서 그런지 잘 먹고 소화도 잘돼요. 강력 추천해요.,0
O00445,C0085,P0123,F0134,간식,토이푸들,소형,2.6,성견,2.9,,,2026-07-10,1,4,산책 보상용으로 구매했어요. 훈련할 때 반응이 확실히 좋아졌어요. 크기가 적당해서 소형견도 먹기 편해요. 훈련용으로 계속 재구매할 것 같아요.,0
O00446,C0085,P0123,F0091,사료,토이푸들,소형,2.6,성견,2.9,,,2026-07-11,1,5,기존 사료 단종돼서 급하게 대체품 찾았어요. 우리 아이가 정말 잘 먹어요. 효과가 좋아서 재구매 의사 있어요!!,1
O00447,C0086,P0124,F0076,사료,시츄,소형,6.7,성견,4.8,,,2025-03-03,1,2,대형견이라 그런지 사료값이 만만치 않아서 가성비 좋은 걸로 골랐어요. 냄새는 맡는데 잘 안 먹어요. 그릇 앞에서 킁킁거리기만 하고 돌아서요. 다른 사료 알아보려고요.,0
O00448,C0086,P0124,F0063,사료,시츄,소형,6.7,성견,4.8,,,2025-03-24,1,5,활력이 좋아진 것 같아요.,0
O00449,C0086,P0124,F0178,간식,시츄,소형,6.7,성견,4.8,,,2026-04-23,1,5,새로운 맛 궁금해서 시켜봤어요. 치석 제거 효과가 있는지 이빨이 깨끗해졌어요. 편식하는 아이도 이건 잘 먹어요. 강아지들 사이에서 인기템이에요.,1
O00450,C0087,P0125,F0036,사료,비숑프리제,소형,4.2,퍼피,0.5,,,2025-03-31,1,1,"다른 간식 섞어줘야 겨우 먹어요. 전혀 안 먹어요, 비추합니다.",0
O00451,C0087,P0125,F0070,사료,비숑프리제,소형,4.2,퍼피,0.5,,,2025-07-25,1,5,입질 심한 아이라 소화 잘되는 걸로 찾았어요. 장이 편안한지 컨디션이 좋아 보여요. 밥 시간마다 꼬리를 흔들면서 달려와요.,0
O00452,C0087,P0125,F0014,사료,비숑프리제,소형,4.2,퍼피,0.5,,,2025-10-29,1,3,기호성은 좋은데 변이 자주 묽게 나와서 고민이에요. 그럭저럭 먹이고 있어요.,0
O00453,C0087,P0125,F0005,사료,비숑프리제,소형,4.2,퍼피,0.5,,,2025-10-30,1,2,소형견이라 알갱이 작은 걸로 찾다가 발견했어요. 가스가 심해진 것 같아요. 변이 좀 무르게 나와요. 다른 사료 알아보려고요.,0
O00454,C0087,P0125,F0008,사료,비숑프리제,소형,4.2,퍼피,0.5,,,2026-01-15,1,4,다른 사료 다 먹여봤는데 이게 제일 잘 맞아서 재구매했어요. 소화가 잘 되는지 방귀 냄새도 줄었어요. 하얀 털 관리 때문에 저알러지 제품을 찾았는데 잘 맞아요.,0
O00455,C0087,P0125,F0050,사료,비숑프리제,소형,4.2,퍼피,0.5,,,2026-03-09,1,5,대용량으로 시켜봤어요. 냄새를 맡자마자 좋아하더라고요. 그릇 비우는 속도가 달라졌어요. 성장기라 그런지 잘 먹고 살도 오르는 것 같아요. 이 사료로 계속 갈 것 같아요.,0
O00456,C0087,P0125,F0078,사료,비숑프리제,소형,4.2,퍼피,0.5,,,2026-06-15,2,4,곡물 알레르기 있어서 곡물프리로 알아보다 구매했어요. 가격은 좀 있는데 그만큼 잘 먹어서 만족해요.,0
O00457,C0087,P0125,F0096,사료,비숑프리제,소형,4.2,퍼피,0.5,,,2026-07-05,1,3,시니어 사료로 갈아탈 시기가 돼서 주문했어요. 그냥 그래요. 가격 대비 괜찮아요. 성장기라 그런지 잘 먹고 살도 오르는 것 같아요.,1
O00458,C0088,P0126,F0038,사료,비글,중형,11.0,성견,3.5,,,2025-10-21,1,4,동물병원에서 체중 관리용으로 추천받았어요. 물에 불리지 않아도 잘 먹어요. 비글답게 먹는 거라면 다 좋아해요.,0
O00459,C0088,P0126,F0169,간식,비글,중형,11.0,성견,3.5,,,2026-02-18,2,4,장난감 대신 씹을 거리로 골랐어요. 손에 들자마자 꼬리 흔들며 달려와요. 중형견이라 적당한 양인 것 같아요. 다른 맛도 사보려고요.,0
O00460,C0088,P0126,F0106,간식,비글,중형,11.0,성견,3.5,,,2026-03-10,1,4,많이 먹어도 속이 편한지 컨디션이 좋아요. 소분하기 좋게 포장돼 있어서 편해요. 훈련용으로 계속 재구매할 것 같아요!!,1
O00461,C0089,P0127,F0032,사료,말티즈,소형,3.0,시니어,9.8,,,2025-10-27,1,3,수의사 추천으로 바꿔봤어요. 나쁘지 않아요. 보통이에요. 나이가 있어서 그런지 예전보다 적게 먹네요. 무난하게 급여 중입니다.,1
O00462,C0090,P0128,F0130,간식,비숑프리제,소형,2.8,퍼피,0.5,,,2024-05-14,1,5,손에 들자마자 꼬리 흔들며 달려와요. 많이 먹어도 속이 편한지 컨디션이 좋아요. 하얀 털 관리 때문에 저알러지 제품을 찾았는데 잘 맞아요. 다른 맛도 사보려고요.,0
O00463,C0090,P0128,F0060,사료,비숑프리제,소형,2.8,퍼피,0.5,,,2025-12-04,1,5,첫 사료라 고민 많이 하다가 골랐어요. 변 색깔이랑 굳기가 딱 좋아요. 편식하던 아이인데 이건 남김없이 먹어요. 하얀 털 관리 때문에 저알러지 제품을 찾았는데 잘 맞아요ㅎㅎ,0
O00464,C0090,P0128,F0019,사료,비숑프리제,소형,2.8,퍼피,0.5,,,2026-08-07,1,5,예민한 장 때문에 저자극 사료 찾던 중이었어요. 소화가 잘 되는지 방귀 냄새도 줄었어요. 활력이 좋아진 것 같아요. 성장기라 그런지 잘 먹고 살도 오르는 것 같아요. 주변 강아지 친구들에게도 추천했어요.,1
O00465,C0091,P0129,F0167,간식,시츄,소형,6.6,성견,3.3,,,2026-06-03,2,4,소형견용 작은 사이즈로 찾다가 발견했어요. 한 개 주면 더 달라고 계속 쳐다봐요. 치석 제거 효과가 있는지 이빨이 깨끗해졌어요!!,0
O00466,C0091,P0129,F0039,사료,시츄,소형,6.6,성견,3.3,,,2026-06-15,1,4,퍼피 전용으로 바꿔주려고 구매했어요. 냄새 맡고 좋아하긴 하는데 이상하게 살은 안 쪄요. 입이 작은 아이라 한 번에 많이는 못 먹어요ㅜㅜ,0
O00467,C0091,P0129,F0198,간식,시츄,소형,6.6,성견,3.3,,,2026-06-20,1,4,치석 관리용으로 알아보다 샀어요. 잘 먹긴 하는데 너무 딱딱해서 걱정돼요. 효과가 좋아서 재구매 의사 있어요.,0
O00468,C0091,P0129,F0016,사료,시츄,소형,6.6,성견,3.3,,,2026-07-09,1,5,예민한 장 때문에 저자극 사료 찾던 중이었어요. 밥 시간마다 꼬리를 흔들면서 달려와요. 사료 그릇을 핥아먹을 정도로 좋아해요.,0
O00469,C0091,P0129,F0032,사료,시츄,소형,6.6,성견,3.3,,,2026-07-24,1,3,기존 사료 단종돼서 급하게 대체품 찾았어요. 맛은 있나 본데 변 냄새가 너무 독해졌어요. 입이 작은 아이라 한 번에 많이는 못 먹어요.,0
O00470,C0091,P0129,F0030,사료,시츄,소형,6.6,성견,3.3,,,2026-08-06,1,3,첫 사료라 고민 많이 하다가 골랐어요. 먹는 건 좋아하는데 방귀 냄새가 심해졌어요. 입이 짧은 시츄인데도 잘 먹어요. 그럭저럭 먹이고 있어요.,1
O00471,C0092,P0130,F0139,간식,치와와,소형,4.5,퍼피,0.7,,,2024-10-27,1,2,퍼피용 부드러운 간식 찾던 중이었어요. 냄새는 좋아하는데 크기가 커서 나눠줘야 해요. 재구매 의사는 없어요.,1
O00472,C0093,P0131,F0107,간식,치와와,소형,4.2,성견,4.0,소고기 알레르기,,2024-01-29,1,3,미용 보상용으로 하나 사봤어요. 맛있게는 먹는데 가격이 좀 부담돼요. 입이 작은 아이라 한 번에 많이는 못 먹어요. 무난하게 급여 중입니다.,0
O00473,C0093,P0131,F0182,간식,치와와,소형,4.2,성견,4.0,소고기 알레르기,,2024-06-01,2,3,가격 대비 괜찮아요. 보통이에요. 예민한 편인 치와와인데 배탈 없이 잘 맞아요.,0
O00474,C0093,P0131,F0198,간식,치와와,소형,4.2,성견,4.0,소고기 알레르기,,2024-09-26,1,4,너무 딱딱하지 않아서 노령견도 잘 씹어요. 훈련할 때 반응이 확실히 좋아졌어요. 소형견이라 알갱이(크기)가 딱 맞아요. 강아지들 사이에서 인기템이에요.,0
O00475,C0093,P0131,F0108,간식,치와와,소형,4.2,성견,4.0,소고기 알레르기,,2025-03-15,1,4,심심할 때 주려고 대용량으로 샀어요. 편식하는 아이도 이건 잘 먹어요. 예민한 편인 치와와인데 배탈 없이 잘 맞아요.,0
O00476,C0093,P0131,F0020,사료,치와와,소형,4.2,성견,4.0,소고기 알레르기,,2025-07-28,1,5,대형견이라 그런지 사료값이 만만치 않아서 가성비 좋은 걸로 골랐어요. 변 상태가 훨씬 단단해졌어요. 장이 편안한지 컨디션이 좋아 보여요. 강력 추천해요.,0
O00477,C0093,P0131,F0194,간식,치와와,소형,4.2,성견,4.0,소고기 알레르기,,2025-12-21,1,5,크기가 적당해서 소형견도 먹기 편해요. 냄새 맡자마자 자리에 앉아서 기다려요.,0
O00478,C0093,P0131,F0042,사료,치와와,소형,4.2,성견,4.0,소고기 알레르기,,2025-12-23,1,5,입질 심한 아이라 소화 잘되는 걸로 찾았어요. 기호성은 최고인데 며칠 먹이니 살짝 가려워하더라고요. 효과가 좋아서 재구매 의사 있어요.,0
O00479,C0093,P0131,F0013,사료,치와와,소형,4.2,성견,4.0,소고기 알레르기,,2026-05-21,1,5,냄새를 맡자마자 좋아하더라고요. 입이 작은 아이라 한 번에 많이는 못 먹어요. 재구매 예정입니다ㅜㅜ,1
O00480,C0093,P0132,F0187,간식,프렌치불독,중형,12.0,성견,3.5,,,2024-09-29,1,5,한 개 주면 더 달라고 계속 쳐다봐요. 냄새 맡자마자 자리에 앉아서 기다려요. 코가 짧은 아이라 급하게 먹다가 사레들릴까 걱정했는데 괜찮아요. 다른 맛도 사보려고요ㅎㅎ,0
O00481,C0093,P0132,F0128,간식,프렌치불독,중형,12.0,성견,3.5,,,2024-10-04,1,5,이빨 약한 노령견용으로 부드러운 걸 찾았어요. 훈련할 때 반응이 확실히 좋아졌어요. 편식하는 아이도 이건 잘 먹어요.,0
O00482,C0093,P0132,F0197,간식,프렌치불독,중형,12.0,성견,3.5,,,2024-12-19,1,5,많이 먹어도 속이 편한지 컨디션이 좋아요. 너무 딱딱하지 않아서 노령견도 잘 씹어요. 훈련용으로 계속 재구매할 것 같아요.,1
O00483,C0094,P0133,F0050,사료,프렌치불독,중형,11.4,성견,6.7,,,2025-09-13,1,2,소화가 잘 안 되는지 토를 몇 번 했어요. 설사를 해서 바로 끊었어요. 중형견이라 적당한 양인 것 같아요. 재구매 의사 없어요.,0
O00484,C0094,P0133,F0102,간식,프렌치불독,중형,11.4,성견,6.7,,,2026-06-24,1,2,장난감 대신 씹을 거리로 골랐어요. 처음엔 잘 먹더니 물려하는지 요즘은 시큰둥해요. 활동량이 있는 편이라 이 정도는 금방 먹어요. 다른 브랜드로 바꿔보려고요.,1
O00485,C0095,P0134,F0186,간식,요크셔테리어,소형,4.6,퍼피,0.6,,,2025-06-09,1,4,소형견용 작은 사이즈로 찾다가 발견했어요. 잘 먹긴 하는데 너무 딱딱해서 걱정돼요. 효과가 좋아서 재구매 의사 있어요.,0
O00486,C0095,P0134,F0042,사료,요크셔테리어,소형,4.6,퍼피,0.6,,,2025-07-11,1,5,우리 아이가 정말 잘 먹어요. 주변 강아지 친구들에게도 추천했어요ㅎㅎ,1
O00487,C0096,P0135,F0067,사료,포메라니안,소형,4.8,성견,6.2,,치아가 약함,2026-05-28,2,4,수의사 추천으로 바꿔봤어요. 물에 불리지 않아도 잘 먹어요. 털에 윤기가 도는 게 눈에 보여요. 입이 작은 아이라 한 번에 많이는 못 먹어요. 이 사료로 계속 갈 것 같아요.,0
O00488,C0096,P0135,F0184,간식,포메라니안,소형,4.8,성견,6.2,,치아가 약함,2026-06-01,1,5,여행 갈 때 간식으로 챙기려고 샀어요. 소분하기 좋게 포장돼 있어서 편해요. 손에 들자마자 꼬리 흔들며 달려와요ㅜㅜ,0
O00489,C0096,P0135,F0170,간식,포메라니안,소형,4.8,성견,6.2,,치아가 약함,2026-08-01,5,4,산책 보상용으로 구매했어요. 치석 제거 효과가 있는지 이빨이 깨끗해졌어요. 크기가 적당해서 소형견도 먹기 편해요. 털이 풍성한 아이라 그런지 피모 개선 효과가 보여요. 강아지들 사이에서 인기템이에요!!,1
O00490,C0097,P0136,F0063,사료,미니어처닥스훈트,소형,5.1,성견,5.9,,,2026-03-09,2,5,동물병원에서 체중 관리용으로 추천받았어요. 편식하던 아이인데 이건 남김없이 먹어요. 변 색깔이랑 굳기가 딱 좋아요.,0
O00491,C0097,P0136,F0016,사료,미니어처닥스훈트,소형,5.1,성견,5.9,,,2026-06-13,1,5,그릇 비우는 속도가 달라졌어요. 사료 그릇을 핥아먹을 정도로 좋아해요. 입이 작은 아이라 한 번에 많이는 못 먹어요.,1
O00492,C0097,P0137,F0014,사료,토이푸들,소형,6.9,퍼피,0.5,,,2023-07-19,5,4,퍼피 전용으로 바꿔주려고 구매했어요. 그릇 비우는 속도가 달라졌어요. 변 상태가 훨씬 단단해졌어요. 이갈이 시기라 씹는 걸 좋아해요. 효과가 좋아서 재구매 의사 있어요!!,0
O00493,C0097,P0137,F0056,사료,토이푸들,소형,6.9,퍼피,0.5,,,2024-03-23,3,3,대용량으로 시켜봤어요. 잘 먹기는 하는데 변이 좀 무르게 나와요. 곱슬곱슬한 털이 더 부드러워진 것 같아요.,0
O00494,C0097,P0137,F0006,사료,토이푸들,소형,6.9,퍼피,0.5,,,2024-06-01,1,4,소형견이라 알갱이 작은 걸로 찾다가 발견했어요. 활력이 좋아진 것 같아요. 소화가 잘 되는지 방귀 냄새도 줄었어요. 재구매 예정입니다.,0
O00495,C0097,P0137,F0025,사료,토이푸들,소형,6.9,퍼피,0.5,,,2026-03-25,1,5,곡물 알레르기 있어서 곡물프리로 알아보다 구매했어요. 장이 편안한지 컨디션이 좋아 보여요. 물에 불리지 않아도 잘 먹어요. 입이 작은 아이라 한 번에 많이는 못 먹어요. 강력 추천해요.,1
O00496,C0097,P0138,F0009,사료,보더콜리,중형,9.2,성견,2.9,곡물 알레르기,,2023-07-09,1,3,리뷰 좋길래 반신반의로 시켜봤어요. 적응 기간엔 잘 먹었는데 점점 흥미를 잃는 것 같아요. 무난하게 급여 중입니다.,0
O00497,C0097,P0138,F0145,간식,보더콜리,중형,9.2,성견,2.9,곡물 알레르기,,2025-11-20,2,4,다이어트 중이라 저칼로리 간식으로 골랐어요. 냄새 맡자마자 자리에 앉아서 기다려요. 치석 제거 효과가 있는지 이빨이 깨끗해졌어요. 활동량이 워낙 많아서 그런지 이 정도 양은 금방 먹어요. 효과가 좋아서 재구매 의사 있어요.,1
O00498,C0098,P0139,F0184,간식,시바견,중형,15.5,퍼피,0.4,,,2024-03-18,2,5,훈련용으로 쓰려고 구매했어요. 잘 먹는데 부스러기가 너무 많이 떨어져요. 강아지들 사이에서 인기템이에요.,1
O00499,C0099,P0140,F0044,사료,시바견,중형,12.1,성견,1.5,,,2025-02-15,2,3,다른 사료 다 먹여봤는데 이게 제일 잘 맞아서 재구매했어요. 특별히 좋지도 나쁘지도 않아요. 활동량이 있는 편이라 이 정도는 금방 먹어요. 무난하게 급여 중입니다.,0
O00500,C0099,P0140,F0163,간식,시바견,중형,12.1,성견,1.5,,,2025-03-01,1,4,새로운 맛 궁금해서 시켜봤어요. 편식하는 아이도 이건 잘 먹어요. 다른 맛도 사보려고요.,0
O00501,C0099,P0140,F0164,간식,시바견,중형,12.1,성견,1.5,,,2025-04-04,1,5,훈련용으로 쓰려고 구매했어요. 잘 씹어 먹긴 하는데 양이 너무 적어서 금방 없어져요. 훈련용으로 계속 재구매할 것 같아요.,0
O00502,C0099,P0140,F0002,사료,시바견,중형,12.1,성견,1.5,,,2025-04-17,2,5,시니어 사료로 갈아탈 시기가 돼서 주문했어요. 양은 적당한데 곡물이 들어있어서 우리 아이한테는 살짝 안 맞았어요. 이 사료로 계속 갈 것 같아요.,0
O00503,C0099,P0140,F0161,간식,시바견,중형,12.1,성견,1.5,,,2025-07-23,3,4,크기가 적당해서 소형견도 먹기 편해요. 한 개 주면 더 달라고 계속 쳐다봐요. 중형견이라 적당한 양인 것 같아요. 강아지들 사이에서 인기템이에요ㅎㅎ,0
O00504,C0099,P0140,F0175,간식,시바견,중형,12.1,성견,1.5,,,2025-11-11,2,3,심심할 때 주려고 대용량으로 샀어요. 냄새는 좋아하는데 크기가 커서 나눠줘야 해요.,1
O00505,C0100,P0141,F0190,간식,골든리트리버,대형,38.4,성견,6.9,,,2025-04-23,3,5,여행 갈 때 간식으로 챙기려고 샀어요. 소분하기 좋게 포장돼 있어서 편해요. 너무 딱딱하지 않아서 노령견도 잘 씹어요. 덩치가 커서 그런지 먹는 양도 많아요.,0
O00506,C0100,P0141,F0062,사료,골든리트리버,대형,38.4,성견,6.9,,,2025-08-25,1,3,동물병원에서 체중 관리용으로 추천받았어요. 기호성은 좋은데 변이 자주 묽게 나와서 고민이에요.,1
O00507,C0100,P0142,F0189,간식,미니어처닥스훈트,소형,4.1,시니어,10.7,특정 단백질 민감,,2025-05-01,1,5,훈련할 때 반응이 확실히 좋아졌어요. 소형견이라 알갱이(크기)가 딱 맞아요. 다른 맛도 사보려고요.,0
O00508,C0100,P0142,F0005,사료,미니어처닥스훈트,소형,4.1,시니어,10.7,특정 단백질 민감,,2025-07-03,2,5,입질 심한 아이라 소화 잘되는 걸로 찾았어요. 밥 시간마다 꼬리를 흔들면서 달려와요. 주변 강아지 친구들에게도 추천했어요.,0
O00509,C0100,P0142,F0054,사료,미니어처닥스훈트,소형,4.1,시니어,10.7,특정 단백질 민감,,2026-01-18,3,2,"가격은 좀 있는데 그만큼 잘 먹어서 만족해요. 전혀 안 먹어요, 비추합니다.",1
O00510,C0101,P0143,F0153,간식,말티즈,소형,4.0,성견,1.4,,,2025-08-28,1,4,퍼피용 부드러운 간식 찾던 중이었어요. 좋아하긴 하는데 먹고 나서 변이 좀 물러요. 훈련용으로 계속 재구매할 것 같아요.,0
O00511,C0101,P0143,F0139,간식,말티즈,소형,4.0,성견,1.4,,,2025-09-23,1,3,새로운 맛 궁금해서 시켜봤어요. 무난하게 주고 있어요. 가격 대비 괜찮아요. 말티즈 특유로 까다롭게 골라 먹는 편인데 이건 잘 먹어요. 그냥저냥 주고 있어요!!,0
O00512,C0101,P0143,F0096,사료,말티즈,소형,4.0,성견,1.4,,,2026-02-28,1,5,기존 사료 단종돼서 급하게 대체품 찾았어요. 변 색깔이랑 굳기가 딱 좋아요. 냄새를 맡자마자 좋아하더라고요. 말티즈 특유로 까다롭게 골라 먹는 편인데 이건 잘 먹어요. 강력 추천해요.,0
O00513,C0101,P0143,F0094,사료,말티즈,소형,4.0,성견,1.4,,,2026-03-19,2,4,털에 윤기가 도는 게 눈에 보여요. 우리 아이가 정말 잘 먹어요. 효과가 좋아서 재구매 의사 있어요.,1
O00514,C0101,P0144,F0084,사료,비숑프리제,소형,6.8,퍼피,0.4,,,2025-11-26,1,3,소형견이라 알갱이 작은 걸로 찾다가 발견했어요. 냄새 맡고 좋아하긴 하는데 이상하게 살은 안 쪄요. 성장기라 그런지 잘 먹고 살도 오르는 것 같아요. 그럭저럭 먹이고 있어요~,1
O00515,C0102,P0145,F0044,사료,시바견,중형,17.4,성견,3.2,,,2023-10-02,1,5,다른 사료 다 먹여봤는데 이게 제일 잘 맞아서 재구매했어요. 편식하던 아이인데 이건 남김없이 먹어요. 물에 불리지 않아도 잘 먹어요. 재구매 예정입니다.,0
O00516,C0102,P0145,F0001,사료,시바견,중형,17.4,성견,3.2,,,2024-06-08,1,5,첫 사료라 고민 많이 하다가 골랐어요. 우리 아이가 정말 잘 먹어요. 장이 편안한지 컨디션이 좋아 보여요. 이 사료로 계속 갈 것 같아요ㅜㅜ,0
O00517,C0102,P0145,F0031,사료,시바견,중형,17.4,성견,3.2,,,2024-10-20,2,5,수의사 추천으로 바꿔봤어요. 그릇 비우는 속도가 달라졌어요. 변 상태가 훨씬 단단해졌어요. 주변 강아지 친구들에게도 추천했어요.,0
O00518,C0102,P0145,F0005,사료,시바견,중형,17.4,성견,3.2,,,2025-05-06,1,5,퍼피 전용으로 바꿔주려고 구매했어요. 사료 그릇을 핥아먹을 정도로 좋아해요. 밥 시간마다 꼬리를 흔들면서 달려와요.,0
O00519,C0102,P0145,F0062,사료,시바견,중형,17.4,성견,3.2,,,2025-07-07,1,3,리뷰 좋길래 반신반의로 시켜봤어요. 무난하게 먹입니다. 그럭저럭 먹고 있어요.,0
O00520,C0102,P0145,F0027,사료,시바견,중형,17.4,성견,3.2,,,2025-11-20,1,4,"대용량으로 시켜봤어요. 처음엔 잘 먹더니 요즘은 시들해요, 그래도 소화는 잘 되는 것 같아요. 중형견이라 적당한 양인 것 같아요. 강력 추천해요.",0
O00521,C0102,P0145,F0074,사료,시바견,중형,17.4,성견,3.2,,,2026-03-06,1,4,편식하던 아이인데 이건 남김없이 먹어요. 이 사료로 계속 갈 것 같아요.,0
O00522,C0102,P0145,F0080,사료,시바견,중형,17.4,성견,3.2,,,2026-08-01,1,5,예민한 장 때문에 저자극 사료 찾던 중이었어요. 소화가 잘 되는지 방귀 냄새도 줄었어요. 냄새를 맡자마자 좋아하더라고요. 주변 강아지 친구들에게도 추천했어요.,1
O00523,C0103,P0146,F0100,사료,프렌치불독,중형,17.2,성견,3.6,,,2024-08-14,1,3,시니어 사료로 갈아탈 시기가 돼서 주문했어요. 무난하게 먹입니다. 특별히 좋지도 나쁘지도 않아요. 그럭저럭 먹이고 있어요.,0
O00524,C0103,P0146,F0004,사료,프렌치불독,중형,17.2,성견,3.6,,,2024-10-10,2,4,대형견이라 그런지 사료값이 만만치 않아서 가성비 좋은 걸로 골랐어요. 변 색깔이랑 굳기가 딱 좋아요. 털에 윤기가 도는 게 눈에 보여요. 효과가 좋아서 재구매 의사 있어요.,0
O00525,C0103,P0146,F0017,사료,프렌치불독,중형,17.2,성견,3.6,,,2025-01-19,1,4,곡물 알레르기 있어서 곡물프리로 알아보다 구매했어요. 적응 기간엔 잘 먹었는데 점점 흥미를 잃는 것 같아요. 재구매 예정입니다.,0
O00526,C0103,P0146,F0098,사료,프렌치불독,중형,17.2,성견,3.6,,,2025-05-29,3,4,시니어 사료로 갈아탈 시기가 돼서 주문했어요. 활력이 좋아진 것 같아요. 냄새를 맡자마자 좋아하더라고요. 주변 강아지 친구들에게도 추천했어요~,1
O00527,C0104,P0147,F0081,사료,치와와,소형,4.6,성견,4.3,,,2023-10-17,3,2,입질 심한 아이라 소화 잘되는 걸로 찾았어요. 잘 먹기는 하는데 변이 좀 무르게 나와요. 소형견이라 알갱이(크기)가 딱 맞아요. 환불 문의했어요.,1
O00528,C0104,P0148,F0052,사료,시츄,소형,3.0,시니어,12.4,,,2023-09-30,1,2,소형견이라 알갱이 작은 걸로 찾다가 발견했어요. 가스가 심해진 것 같아요. 처음엔 좀 먹더니 며칠 지나니 안 먹으려고 해요. 입이 짧은 시츄인데도 잘 먹어요. 다른 사료 알아보려고요.,0
O00529,C0104,P0148,F0184,간식,시츄,소형,3.0,시니어,12.4,,,2024-05-04,1,5,미용 보상용으로 하나 사봤어요. 손에 들자마자 꼬리 흔들며 달려와요. 많이 먹어도 속이 편한지 컨디션이 좋아요.,0
O00530,C0104,P0148,F0194,간식,시츄,소형,3.0,시니어,12.4,,,2025-11-15,1,4,다이어트 중이라 저칼로리 간식으로 골랐어요. 편식하는 아이도 이건 잘 먹어요. 너무 딱딱하지 않아서 노령견도 잘 씹어요. 효과가 좋아서 재구매 의사 있어요.,1
O00531,C0104,P0149,F0147,간식,비글,중형,11.7,시니어,9.5,,,2025-09-07,1,2,이빨 약한 노령견용으로 부드러운 걸 찾았어요. 크기가 너무 커서 소형견은 나눠줘야 해요. 부스러기가 많이 떨어져서 청소가 번거로워요. 재구매 의사는 없어요~,0
O00532,C0104,P0149,F0077,사료,비글,중형,11.7,시니어,9.5,,,2026-06-14,5,4,대용량으로 시켜봤어요. 밥 시간마다 꼬리를 흔들면서 달려와요. 편식하던 아이인데 이건 남김없이 먹어요. 나이가 있어서 그런지 예전보다 적게 먹네요. 효과가 좋아서 재구매 의사 있어요.,1
O00533,C0105,P0150,F0163,간식,비숑프리제,소형,5.6,시니어,8.7,,,2026-01-11,1,4,치석 관리용으로 알아보다 샀어요. 소분하기 좋게 포장돼 있어서 편해요. 냄새 맡자마자 자리에 앉아서 기다려요. 훈련용으로 계속 재구매할 것 같아요.,0
O00534,C0105,P0150,F0018,사료,비숑프리제,소형,5.6,시니어,8.7,,,2026-03-15,1,5,동물병원에서 체중 관리용으로 추천받았어요. 물에 불리지 않아도 잘 먹어요. 강력 추천해요.,1
O00535,C0106,P0151,F0141,간식,프렌치불독,중형,12.5,퍼피,0.5,,,2025-06-08,1,3,산책 보상용으로 구매했어요. 처음엔 잘 먹더니 물려하는지 요즘은 시큰둥해요.,0
O00536,C0106,P0151,F0181,간식,프렌치불독,중형,12.5,퍼피,0.5,,,2025-06-16,1,4,장난감 대신 씹을 거리로 골랐어요. 많이 먹어도 속이 편한지 컨디션이 좋아요. 한 개 주면 더 달라고 계속 쳐다봐요. 효과가 좋아서 재구매 의사 있어요.,0
O00537,C0106,P0151,F0021,사료,프렌치불독,중형,12.5,퍼피,0.5,,,2026-02-02,1,1,"냄새는 맡는데 잘 안 먹어요. 변이 좀 무르게 나와요. 중형견이라 적당한 양인 것 같아요. 전혀 안 먹어요, 비추합니다.",1
O00538,C0107,P0152,F0040,사료,프렌치불독,중형,11.9,성견,1.1,,,2023-09-18,2,4,다른 사료 다 먹여봤는데 이게 제일 잘 맞아서 재구매했어요. 사료 그릇을 핥아먹을 정도로 좋아해요. 활동량이 있는 편이라 이 정도는 금방 먹어요. 이 사료로 계속 갈 것 같아요.,0
O00539,C0107,P0152,F0136,간식,프렌치불독,중형,11.9,성견,1.1,,,2023-10-24,1,5,소형견용 작은 사이즈로 찾다가 발견했어요. 크기가 적당해서 소형견도 먹기 편해요. 손에 들자마자 꼬리 흔들며 달려와요.,0
O00540,C0107,P0152,F0043,사료,프렌치불독,중형,11.9,성견,1.1,,,2024-07-08,1,5,수의사 추천으로 바꿔봤어요. 변 색깔이랑 굳기가 딱 좋아요. 소화가 잘 되는지 방귀 냄새도 줄었어요. 재구매 예정입니다.,1
O00541,C0108,P0153,F0185,간식,시바견,중형,8.1,성견,1.3,소고기 알레르기,,2025-10-15,1,5,여행 갈 때 간식으로 챙기려고 샀어요. 좋아하긴 하는데 며칠 먹이니 살짝 가려워하는 것 같아요. 강아지들 사이에서 인기템이에요.,0
O00542,C0108,P0153,F0013,사료,시바견,중형,8.1,성견,1.3,소고기 알레르기,,2026-05-04,1,4,퍼피 전용으로 바꿔주려고 구매했어요. 장이 편안한지 컨디션이 좋아 보여요. 그릇 비우는 속도가 달라졌어요. 시바견 특유의 도도함 때문인지 입맛이 까다로운 편이에요.,1
O00543,C0109,P0154,F0022,사료,코커스패니얼,중형,9.4,성견,2.6,,,2024-05-19,1,5,예민한 장 때문에 저자극 사료 찾던 중이었어요. 우리 아이가 정말 잘 먹어요. 활력이 좋아진 것 같아요. 활동량이 많은 편이라 잘 먹고 잘 뛰어놀아요. 강력 추천해요.,0
O00544,C0109,P0154,F0158,간식,코커스패니얼,중형,9.4,성견,2.6,,,2024-09-13,2,3,그냥 그래요. 나쁘지 않아요. 그냥저냥 주고 있어요.,0
O00545,C0109,P0154,F0173,간식,코커스패니얼,중형,9.4,성견,2.6,,,2025-04-06,1,4,다이어트 중이라 저칼로리 간식으로 골랐어요. 치석 제거 효과가 있는지 이빨이 깨끗해졌어요. 훈련할 때 반응이 확실히 좋아졌어요. 다른 맛도 사보려고요~,0
O00546,C0109,P0154,F0017,사료,코커스패니얼,중형,9.4,성견,2.6,,,2025-11-14,1,5,곡물 알레르기 있어서 곡물프리로 알아보다 구매했어요. 털에 윤기가 도는 게 눈에 보여요. 변 상태가 훨씬 단단해졌어요. 이 사료로 계속 갈 것 같아요.,0
O00547,C0109,P0154,F0030,사료,코커스패니얼,중형,9.4,성견,2.6,,,2025-11-28,1,3,기존 사료 단종돼서 급하게 대체품 찾았어요. 그럭저럭 먹고 있어요. 가격 대비 괜찮아요. 무난하게 급여 중입니다~,0
O00548,C0109,P0154,F0158,간식,코커스패니얼,중형,9.4,성견,2.6,,,2026-05-25,1,4,치석 관리용으로 알아보다 샀어요. 치석 제거 효과가 있는지 이빨이 깨끗해졌어요. 다른 맛도 사보려고요!!,1
O00549,C0110,P0155,F0023,사료,코커스패니얼,중형,10.5,퍼피,0.4,소고기 알레르기,,2025-10-30,3,2,다른 간식 섞어줘야 겨우 먹어요. 활동량이 많은 편이라 잘 먹고 잘 뛰어놀아요. 재구매 의사 없어요.,0
O00550,C0110,P0155,F0024,사료,코커스패니얼,중형,10.5,퍼피,0.4,소고기 알레르기,,2026-02-19,1,2,그릇 앞에서 킁킁거리기만 하고 돌아서요. 입맛에 안 맞는지 자꾸 남겨요.,0
O00551,C0110,P0155,F0071,사료,코커스패니얼,중형,10.5,퍼피,0.4,소고기 알레르기,,2026-05-14,1,5,리뷰 좋길래 반신반의로 시켜봤어요. 장이 편안한지 컨디션이 좋아 보여요. 우리 아이가 정말 잘 먹어요. 효과가 좋아서 재구매 의사 있어요ㅜㅜ,1
O00552,C0110,P0156,F0136,간식,셰퍼드,대형,29.7,성견,4.2,,치아가 약함,2023-09-14,1,3,훈련용으로 쓰려고 구매했어요. 특별한 건 없어요. 그냥 그래요.,0
O00553,C0110,P0156,F0088,사료,셰퍼드,대형,29.7,성견,4.2,,치아가 약함,2025-05-11,1,5,대형견이라 그런지 사료값이 만만치 않아서 가성비 좋은 걸로 골랐어요. 밥 시간마다 꼬리를 흔들면서 달려와요. 냄새를 맡자마자 좋아하더라고요. 재구매 예정입니다.,1
O00554,C0111,P0157,F0117,간식,요크셔테리어,소형,3.1,성견,1.4,곡물 알레르기,,2023-07-08,1,3,심심할 때 주려고 대용량으로 샀어요. 나쁘지 않아요. 소형견이라 알갱이(크기)가 딱 맞아요. 무난하게 급여 중입니다ㅜㅜ,0
O00555,C0111,P0157,F0092,사료,요크셔테리어,소형,3.1,성견,1.4,곡물 알레르기,,2023-10-25,1,4,첫 사료라 고민 많이 하다가 골랐어요. 활력이 좋아진 것 같아요. 주변 강아지 친구들에게도 추천했어요.,0
O00556,C0111,P0157,F0049,사료,요크셔테리어,소형,3.1,성견,1.4,곡물 알레르기,,2025-02-10,1,3,대형견이라 그런지 사료값이 만만치 않아서 가성비 좋은 걸로 골랐어요. 맛은 있나 본데 변 냄새가 너무 독해졌어요. 그럭저럭 먹이고 있어요!!,0
O00557,C0111,P0157,F0001,사료,요크셔테리어,소형,3.1,성견,1.4,곡물 알레르기,,2025-07-28,2,3,대용량으로 시켜봤어요. 기호성은 최고인데 며칠 먹이니 살짝 가려워하더라고요. 무난하게 급여 중입니다.,1
O00558,C0111,P0158,F0191,간식,도베르만,대형,28.4,퍼피,0.9,,비만 관리 중,2023-11-06,1,5,미용 보상용으로 하나 사봤어요. 맛있게는 먹는데 가격이 좀 부담돼요.,0
O00559,C0111,P0158,F0007,사료,도베르만,대형,28.4,퍼피,0.9,,비만 관리 중,2024-06-29,1,4,기존 사료 단종돼서 급하게 대체품 찾았어요. 소화가 잘 되는지 방귀 냄새도 줄었어요. 물에 불리지 않아도 잘 먹어요. 덩치가 커서 그런지 먹는 양도 많아요.,0
O00560,C0111,P0158,F0153,간식,도베르만,대형,28.4,퍼피,0.9,,비만 관리 중,2024-09-06,1,5,새로운 맛 궁금해서 시켜봤어요. 많이 먹어도 속이 편한지 컨디션이 좋아요. 성장기라 그런지 잘 먹고 살도 오르는 것 같아요. 강아지들 사이에서 인기템이에요.,1
O00561,C0112,P0159,F0034,사료,비숑프리제,소형,4.8,시니어,10.6,,,2025-03-01,1,5,사료 그릇을 핥아먹을 정도로 좋아해요. 변 색깔이랑 굳기가 딱 좋아요. 소형견이라 알갱이(크기)가 딱 맞아요. 효과가 좋아서 재구매 의사 있어요.,0
O00562,C0112,P0159,F0151,간식,비숑프리제,소형,4.8,시니어,10.6,,,2026-01-30,1,5,이빨 약한 노령견용으로 부드러운 걸 찾았어요. 편식하는 아이도 이건 잘 먹어요. 하얀 털 관리 때문에 저알러지 제품을 찾았는데 잘 맞아요. 효과가 좋아서 재구매 의사 있어요.,0
O00563,C0112,P0159,F0070,사료,비숑프리제,소형,4.8,시니어,10.6,,,2026-02-16,2,3,먹는 건 좋아하는데 방귀 냄새가 심해졌어요. 그럭저럭 먹이고 있어요.,0
O00564,C0112,P0159,F0076,사료,비숑프리제,소형,4.8,시니어,10.6,,,2026-02-24,1,4,수의사 추천으로 바꿔봤어요. 잘 먹는 편인데 가끔 토를 해서 지켜보고 있어요. 노령견이라 소화가 잘 되는지 걱정했는데 다행히 괜찮아요. 강력 추천해요.,0
O00565,C0112,P0159,F0117,간식,비숑프리제,소형,4.8,시니어,10.6,,,2026-03-01,5,5,장난감 대신 씹을 거리로 골랐어요. 손에 들자마자 꼬리 흔들며 달려와요. 냄새 맡자마자 자리에 앉아서 기다려요. 훈련용으로 계속 재구매할 것 같아요.,0
O00566,C0112,P0159,F0037,사료,비숑프리제,소형,4.8,시니어,10.6,,,2026-03-22,1,5,퍼피 전용으로 바꿔주려고 구매했어요. 잘 먹는데 사료 냄새가 집안에 좀 남아요. 재구매 예정입니다.,1
O00567,C0113,P0160,F0042,사료,치와와,소형,5.0,성견,1.4,,,2026-02-09,1,2,동물병원에서 체중 관리용으로 추천받았어요. 소화가 잘 안 되는지 토를 몇 번 했어요. 입이 작은 아이라 한 번에 많이는 못 먹어요ㅜㅜ,0
O00568,C0113,P0160,F0121,간식,치와와,소형,5.0,성견,1.4,,,2026-04-23,1,5,산책 보상용으로 구매했어요. 한 개 주면 더 달라고 계속 쳐다봐요. 너무 딱딱하지 않아서 노령견도 잘 씹어요. 훈련용으로 계속 재구매할 것 같아요.,0
O00569,C0113,P0160,F0132,간식,치와와,소형,5.0,성견,1.4,,,2026-06-25,1,3,소형견용 작은 사이즈로 찾다가 발견했어요. 가격 대비 괜찮아요. 특별한 건 없어요.,0
O00570,C0113,P0160,F0193,간식,치와와,소형,5.0,성견,1.4,,,2026-07-25,3,4,퍼피용 부드러운 간식 찾던 중이었어요. 훈련할 때 반응이 확실히 좋아졌어요. 크기가 적당해서 소형견도 먹기 편해요. 입이 작은 아이라 한 번에 많이는 못 먹어요.,0
O00571,C0113,P0160,F0044,사료,치와와,소형,5.0,성견,1.4,,,2026-08-03,1,4,입질 심한 아이라 소화 잘되는 걸로 찾았어요. 양은 적당한데 곡물이 들어있어서 우리 아이한테는 살짝 안 맞았어요. 주변 강아지 친구들에게도 추천했어요.,0
O00572,C0113,P0160,F0049,사료,치와와,소형,5.0,성견,1.4,,,2026-08-08,1,5,리뷰 좋길래 반신반의로 시켜봤어요. 털에 윤기가 도는 게 눈에 보여요. 변 상태가 훨씬 단단해졌어요. 이 사료로 계속 갈 것 같아요ㅎㅎ,0
O00573,C0113,P0160,F0184,간식,치와와,소형,5.0,성견,1.4,,,2026-08-08,1,5,장난감 대신 씹을 거리로 골랐어요. 소분하기 좋게 포장돼 있어서 편해요. 편식하는 아이도 이건 잘 먹어요.,0
O00574,C0113,P0160,F0019,사료,치와와,소형,5.0,성견,1.4,,,2026-08-11,3,5,다른 사료 다 먹여봤는데 이게 제일 잘 맞아서 재구매했어요. 그릇 비우는 속도가 달라졌어요. 편식하던 아이인데 이건 남김없이 먹어요~,1
O00575,C0114,P0161,F0045,사료,치와와,소형,5.9,성견,5.7,,,2025-11-22,1,4,시니어 사료로 갈아탈 시기가 돼서 주문했어요. 잘 먹는 편인데 가끔 토를 해서 지켜보고 있어요. 주변 강아지 친구들에게도 추천했어요.,0
O00576,C0114,P0161,F0032,사료,치와와,소형,5.9,성견,5.7,,,2026-04-10,1,2,잘 먹기는 하는데 변이 좀 무르게 나와요. 환불 문의했어요.,0
O00577,C0114,P0161,F0094,사료,치와와,소형,5.9,성견,5.7,,,2026-07-06,1,3,적응 기간엔 잘 먹었는데 점점 흥미를 잃는 것 같아요. 치와와라 양을 조금만 줘도 충분해요.,0
O00578,C0114,P0161,F0176,간식,치와와,소형,5.9,성견,5.7,,,2026-07-23,1,4,새로운 맛 궁금해서 시켜봤어요. 냄새 맡자마자 자리에 앉아서 기다려요. 크기가 적당해서 소형견도 먹기 편해요. 다른 맛도 사보려고요.,1
O00579,C0115,P0162,F0044,사료,미니어처닥스훈트,소형,4.6,성견,2.9,,,2025-04-11,1,4,곡물 알레르기 있어서 곡물프리로 알아보다 구매했어요. 활력이 좋아진 것 같아요. 소화가 잘 되는지 방귀 냄새도 줄었어요. 허리가 약한 아이라 체중 관리에 신경 쓰는데 도움이 되는 것 같아요.,0
O00580,C0115,P0162,F0069,사료,미니어처닥스훈트,소형,4.6,성견,2.9,,,2026-01-18,1,5,소형견이라 알갱이 작은 걸로 찾다가 발견했어요. 변 색깔이랑 굳기가 딱 좋아요. 털에 윤기가 도는 게 눈에 보여요. 소형견이라 알갱이(크기)가 딱 맞아요. 효과가 좋아서 재구매 의사 있어요.,0
O00581,C0115,P0162,F0195,간식,미니어처닥스훈트,소형,4.6,성견,2.9,,,2026-03-24,1,5,소형견용 작은 사이즈로 찾다가 발견했어요. 훈련할 때 반응이 확실히 좋아졌어요. 소분하기 좋게 포장돼 있어서 편해요. 입이 작은 아이라 한 번에 많이는 못 먹어요. 강아지들 사이에서 인기템이에요.,1
O00582,C0116,P0163,F0054,사료,토이푸들,소형,3.0,성견,3.2,,,2023-02-10,3,5,예민한 장 때문에 저자극 사료 찾던 중이었어요. 그릇 비우는 속도가 달라졌어요. 변 상태가 훨씬 단단해졌어요. 입이 작은 아이라 한 번에 많이는 못 먹어요. 강력 추천해요.,0
O00583,C0116,P0163,F0086,사료,토이푸들,소형,3.0,성견,3.2,,,2026-02-20,1,4,첫 사료라 고민 많이 하다가 골랐어요. 우리 아이가 정말 잘 먹어요. 재구매 예정입니다.,1
O00584,C0116,P0164,F0092,사료,토이푸들,소형,3.4,성견,3.0,피부 알레르기 체질,,2025-01-22,1,3,기존 사료 단종돼서 급하게 대체품 찾았어요. 나쁘지 않아요. 보통이에요. 무난하게 급여 중입니다.,0
O00585,C0116,P0164,F0086,사료,토이푸들,소형,3.4,성견,3.0,피부 알레르기 체질,,2025-04-04,1,3,소형견이라 알갱이 작은 걸로 찾다가 발견했어요. 양은 적당한데 곡물이 들어있어서 우리 아이한테는 살짝 안 맞았어요. 입이 작은 아이라 한 번에 많이는 못 먹어요.,0
O00586,C0116,P0164,F0069,사료,토이푸들,소형,3.4,성견,3.0,피부 알레르기 체질,,2026-07-11,2,3,"수의사 추천으로 바꿔봤어요. 처음엔 잘 먹더니 요즘은 시들해요, 그래도 소화는 잘 되는 것 같아요. 곱슬곱슬한 털이 더 부드러워진 것 같아요. 그럭저럭 먹이고 있어요.",1
O00587,C0117,P0165,F0009,사료,골든리트리버,대형,34.1,성견,3.1,,,2025-10-02,1,5,대형견이라 그런지 사료값이 만만치 않아서 가성비 좋은 걸로 골랐어요. 장이 편안한지 컨디션이 좋아 보여요. 이 사료로 계속 갈 것 같아요.,0
O00588,C0117,P0165,F0077,사료,골든리트리버,대형,34.1,성견,3.1,,,2025-11-11,1,5,편식하던 아이인데 이건 남김없이 먹어요. 효과가 좋아서 재구매 의사 있어요.,0
O00589,C0117,P0165,F0179,간식,골든리트리버,대형,34.1,성견,3.1,,,2025-11-26,1,4,미용 보상용으로 하나 사봤어요. 손에 들자마자 꼬리 흔들며 달려와요. 골든리트리버답게 뭐든 잘 먹는 편이에요. 효과가 좋아서 재구매 의사 있어요.,0
O00590,C0117,P0165,F0047,사료,골든리트리버,대형,34.1,성견,3.1,,,2026-02-13,1,4,대용량으로 시켜봤어요. 냄새를 맡자마자 좋아하더라고요. 밥 시간마다 꼬리를 흔들면서 달려와요. 재구매 예정입니다~,0
O00591,C0117,P0165,F0126,간식,골든리트리버,대형,34.1,성견,3.1,,,2026-05-17,2,4,치석 관리용으로 알아보다 샀어요. 많이 먹어도 속이 편한지 컨디션이 좋아요. 한 개 주면 더 달라고 계속 쳐다봐요. 골든리트리버답게 뭐든 잘 먹는 편이에요. 효과가 좋아서 재구매 의사 있어요!!,0
O00592,C0117,P0165,F0064,사료,골든리트리버,대형,34.1,성견,3.1,,,2026-05-27,3,5,퍼피 전용으로 바꿔주려고 구매했어요. 사료 그릇을 핥아먹을 정도로 좋아해요. 골든리트리버답게 뭐든 잘 먹는 편이에요. 강력 추천해요ㅜㅜ,1
O00593,C0117,P0166,F0001,사료,시츄,소형,5.4,성견,4.5,,,2025-06-15,1,3,입질 심한 아이라 소화 잘되는 걸로 찾았어요. 그냥 그래요. 무난하게 급여 중입니다.,0
O00594,C0117,P0166,F0041,사료,시츄,소형,5.4,성견,4.5,,,2025-07-07,2,4,다른 사료 다 먹여봤는데 이게 제일 잘 맞아서 재구매했어요. 물에 불리지 않아도 잘 먹어요. 우리 아이가 정말 잘 먹어요. 입이 짧은 시츄인데도 잘 먹어요. 이 사료로 계속 갈 것 같아요.,0
O00595,C0117,P0166,F0022,사료,시츄,소형,5.4,성견,4.5,,,2025-07-21,1,5,예민한 장 때문에 저자극 사료 찾던 중이었어요. 맛은 있나 본데 변 냄새가 너무 독해졌어요. 소형견이라 알갱이(크기)가 딱 맞아요.,0
O00596,C0117,P0166,F0100,사료,시츄,소형,5.4,성견,4.5,,,2025-10-13,1,3,첫 사료라 고민 많이 하다가 골랐어요. 그냥 그래요. 보통이에요. 무난하게 급여 중입니다~,0
O00597,C0117,P0166,F0062,사료,시츄,소형,5.4,성견,4.5,,,2025-12-06,1,2,리뷰 좋길래 반신반의로 시켜봤어요. 먹는 건 좋아하는데 방귀 냄새가 심해졌어요. 입이 짧은 시츄인데도 잘 먹어요. 재구매 의사 없어요.,0
O00598,C0117,P0166,F0069,사료,시츄,소형,5.4,성견,4.5,,,2026-01-14,1,5,곡물 알레르기 있어서 곡물프리로 알아보다 구매했어요. 냄새를 맡자마자 좋아하더라고요. 물에 불리지 않아도 잘 먹어요. 입이 작은 아이라 한 번에 많이는 못 먹어요. 주변 강아지 친구들에게도 추천했어요.,0
O00599,C0117,P0166,F0094,사료,시츄,소형,5.4,성견,4.5,,,2026-03-18,1,4,동물병원에서 체중 관리용으로 추천받았어요. 가격은 좀 있는데 그만큼 잘 먹어서 만족해요. 입이 작은 아이라 한 번에 많이는 못 먹어요.,0
O00600,C0117,P0166,F0067,사료,시츄,소형,5.4,성견,4.5,,,2026-08-02,1,4,시니어 사료로 갈아탈 시기가 돼서 주문했어요. 털에 윤기가 도는 게 눈에 보여요. 밥 시간마다 꼬리를 흔들면서 달려와요. 입이 짧은 시츄인데도 잘 먹어요. 효과가 좋아서 재구매 의사 있어요ㅎㅎ,1
O00601,C0118,P0167,F0154,간식,비글,중형,13.7,시니어,11.6,,,2026-03-10,1,5,너무 딱딱하지 않아서 노령견도 잘 씹어요. 치석 제거 효과가 있는지 이빨이 깨끗해졌어요. 다른 맛도 사보려고요.,0
O00602,C0118,P0167,F0020,사료,비글,중형,13.7,시니어,11.6,,,2026-06-06,1,3,대형견이라 그런지 사료값이 만만치 않아서 가성비 좋은 걸로 골랐어요. 냄새 맡고 좋아하긴 하는데 이상하게 살은 안 쪄요. 이빨이 약해진 나이라 부드러운 걸 좋아해요. 그럭저럭 먹이고 있어요.,0
O00603,C0118,P0167,F0072,사료,비글,중형,13.7,시니어,11.6,,,2026-06-09,3,4,입질 심한 아이라 소화 잘되는 걸로 찾았어요. 장이 편안한지 컨디션이 좋아 보여요. 노령견이라 소화가 잘 되는지 걱정했는데 다행히 괜찮아요.,0
O00604,C0118,P0167,F0159,간식,비글,중형,13.7,시니어,11.6,,,2026-07-30,1,5,치석 제거 효과가 있는지 이빨이 깨끗해졌어요. 손에 들자마자 꼬리 흔들며 달려와요. 훈련용으로 계속 재구매할 것 같아요.,1
O00605,C0118,P0168,F0045,사료,셰퍼드,대형,21.9,성견,6.1,,,2026-03-30,3,5,동물병원에서 체중 관리용으로 추천받았어요. 사료 그릇을 핥아먹을 정도로 좋아해요. 변 색깔이랑 굳기가 딱 좋아요. 강력 추천해요ㅎㅎ,0
O00606,C0118,P0168,F0044,사료,셰퍼드,대형,21.9,성견,6.1,,,2026-07-27,1,4,기존 사료 단종돼서 급하게 대체품 찾았어요. 기호성은 좋은데 변이 자주 묽게 나와서 고민이에요. 덩치가 커서 그런지 먹는 양도 많아요.,1
O00607,C0119,P0169,F0043,사료,코커스패니얼,중형,19.0,성견,3.7,,,2025-10-16,1,3,잘 먹는데 사료 냄새가 집안에 좀 남아요. 그럭저럭 먹이고 있어요.,0
O00608,C0119,P0169,F0148,간식,코커스패니얼,중형,19.0,성견,3.7,,,2026-01-15,3,5,산책 보상용으로 구매했어요. 너무 딱딱하지 않아서 노령견도 잘 씹어요. 편식하는 아이도 이건 잘 먹어요. 강아지들 사이에서 인기템이에요.,0
O00609,C0119,P0169,F0052,사료,코커스패니얼,중형,19.0,성견,3.7,,,2026-05-22,1,5,예민한 장 때문에 저자극 사료 찾던 중이었어요. 활력이 좋아진 것 같아요. 그릇 비우는 속도가 달라졌어요. 귀가 큰 편이라 먹을 때 귀가 그릇에 빠지곤 해요. 주변 강아지 친구들에게도 추천했어요ㅜㅜ,0
O00610,C0119,P0169,F0032,사료,코커스패니얼,중형,19.0,성견,3.7,,,2026-07-13,1,5,변 상태가 훨씬 단단해졌어요. 편식하던 아이인데 이건 남김없이 먹어요. 활동량이 있는 편이라 이 정도는 금방 먹어요. 재구매 예정입니다.,1
O00611,C0120,P0170,F0097,사료,웰시코기,중형,11.7,성견,5.1,,,2024-04-22,1,5,리뷰 좋길래 반신반의로 시켜봤어요. 소화가 잘 되는지 방귀 냄새도 줄었어요. 냄새를 맡자마자 좋아하더라고요. 이 사료로 계속 갈 것 같아요.,0
O00612,C0120,P0170,F0047,사료,웰시코기,중형,11.7,성견,5.1,,,2024-08-07,1,4,다른 사료 다 먹여봤는데 이게 제일 잘 맞아서 재구매했어요. 기호성은 최고인데 며칠 먹이니 살짝 가려워하더라고요. 이 사료로 계속 갈 것 같아요.,0
O00613,C0120,P0170,F0070,사료,웰시코기,중형,11.7,성견,5.1,,,2024-08-23,3,4,수의사 추천으로 바꿔봤어요. 잘 먹기는 하는데 변이 좀 무르게 나와요. 중형견이라 적당한 양인 것 같아요. 주변 강아지 친구들에게도 추천했어요.,0
O00614,C0120,P0170,F0074,사료,웰시코기,중형,11.7,성견,5.1,,,2025-01-24,2,5,곡물 알레르기 있어서 곡물프리로 알아보다 구매했어요. 변 상태가 훨씬 단단해졌어요. 재구매 예정입니다.,0
O00615,C0120,P0170,F0187,간식,웰시코기,중형,11.7,성견,5.1,,,2025-06-27,1,4,이빨 약한 노령견용으로 부드러운 걸 찾았어요. 크기가 적당해서 소형견도 먹기 편해요. 다리가 짧아도 식욕은 왕성해서 순식간에 먹어치워요. 훈련용으로 계속 재구매할 것 같아요.,0
O00616,C0120,P0170,F0032,사료,웰시코기,중형,11.7,성견,5.1,,,2025-12-19,1,5,첫 사료라 고민 많이 하다가 골랐어요. 그릇 비우는 속도가 달라졌어요. 중형견이라 적당한 양인 것 같아요. 강력 추천해요.,0
O00617,C0120,P0170,F0035,사료,웰시코기,중형,11.7,성견,5.1,,,2026-02-08,1,5,시니어 사료로 갈아탈 시기가 돼서 주문했어요. 소화가 잘 되는지 방귀 냄새도 줄었어요. 밥 시간마다 꼬리를 흔들면서 달려와요. 다리가 짧아도 식욕은 왕성해서 순식간에 먹어치워요.,0
O00618,C0120,P0170,F0118,간식,웰시코기,중형,11.7,성견,5.1,,,2026-07-07,1,2,심심할 때 주려고 대용량으로 샀어요. 간식 먹고 나서 변이 물러졌어요. 냄새는 좋아하는데 막상 안 먹어요. 중형견이라 적당한 양인 것 같아요. 다른 브랜드로 바꿔보려고요.,1
O00619,C0121,P0171,F0139,간식,치와와,소형,6.9,성견,6.0,,,2024-09-24,2,4,다이어트 중이라 저칼로리 간식으로 골랐어요. 훈련할 때 반응이 확실히 좋아졌어요. 치와와라 양을 조금만 줘도 충분해요. 효과가 좋아서 재구매 의사 있어요.,0
O00620,C0121,P0171,F0181,간식,치와와,소형,6.9,성견,6.0,,,2025-01-07,1,4,퍼피용 부드러운 간식 찾던 중이었어요. 맛있게는 먹는데 가격이 좀 부담돼요!!,0
O00621,C0121,P0171,F0093,사료,치와와,소형,6.9,성견,6.0,,,2025-08-18,1,2,퍼피 전용으로 바꿔주려고 구매했어요. 변 냄새가 심해졌어요. 냄새는 맡는데 잘 안 먹어요.,1
O00622,C0122,P0172,F0083,사료,포메라니안,소형,5.3,시니어,8.1,,,2024-12-05,2,5,활력이 좋아진 것 같아요. 털이 풍성한 아이라 그런지 피모 개선 효과가 보여요. 효과가 좋아서 재구매 의사 있어요.,0
O00623,C0122,P0172,F0115,간식,포메라니안,소형,5.3,시니어,8.1,,,2024-12-13,1,5,훈련용으로 쓰려고 구매했어요. 많이 먹어도 속이 편한지 컨디션이 좋아요. 냄새 맡자마자 자리에 앉아서 기다려요. 강아지들 사이에서 인기템이에요.,0
O00624,C0122,P0172,F0015,사료,포메라니안,소형,5.3,시니어,8.1,,,2025-08-19,3,2,대용량으로 시켜봤어요. 입맛에 안 맞는지 자꾸 남겨요. 환불 문의했어요.,1
O00625,C0123,P0173,F0057,사료,비글,중형,9.1,성견,4.1,,,2026-01-10,1,3,소형견이라 알갱이 작은 걸로 찾다가 발견했어요. 먹는 건 좋아하는데 방귀 냄새가 심해졌어요. 무난하게 급여 중입니다.,0
O00626,C0123,P0173,F0059,사료,비글,중형,9.1,성견,4.1,,,2026-01-14,1,3,"동물병원에서 체중 관리용으로 추천받았어요. 처음엔 잘 먹더니 요즘은 시들해요, 그래도 소화는 잘 되는 것 같아요. 활동량이 있는 편이라 이 정도는 금방 먹어요. 무난하게 급여 중입니다.",0
O00627,C0123,P0173,F0061,사료,비글,중형,9.1,성견,4.1,,,2026-01-24,1,4,입질 심한 아이라 소화 잘되는 걸로 찾았어요. 양은 적당한데 곡물이 들어있어서 우리 아이한테는 살짝 안 맞았어요. 비글답게 먹는 거라면 다 좋아해요. 재구매 예정입니다.,0
O00628,C0123,P0173,F0078,사료,비글,중형,9.1,성견,4.1,,,2026-06-30,1,4,장이 편안한지 컨디션이 좋아 보여요. 변 색깔이랑 굳기가 딱 좋아요. 비글답게 먹는 거라면 다 좋아해요. 효과가 좋아서 재구매 의사 있어요.,1
O00629,C0123,P0174,F0016,사료,웰시코기,중형,8.5,시니어,11.5,,,2026-01-09,1,5,리뷰 좋길래 반신반의로 시켜봤어요. 맛은 있나 본데 변 냄새가 너무 독해졌어요. 이 사료로 계속 갈 것 같아요!!,0
O00630,C0123,P0174,F0131,간식,웰시코기,중형,8.5,시니어,11.5,,,2026-03-18,2,5,여행 갈 때 간식으로 챙기려고 샀어요. 소분하기 좋게 포장돼 있어서 편해요. 한 개 주면 더 달라고 계속 쳐다봐요. 다른 맛도 사보려고요.,1
O00631,C0124,P0175,F0018,사료,코커스패니얼,중형,15.5,성견,3.2,,,2026-05-11,1,5,퍼피 전용으로 바꿔주려고 구매했어요. 우리 아이가 정말 잘 먹어요. 강력 추천해요ㅜㅜ,0
O00632,C0124,P0175,F0185,간식,코커스패니얼,중형,15.5,성견,3.2,,,2026-06-25,1,5,여행 갈 때 간식으로 챙기려고 샀어요. 잘 먹긴 하는데 너무 딱딱해서 걱정돼요. 효과가 좋아서 재구매 의사 있어요~,0
O00633,C0124,P0175,F0059,사료,코커스패니얼,중형,15.5,성견,3.2,,,2026-06-28,1,1,기존 사료 단종돼서 급하게 대체품 찾았어요. 변이 좀 무르게 나와요. 가스가 심해진 것 같아요. 중형견이라 적당한 양인 것 같아요.,0
O00634,C0124,P0175,F0069,사료,코커스패니얼,중형,15.5,성견,3.2,,,2026-07-16,1,5,곡물 알레르기 있어서 곡물프리로 알아보다 구매했어요. 편식하던 아이인데 이건 남김없이 먹어요. 물에 불리지 않아도 잘 먹어요. 활동량이 많은 편이라 잘 먹고 잘 뛰어놀아요. 주변 강아지 친구들에게도 추천했어요.,1
O00635,C0124,P0176,F0199,간식,비글,중형,17.6,성견,5.6,,,2026-05-29,1,4,치석 관리용으로 알아보다 샀어요. 크기가 적당해서 소형견도 먹기 편해요. 훈련용으로 계속 재구매할 것 같아요.,0
O00636,C0124,P0176,F0009,사료,비글,중형,17.6,성견,5.6,,,2026-06-15,3,3,특별히 좋지도 나쁘지도 않아요. 그럭저럭 먹고 있어요. 식탐이 많은 아이라 순식간에 그릇을 비워요. 그럭저럭 먹이고 있어요.,0
O00637,C0124,P0176,F0054,사료,비글,중형,17.6,성견,5.6,,,2026-07-19,1,3,첫 사료라 고민 많이 하다가 골랐어요. 잘 먹는 편인데 가끔 토를 해서 지켜보고 있어요. 활동량이 있는 편이라 이 정도는 금방 먹어요. 무난하게 급여 중입니다.,0
O00638,C0124,P0176,F0158,간식,비글,중형,17.6,성견,5.6,,,2026-07-22,1,5,미용 보상용으로 하나 사봤어요. 손에 들자마자 꼬리 흔들며 달려와요. 중형견이라 적당한 양인 것 같아요. 강아지들 사이에서 인기템이에요.,1
O00639,C0125,P0177,F0036,사료,시바견,중형,13.6,성견,4.9,닭고기 알레르기,,2024-02-20,1,4,사료 그릇을 핥아먹을 정도로 좋아해요. 시바견 특유의 도도함 때문인지 입맛이 까다로운 편이에요. 주변 강아지 친구들에게도 추천했어요.,1
O00640,C0126,P0178,F0062,사료,토이푸들,소형,5.6,성견,3.1,곡물 알레르기,,2024-07-20,1,3,수의사 추천으로 바꿔봤어요. 적응 기간엔 잘 먹었는데 점점 흥미를 잃는 것 같아요. 그럭저럭 먹이고 있어요.,0
O00641,C0126,P0178,F0029,사료,토이푸들,소형,5.6,성견,3.1,곡물 알레르기,,2024-12-11,1,3,대형견이라 그런지 사료값이 만만치 않아서 가성비 좋은 걸로 골랐어요. 가격 대비 괜찮아요. 나쁘지 않아요.,0
O00642,C0126,P0178,F0182,간식,토이푸들,소형,5.6,성견,3.1,곡물 알레르기,,2025-05-20,1,4,편식하는 아이도 이건 잘 먹어요. 푸들이라 활동량이 많아서 그런지 잘 먹고 소화도 잘돼요. 다른 맛도 사보려고요.,1
O00643,C0127,P0179,F0002,사료,포메라니안,소형,3.4,성견,6.7,곡물 알레르기,,2026-07-15,1,5,털에 윤기가 도는 게 눈에 보여요. 재구매 예정입니다.,0
O00644,C0127,P0179,F0069,사료,포메라니안,소형,3.4,성견,6.7,곡물 알레르기,,2026-07-21,1,3,무난하게 먹입니다. 며칠 먹이니 몸을 자꾸 긁더라고요. 그럭저럭 먹이고 있어요.,1
O00645,C0128,P0180,F0155,간식,비글,중형,10.1,시니어,13.7,닭고기 알레르기,,2024-12-16,1,5,냄새 맡자마자 자리에 앉아서 기다려요. 많이 먹어도 속이 편한지 컨디션이 좋아요. 효과가 좋아서 재구매 의사 있어요.,1
O00646,C0129,P0181,F0177,간식,시츄,소형,5.8,성견,5.9,,,2025-09-10,1,5,퍼피용 부드러운 간식 찾던 중이었어요. 한 개 주면 더 달라고 계속 쳐다봐요. 훈련할 때 반응이 확실히 좋아졌어요. 강아지들 사이에서 인기템이에요.,1
O00647,C0130,P0182,F0098,사료,비숑프리제,소형,6.4,성견,5.4,,,2025-08-07,1,5,예민한 장 때문에 저자극 사료 찾던 중이었어요. 장이 편안한지 컨디션이 좋아 보여요. 하얀 털 관리 때문에 저알러지 제품을 찾았는데 잘 맞아요. 이 사료로 계속 갈 것 같아요.,0
O00648,C0130,P0182,F0034,사료,비숑프리제,소형,6.4,성견,5.4,,,2025-08-21,1,4,기호성은 좋은데 변이 자주 묽게 나와서 고민이에요. 강력 추천해요ㅜㅜ,0
O00649,C0130,P0182,F0129,간식,비숑프리제,소형,6.4,성견,5.4,,,2026-01-21,1,5,산책 보상용으로 구매했어요. 좋아하긴 하는데 먹고 나서 변이 좀 물러요. 하얀 털 관리 때문에 저알러지 제품을 찾았는데 잘 맞아요. 다른 맛도 사보려고요.,0
O00650,C0130,P0182,F0124,간식,비숑프리제,소형,6.4,성견,5.4,,,2026-02-28,1,4,좋아하긴 하는데 며칠 먹이니 살짝 가려워하는 것 같아요. 훈련용으로 계속 재구매할 것 같아요~,0
O00651,C0130,P0182,F0098,사료,비숑프리제,소형,6.4,성견,5.4,,,2026-03-18,1,1,대용량으로 시켜봤어요. 소화가 잘 안 되는지 토를 몇 번 했어요. 하얀 털 관리 때문에 저알러지 제품을 찾았는데 잘 맞아요. 다른 사료 알아보려고요.,0
O00652,C0130,P0182,F0010,사료,비숑프리제,소형,6.4,성견,5.4,,,2026-04-18,1,3,다른 사료 다 먹여봤는데 이게 제일 잘 맞아서 재구매했어요. 기호성은 최고인데 며칠 먹이니 살짝 가려워하더라고요. 입이 작은 아이라 한 번에 많이는 못 먹어요. 무난하게 급여 중입니다.,1
O00653,C0131,P0183,F0081,사료,비숑프리제,소형,6.9,성견,6.3,,,2026-07-30,1,5,편식하던 아이인데 이건 남김없이 먹어요. 변 색깔이랑 굳기가 딱 좋아요. 효과가 좋아서 재구매 의사 있어요.,1
O00654,C0132,P0184,F0166,간식,웰시코기,중형,16.9,성견,3.8,,,2024-12-13,1,5,소분하기 좋게 포장돼 있어서 편해요. 치석 제거 효과가 있는지 이빨이 깨끗해졌어요. 다른 맛도 사보려고요.,0
O00655,C0132,P0184,F0183,간식,웰시코기,중형,16.9,성견,3.8,,,2025-05-31,1,4,소형견용 작은 사이즈로 찾다가 발견했어요. 너무 딱딱하지 않아서 노령견도 잘 씹어요. 훈련할 때 반응이 확실히 좋아졌어요. 훈련용으로 계속 재구매할 것 같아요.,0
O00656,C0132,P0184,F0090,사료,웰시코기,중형,16.9,성견,3.8,,,2025-10-08,2,5,소형견이라 알갱이 작은 걸로 찾다가 발견했어요. 활력이 좋아진 것 같아요. 변 상태가 훨씬 단단해졌어요.,0
O00657,C0132,P0184,F0161,간식,웰시코기,중형,16.9,성견,3.8,,,2026-06-17,1,5,훈련용으로 쓰려고 구매했어요. 냄새 맡자마자 자리에 앉아서 기다려요. 다리가 짧아도 식욕은 왕성해서 순식간에 먹어치워요~,1
O00658,C0133,P0185,F0049,사료,셰퍼드,대형,28.7,시니어,8.3,,,2026-08-10,1,3,시니어 사료로 갈아탈 시기가 돼서 주문했어요. 무난하게 먹입니다. 노령견이라 소화가 잘 되는지 걱정했는데 다행히 괜찮아요ㅎㅎ,1
O00659,C0134,P0186,F0111,간식,진돗개,대형,34.2,성견,2.7,,,2026-03-05,1,5,편식하는 아이도 이건 잘 먹어요. 한 개 주면 더 달라고 계속 쳐다봐요. 강아지들 사이에서 인기템이에요.,0
O00660,C0134,P0186,F0025,사료,진돗개,대형,34.2,성견,2.7,,,2026-04-08,1,4,퍼피 전용으로 바꿔주려고 구매했어요. 잘 먹는데 사료 냄새가 집안에 좀 남아요. 강력 추천해요.,0
O00661,C0134,P0186,F0064,사료,진돗개,대형,34.2,성견,2.7,,,2026-06-17,1,3,소형견이라 알갱이 작은 걸로 찾다가 발견했어요. 냄새 맡고 좋아하긴 하는데 이상하게 살은 안 쪄요. 그럭저럭 먹이고 있어요.,1
O00662,C0134,P0187,F0030,사료,코커스패니얼,중형,17.1,시니어,11.1,,,2026-05-12,1,4,수의사 추천으로 바꿔봤어요. 가격은 좀 있는데 그만큼 잘 먹어서 만족해요. 중형견이라 적당한 양인 것 같아요. 효과가 좋아서 재구매 의사 있어요.,0
O00663,C0134,P0187,F0196,간식,코커스패니얼,중형,17.1,시니어,11.1,,,2026-05-25,1,5,새로운 맛 궁금해서 시켜봤어요. 많이 먹어도 속이 편한지 컨디션이 좋아요. 손에 들자마자 꼬리 흔들며 달려와요. 활동량이 많은 편이라 잘 먹고 잘 뛰어놀아요. 효과가 좋아서 재구매 의사 있어요.,0
O00664,C0134,P0187,F0189,간식,코커스패니얼,중형,17.1,시니어,11.1,,,2026-07-11,1,5,이빨 약한 노령견용으로 부드러운 걸 찾았어요. 너무 딱딱하지 않아서 노령견도 잘 씹어요. 소분하기 좋게 포장돼 있어서 편해요.,1
O00665,C0135,P0188,F0019,사료,시츄,소형,2.6,퍼피,0.8,,,2025-06-14,1,2,"예민한 장 때문에 저자극 사료 찾던 중이었어요. 변 냄새가 심해졌어요. 눈물자국이 줄어든 것 같기도 해요. 전혀 안 먹어요, 비추합니다.",0
O00666,C0135,P0188,F0154,간식,시츄,소형,2.6,퍼피,0.8,,,2025-12-06,1,4,치석 제거 효과가 있는지 이빨이 깨끗해졌어요. 크기가 적당해서 소형견도 먹기 편해요. 입이 작은 아이라 한 번에 많이는 못 먹어요. 다른 맛도 사보려고요.,0
O00667,C0135,P0188,F0192,간식,시츄,소형,2.6,퍼피,0.8,,,2026-02-06,3,3,장난감 대신 씹을 거리로 골랐어요. 냄새는 좋아하는데 크기가 커서 나눠줘야 해요.,0
O00668,C0135,P0188,F0068,사료,시츄,소형,2.6,퍼피,0.8,,,2026-04-12,3,2,다른 사료 다 먹여봤는데 이게 제일 잘 맞아서 재구매했어요. 다른 간식 섞어줘야 겨우 먹어요. 처음엔 좀 먹더니 며칠 지나니 안 먹으려고 해요.,1
O00669,C0136,P0189,F0045,사료,비글,중형,19.4,성견,5.0,소고기 알레르기,,2025-03-13,1,4,입질 심한 아이라 소화 잘되는 걸로 찾았어요. 잘 먹는 편인데 가끔 토를 해서 지켜보고 있어요. 주변 강아지 친구들에게도 추천했어요!!,0
O00670,C0136,P0189,F0045,사료,비글,중형,19.4,성견,5.0,소고기 알레르기,,2025-09-08,1,5,시니어 사료로 갈아탈 시기가 돼서 주문했어요. 물에 불리지 않아도 잘 먹어요.,0
O00671,C0136,P0189,F0062,사료,비글,중형,19.4,성견,5.0,소고기 알레르기,,2025-10-19,2,4,기존 사료 단종돼서 급하게 대체품 찾았어요. 사료 그릇을 핥아먹을 정도로 좋아해요. 털에 윤기가 도는 게 눈에 보여요ㅜㅜ,0
O00672,C0136,P0189,F0067,사료,비글,중형,19.4,성견,5.0,소고기 알레르기,,2026-07-31,1,5,곡물 알레르기 있어서 곡물프리로 알아보다 구매했어요. 맛은 있나 본데 변 냄새가 너무 독해졌어요. 식탐이 많은 아이라 순식간에 그릇을 비워요. 이 사료로 계속 갈 것 같아요.,1
O00673,C0137,P0190,F0135,간식,비글,중형,17.3,성견,6.9,,,2025-05-20,5,4,다이어트 중이라 저칼로리 간식으로 골랐어요. 잘 씹어 먹긴 하는데 양이 너무 적어서 금방 없어져요. 효과가 좋아서 재구매 의사 있어요.,0
O00674,C0137,P0190,F0195,간식,비글,중형,17.3,성견,6.9,,,2025-06-18,5,4,심심할 때 주려고 대용량으로 샀어요. 손에 들자마자 꼬리 흔들며 달려와요. 크기가 적당해서 소형견도 먹기 편해요. 강아지들 사이에서 인기템이에요.,0
O00675,C0137,P0190,F0056,사료,비글,중형,17.3,성견,6.9,,,2025-07-20,2,3,리뷰 좋길래 반신반의로 시켜봤어요. 냄새 맡고 좋아하긴 하는데 이상하게 살은 안 쪄요. 중형견이라 적당한 양인 것 같아요. 무난하게 급여 중입니다.,1
O00676,C0138,P0191,F0112,간식,치와와,소형,3.3,성견,1.0,,비만 관리 중,2025-04-02,1,2,"소형견용 작은 사이즈로 찾다가 발견했어요. 처음만 좋아하고 그다음부턴 안 먹으려 해요. 크기가 너무 커서 소형견은 나눠줘야 해요. 전혀 안 먹어요, 비추합니다.",0
O00677,C0138,P0191,F0124,간식,치와와,소형,3.3,성견,1.0,,비만 관리 중,2025-05-16,1,5,장난감 대신 씹을 거리로 골랐어요. 냄새 맡자마자 자리에 앉아서 기다려요. 훈련용으로 계속 재구매할 것 같아요.,1
O00678,C0139,P0192,F0030,사료,말티즈,소형,5.7,퍼피,0.3,곡물 알레르기,,2024-05-23,1,2,대형견이라 그런지 사료값이 만만치 않아서 가성비 좋은 걸로 골랐어요. 설사를 해서 바로 끊었어요. 그릇 앞에서 킁킁거리기만 하고 돌아서요. 이 성분이 우리 아이한테는 안 맞나 봐요. 성장기라 그런지 잘 먹고 살도 오르는 것 같아요.,0
O00679,C0139,P0192,F0059,사료,말티즈,소형,5.7,퍼피,0.3,곡물 알레르기,,2026-05-27,3,2,첫 사료라 고민 많이 하다가 골랐어요. 먹는 건 좋아하는데 방귀 냄새가 심해졌어요. 환불 문의했어요ㅎㅎ,0
O00680,C0139,P0192,F0157,간식,말티즈,소형,5.7,퍼피,0.3,곡물 알레르기,,2026-07-20,1,5,여행 갈 때 간식으로 챙기려고 샀어요. 한 개 주면 더 달라고 계속 쳐다봐요. 이갈이 시기라 씹는 걸 좋아해요. 다른 맛도 사보려고요.,0
O00681,C0139,P0192,F0107,간식,말티즈,소형,5.7,퍼피,0.3,곡물 알레르기,,2026-07-20,1,4,훈련용으로 쓰려고 구매했어요. 너무 딱딱하지 않아서 노령견도 잘 씹어요.,1
O00682,C0140,P0193,F0171,간식,코커스패니얼,중형,8.3,퍼피,0.3,,,2025-04-28,1,4,퍼피용 부드러운 간식 찾던 중이었어요. 치석 제거 효과가 있는지 이빨이 깨끗해졌어요. 편식하는 아이도 이건 잘 먹어요. 훈련용으로 계속 재구매할 것 같아요.,0
O00683,C0140,P0193,F0061,사료,코커스패니얼,중형,8.3,퍼피,0.3,,,2025-09-11,1,4,동물병원에서 체중 관리용으로 추천받았어요. 적응 기간엔 잘 먹었는데 점점 흥미를 잃는 것 같아요. 활동량이 많은 편이라 잘 먹고 잘 뛰어놀아요ㅜㅜ,0
O00684,C0140,P0193,F0055,사료,코커스패니얼,중형,8.3,퍼피,0.3,,,2025-10-08,1,3,나쁘지 않아요. 그럭저럭 먹고 있어요. 활동량이 있는 편이라 이 정도는 금방 먹어요. 그럭저럭 먹이고 있어요.,1
O00685,C0141,P0194,F0113,간식,치와와,소형,4.5,시니어,8.2,,,2026-04-06,1,4,훈련할 때 반응이 확실히 좋아졌어요. 소분하기 좋게 포장돼 있어서 편해요. 예민한 편인 치와와인데 배탈 없이 잘 맞아요. 강아지들 사이에서 인기템이에요.,0
O00686,C0141,P0194,F0071,사료,치와와,소형,4.5,시니어,8.2,,,2026-06-25,1,4,대용량으로 시켜봤어요. 소화가 잘 되는지 방귀 냄새도 줄었어요. 밥 시간마다 꼬리를 흔들면서 달려와요. 소형견이라 알갱이(크기)가 딱 맞아요. 재구매 예정입니다.,1
O00687,C0142,P0195,F0195,간식,미니어처닥스훈트,소형,4.2,성견,5.6,,,2025-04-07,1,4,치석 관리용으로 알아보다 샀어요. 잘 먹는데 부스러기가 너무 많이 떨어져요. 효과가 좋아서 재구매 의사 있어요.,1
O00688,C0143,P0196,F0050,사료,토이푸들,소형,6.5,성견,2.4,곡물 알레르기,,2026-01-10,1,4,첫 사료라 고민 많이 하다가 골랐어요. 기호성은 좋은데 변이 자주 묽게 나와서 고민이에요.,0
O00689,C0143,P0196,F0055,사료,토이푸들,소형,6.5,성견,2.4,곡물 알레르기,,2026-01-11,1,4,소형견이라 알갱이 작은 걸로 찾다가 발견했어요. 그릇 비우는 속도가 달라졌어요. 푸들이라 활동량이 많아서 그런지 잘 먹고 소화도 잘돼요. 이 사료로 계속 갈 것 같아요~,0
O00690,C0143,P0196,F0142,간식,토이푸들,소형,6.5,성견,2.4,곡물 알레르기,,2026-02-19,1,4,새로운 맛 궁금해서 시켜봤어요. 많이 먹어도 속이 편한지 컨디션이 좋아요. 손에 들자마자 꼬리 흔들며 달려와요. 푸들이라 활동량이 많아서 그런지 잘 먹고 소화도 잘돼요. 강아지들 사이에서 인기템이에요.,0
O00691,C0143,P0196,F0148,간식,토이푸들,소형,6.5,성견,2.4,곡물 알레르기,,2026-04-05,1,5,다이어트 중이라 저칼로리 간식으로 골랐어요. 많이 먹어도 속이 편한지 컨디션이 좋아요. 입이 작은 아이라 한 번에 많이는 못 먹어요. 훈련용으로 계속 재구매할 것 같아요ㅎㅎ,1
O00692,C0144,P0197,F0155,간식,포메라니안,소형,6.7,퍼피,0.5,,관절이 약함,2025-02-14,1,4,미용 보상용으로 하나 사봤어요. 편식하는 아이도 이건 잘 먹어요. 소분하기 좋게 포장돼 있어서 편해요.,0
O00693,C0144,P0197,F0074,사료,포메라니안,소형,6.7,퍼피,0.5,,관절이 약함,2026-03-21,2,3,퍼피 전용으로 바꿔주려고 구매했어요. 그냥 그래요. 특별히 좋지도 나쁘지도 않아요. 포메라니안 특유로 소식하는 편이라 그런지 조금씩 남겨요.,1
O00694,C0144,P0198,F0105,간식,요크셔테리어,소형,3.0,성견,1.5,,비만 관리 중,2025-09-30,1,3,이빨 약한 노령견용으로 부드러운 걸 찾았어요. 보통이에요. 소형견이라 알갱이(크기)가 딱 맞아요. 무난하게 급여 중입니다.,0
O00695,C0144,P0198,F0030,사료,요크셔테리어,소형,3.0,성견,1.5,,비만 관리 중,2026-01-09,1,5,동물병원에서 체중 관리용으로 추천받았어요. 우리 아이가 정말 잘 먹어요. 냄새를 맡자마자 좋아하더라고요. 소형견이라 알갱이(크기)가 딱 맞아요. 효과가 좋아서 재구매 의사 있어요!!,1
O00696,C0145,P0199,F0063,사료,포메라니안,소형,6.6,퍼피,0.9,,관절이 약함,2024-09-23,1,4,입질 심한 아이라 소화 잘되는 걸로 찾았어요. 사료 그릇을 핥아먹을 정도로 좋아해요. 편식하던 아이인데 이건 남김없이 먹어요.,0
O00697,C0145,P0199,F0082,사료,포메라니안,소형,6.6,퍼피,0.9,,관절이 약함,2025-08-08,3,4,변 상태가 훨씬 단단해졌어요. 주변 강아지 친구들에게도 추천했어요ㅜㅜ,0
O00698,C0145,P0199,F0101,간식,포메라니안,소형,6.6,퍼피,0.9,,관절이 약함,2025-10-15,1,4,처음엔 잘 먹더니 물려하는지 요즘은 시큰둥해요. 효과가 좋아서 재구매 의사 있어요.,0
O00699,C0145,P0199,F0009,사료,포메라니안,소형,6.6,퍼피,0.9,,관절이 약함,2026-02-04,1,3,기존 사료 단종돼서 급하게 대체품 찾았어요. 가격은 좀 있는데 그만큼 잘 먹어서 만족해요. 이갈이 시기라 씹는 걸 좋아해요. 무난하게 급여 중입니다.,0
O00700,C0145,P0199,F0189,간식,포메라니안,소형,6.6,퍼피,0.9,,관절이 약함,2026-04-08,1,5,심심할 때 주려고 대용량으로 샀어요. 치석 제거 효과가 있는지 이빨이 깨끗해졌어요. 훈련할 때 반응이 확실히 좋아졌어요. 다른 맛도 사보려고요.,0
O00701,C0145,P0199,F0155,간식,포메라니안,소형,6.6,퍼피,0.9,,관절이 약함,2026-08-06,1,4,크기가 적당해서 소형견도 먹기 편해요. 냄새 맡자마자 자리에 앉아서 기다려요~,1
O00702,C0146,P0200,F0200,간식,프렌치불독,중형,18.3,성견,1.1,,,2026-02-21,2,4,산책 보상용으로 구매했어요. 좋아하긴 하는데 먹고 나서 변이 좀 물러요. 중형견이라 적당한 양인 것 같아요. 강아지들 사이에서 인기템이에요.,0
O00703,C0146,P0200,F0097,사료,프렌치불독,중형,18.3,성견,1.1,,,2026-02-26,1,4,시니어 사료로 갈아탈 시기가 돼서 주문했어요. 양은 적당한데 곡물이 들어있어서 우리 아이한테는 살짝 안 맞았어요.,0
O00704,C0146,P0200,F0106,간식,프렌치불독,중형,18.3,성견,1.1,,,2026-05-13,3,4,퍼피용 부드러운 간식 찾던 중이었어요. 맛있게는 먹는데 가격이 좀 부담돼요. 훈련용으로 계속 재구매할 것 같아요.,0
O00705,C0146,P0200,F0083,사료,프렌치불독,중형,18.3,성견,1.1,,,2026-06-20,1,4,다른 사료 다 먹여봤는데 이게 제일 잘 맞아서 재구매했어요. 변 색깔이랑 굳기가 딱 좋아요. 재구매 예정입니다.,1
O00706,C0147,P0201,F0077,사료,프렌치불독,중형,16.5,성견,4.6,,,2025-08-09,1,3,곡물 알레르기 있어서 곡물프리로 알아보다 구매했어요. 보통이에요. 가격 대비 괜찮아요. 무난하게 급여 중입니다.,0
O00707,C0147,P0201,F0144,간식,프렌치불독,중형,16.5,성견,4.6,,,2026-06-16,1,4,다이어트 중이라 저칼로리 간식으로 골랐어요. 처음엔 잘 먹더니 물려하는지 요즘은 시큰둥해요.,1
O00708,C0147,P0202,F0088,사료,래브라도리트리버,대형,30.3,시니어,13.9,,신장 관리식 필요,2026-04-29,3,3,대용량으로 시켜봤어요. 그럭저럭 먹고 있어요. 보통이에요. 그럭저럭 먹이고 있어요.,1
O00709,C0148,P0203,F0029,사료,토이푸들,소형,2.7,성견,6.3,,,2024-08-03,1,3,수의사 추천으로 바꿔봤어요. 그냥 그래요. 가격 대비 괜찮아요. 곱슬곱슬한 털이 더 부드러워진 것 같아요ㅜㅜ,0
O00710,C0148,P0203,F0044,사료,토이푸들,소형,2.7,성견,6.3,,,2025-03-15,1,3,대형견이라 그런지 사료값이 만만치 않아서 가성비 좋은 걸로 골랐어요. 나쁘지 않아요. 소형견이라 알갱이(크기)가 딱 맞아요. 무난하게 급여 중입니다.,0
O00711,C0148,P0203,F0104,간식,토이푸들,소형,2.7,성견,6.3,,,2025-07-15,1,5,여행 갈 때 간식으로 챙기려고 샀어요. 너무 딱딱하지 않아서 노령견도 잘 씹어요. 한 개 주면 더 달라고 계속 쳐다봐요. 효과가 좋아서 재구매 의사 있어요.,0
O00712,C0148,P0203,F0102,간식,토이푸들,소형,2.7,성견,6.3,,,2026-05-05,1,3,훈련용으로 쓰려고 구매했어요. 무난하게 주고 있어요. 보통이에요. 곱슬곱슬한 털이 더 부드러워진 것 같아요.,1
O00713,C0149,P0204,F0088,사료,골든리트리버,대형,33.6,성견,3.0,,,2025-07-01,1,3,리뷰 좋길래 반신반의로 시켜봤어요. 잘 먹기는 하는데 변이 좀 무르게 나와요. 그럭저럭 먹이고 있어요.,0
O00714,C0149,P0204,F0177,간식,골든리트리버,대형,33.6,성견,3.0,,,2025-12-02,1,2,"몇 입 먹다가 흥미를 잃어요. 대형견이라 그런지 양이 금방 줄어요. 전혀 안 먹어요, 비추합니다.",0
O00715,C0149,P0204,F0054,사료,골든리트리버,대형,33.6,성견,3.0,,,2026-02-10,1,4,예민한 장 때문에 저자극 사료 찾던 중이었어요. 물에 불리지 않아도 잘 먹어요. 장이 편안한지 컨디션이 좋아 보여요. 대형견이라 그런지 그릇 비우는 속도가 빨라요. 강력 추천해요.,0
O00716,C0149,P0204,F0016,사료,골든리트리버,대형,33.6,성견,3.0,,,2026-05-25,1,3,"동물병원에서 체중 관리용으로 추천받았어요. 처음엔 잘 먹더니 요즘은 시들해요, 그래도 소화는 잘 되는 것 같아요. 대형견이라 그런지 양이 금방 줄어요. 무난하게 급여 중입니다.",0
O00717,C0149,P0204,F0145,간식,골든리트리버,대형,33.6,성견,3.0,,,2026-07-07,1,5,산책 보상용으로 구매했어요. 손에 들자마자 꼬리 흔들며 달려와요. 다른 맛도 사보려고요.,0
O00718,C0149,P0204,F0186,간식,골든리트리버,대형,33.6,성견,3.0,,,2026-08-02,1,1,너무 딱딱해서 잘 못 씹어요. 과식했더니 토를 하더라고요.,1
O00719,C0150,P0205,F0177,간식,요크셔테리어,소형,6.8,성견,3.0,,,2026-05-20,1,3,새로운 맛 궁금해서 시켜봤어요. 냄새는 좋아하는데 크기가 커서 나눠줘야 해요. 그냥저냥 주고 있어요.,0
O00720,C0150,P0205,F0063,사료,요크셔테리어,소형,6.8,성견,3.0,,,2026-05-28,1,1,"시니어 사료로 갈아탈 시기가 돼서 주문했어요. 소화가 잘 안 되는지 토를 몇 번 했어요. 전혀 안 먹어요, 비추합니다.",0
O00721,C0150,P0205,F0192,간식,요크셔테리어,소형,6.8,성견,3.0,,,2026-06-04,1,3,장난감 대신 씹을 거리로 골랐어요. 잘 먹는데 부스러기가 너무 많이 떨어져요. 소형견이라 알갱이(크기)가 딱 맞아요. 무난하게 급여 중입니다.,0
O00722,C0150,P0205,F0070,사료,요크셔테리어,소형,6.8,성견,3.0,,,2026-06-12,1,5,소형견이라 알갱이 작은 걸로 찾다가 발견했어요. 냄새를 맡자마자 좋아하더라고요. 밥 시간마다 꼬리를 흔들면서 달려와요~,0
O00723,C0150,P0205,F0128,간식,요크셔테리어,소형,6.8,성견,3.0,,,2026-06-29,1,4,잘 먹긴 하는데 너무 딱딱해서 걱정돼요. 소형견이라 알갱이(크기)가 딱 맞아요.,0
O00724,C0150,P0205,F0094,사료,요크셔테리어,소형,6.8,성견,3.0,,,2026-07-16,1,3,대용량으로 시켜봤어요. 잘 먹는데 사료 냄새가 집안에 좀 남아요. 입이 작은 아이라 한 번에 많이는 못 먹어요. 그럭저럭 먹이고 있어요.,1
O00725,C0151,P0206,F0080,사료,래브라도리트리버,대형,39.8,시니어,11.5,,,2025-07-07,2,4,대형견이라 그런지 사료값이 만만치 않아서 가성비 좋은 걸로 골랐어요. 소화가 잘 되는지 방귀 냄새도 줄었어요.,0
O00726,C0151,P0206,F0199,간식,래브라도리트리버,대형,39.8,시니어,11.5,,,2025-10-16,1,1,생각보다 딱딱해서 이빨 약한 아이는 힘들어해요. 부스러기가 많이 떨어져서 청소가 번거로워요.,0
O00727,C0151,P0206,F0039,사료,래브라도리트리버,대형,39.8,시니어,11.5,,,2026-03-18,5,5,퍼피 전용으로 바꿔주려고 구매했어요. 활력이 좋아진 것 같아요. 털에 윤기가 도는 게 눈에 보여요. 이빨이 약해진 나이라 부드러운 걸 좋아해요. 이 사료로 계속 갈 것 같아요.,0
O00728,C0151,P0206,F0140,간식,래브라도리트리버,대형,39.8,시니어,11.5,,,2026-05-20,1,5,너무 딱딱하지 않아서 노령견도 잘 씹어요. 냄새 맡자마자 자리에 앉아서 기다려요. 훈련용으로 계속 재구매할 것 같아요.,1
O00729,C0152,P0207,F0089,사료,시츄,소형,2.6,시니어,13.4,,,2025-01-21,1,5,입질 심한 아이라 소화 잘되는 걸로 찾았어요. 우리 아이가 정말 잘 먹어요. 나이가 있어서 그런지 예전보다 적게 먹네요. 주변 강아지 친구들에게도 추천했어요.,0
O00730,C0152,P0207,F0067,사료,시츄,소형,2.6,시니어,13.4,,,2026-03-13,1,5,곡물 알레르기 있어서 곡물프리로 알아보다 구매했어요. 그릇 비우는 속도가 달라졌어요. 이빨이 약해진 나이라 부드러운 걸 좋아해요. 강력 추천해요.,1
O00731,C0153,P0208,F0108,간식,포메라니안,소형,6.1,성견,3.4,,,2023-12-28,1,3,이빨 약한 노령견용으로 부드러운 걸 찾았어요. 그냥 그래요. 털이 풍성한 아이라 그런지 피모 개선 효과가 보여요. 그냥저냥 주고 있어요.,0
O00732,C0153,P0208,F0112,간식,포메라니안,소형,6.1,성견,3.4,,,2024-07-02,1,5,소형견용 작은 사이즈로 찾다가 발견했어요. 치석 제거 효과가 있는지 이빨이 깨끗해졌어요. 소분하기 좋게 포장돼 있어서 편해요!!,0
O00733,C0153,P0208,F0080,사료,포메라니안,소형,6.1,성견,3.4,,,2024-08-07,1,5,물에 불리지 않아도 잘 먹어요. 변 색깔이랑 굳기가 딱 좋아요. 포메라니안 특유로 소식하는 편이라 그런지 조금씩 남겨요. 재구매 예정입니다.,0
O00734,C0153,P0208,F0046,사료,포메라니안,소형,6.1,성견,3.4,,,2025-02-22,3,5,기존 사료 단종돼서 급하게 대체품 찾았어요. 변 상태가 훨씬 단단해졌어요. 포메라니안 특유로 소식하는 편이라 그런지 조금씩 남겨요.,0
O00735,C0153,P0208,F0012,사료,포메라니안,소형,6.1,성견,3.4,,,2025-04-16,1,5,예민한 장 때문에 저자극 사료 찾던 중이었어요. 기호성은 최고인데 며칠 먹이니 살짝 가려워하더라고요. 효과가 좋아서 재구매 의사 있어요.,0
O00736,C0153,P0208,F0164,간식,포메라니안,소형,6.1,성견,3.4,,,2026-04-11,1,5,한 개 주면 더 달라고 계속 쳐다봐요. 크기가 적당해서 소형견도 먹기 편해요. 털이 풍성한 아이라 그런지 피모 개선 효과가 보여요. 강아지들 사이에서 인기템이에요.,1
O00737,C0154,P0209,F0067,사료,말티즈,소형,7.0,시니어,12.8,,,2025-07-09,1,4,우리 아이가 정말 잘 먹어요. 털에 윤기가 도는 게 눈에 보여요. 이빨이 약해진 나이라 부드러운 걸 좋아해요. 재구매 예정입니다.,1
O00738,C0154,P0210,F0024,사료,래브라도리트리버,대형,34.4,성견,4.8,소고기 알레르기,,2025-12-26,1,5,다른 사료 다 먹여봤는데 이게 제일 잘 맞아서 재구매했어요. 밥 시간마다 꼬리를 흔들면서 달려와요. 장이 편안한지 컨디션이 좋아 보여요ㅜㅜ,0
O00739,C0154,P0210,F0080,사료,래브라도리트리버,대형,34.4,성견,4.8,소고기 알레르기,,2026-02-24,1,1,처음엔 좀 먹더니 며칠 지나니 안 먹으려고 해요. 며칠 먹이니 몸을 자꾸 긁더라고요~,1
O00740,C0155,P0211,F0049,사료,포메라니안,소형,6.7,성견,1.2,,,2025-01-01,1,3,리뷰 좋길래 반신반의로 시켜봤어요. 특별히 좋지도 나쁘지도 않아요.,0
O00741,C0155,P0211,F0151,간식,포메라니안,소형,6.7,성견,1.2,,,2025-03-11,1,4,심심할 때 주려고 대용량으로 샀어요. 많이 먹어도 속이 편한지 컨디션이 좋아요. 편식하는 아이도 이건 잘 먹어요. 효과가 좋아서 재구매 의사 있어요.,0
O00742,C0155,P0211,F0042,사료,포메라니안,소형,6.7,성견,1.2,,,2026-02-22,1,4,사료 그릇을 핥아먹을 정도로 좋아해요. 소화가 잘 되는지 방귀 냄새도 줄었어요. 입이 작은 아이라 한 번에 많이는 못 먹어요. 이 사료로 계속 갈 것 같아요ㅜㅜ,0
O00743,C0155,P0211,F0055,사료,포메라니안,소형,6.7,성견,1.2,,,2026-06-06,1,5,첫 사료라 고민 많이 하다가 골랐어요. 편식하던 아이인데 이건 남김없이 먹어요. 냄새를 맡자마자 좋아하더라고요. 입이 작은 아이라 한 번에 많이는 못 먹어요. 효과가 좋아서 재구매 의사 있어요.,1
O00744,C0156,P0212,F0080,사료,비글,중형,8.5,퍼피,0.9,피부 알레르기 체질,,2024-09-08,1,5,수의사 추천으로 바꿔봤어요. 활력이 좋아진 것 같아요. 비글답게 먹는 거라면 다 좋아해요. 주변 강아지 친구들에게도 추천했어요.,0
O00745,C0156,P0212,F0041,사료,비글,중형,8.5,퍼피,0.9,피부 알레르기 체질,,2026-01-29,1,5,시니어 사료로 갈아탈 시기가 돼서 주문했어요. 그릇 비우는 속도가 달라졌어요. 우리 아이가 정말 잘 먹어요. 성장기라 그런지 잘 먹고 살도 오르는 것 같아요.,0
O00746,C0156,P0212,F0056,사료,비글,중형,8.5,퍼피,0.9,피부 알레르기 체질,,2026-05-27,1,4,기존 사료 단종돼서 급하게 대체품 찾았어요. 기호성은 좋은데 변이 자주 묽게 나와서 고민이에요. 강력 추천해요.,1
O00747,C0157,P0213,F0137,간식,코커스패니얼,중형,11.6,성견,3.8,,,2023-09-09,1,4,미용 보상용으로 하나 사봤어요. 좋아하긴 하는데 며칠 먹이니 살짝 가려워하는 것 같아요. 다른 맛도 사보려고요.,0
O00748,C0157,P0213,F0194,간식,코커스패니얼,중형,11.6,성견,3.8,,,2024-10-15,1,5,치석 관리용으로 알아보다 샀어요. 훈련할 때 반응이 확실히 좋아졌어요.,0
O00749,C0157,P0213,F0111,간식,코커스패니얼,중형,11.6,성견,3.8,,,2024-12-02,3,4,소형견용 작은 사이즈로 찾다가 발견했어요. 편식하는 아이도 이건 잘 먹어요. 한 개 주면 더 달라고 계속 쳐다봐요.,0
O00750,C0157,P0213,F0142,간식,코커스패니얼,중형,11.6,성견,3.8,,,2025-06-05,1,5,장난감 대신 씹을 거리로 골랐어요. 너무 딱딱하지 않아서 노령견도 잘 씹어요. 치석 제거 효과가 있는지 이빨이 깨끗해졌어요. 다른 맛도 사보려고요.,0
O00751,C0157,P0213,F0181,간식,코커스패니얼,중형,11.6,성견,3.8,,,2025-07-21,1,3,이빨 약한 노령견용으로 부드러운 걸 찾았어요. 잘 씹어 먹긴 하는데 양이 너무 적어서 금방 없어져요. 그냥저냥 주고 있어요ㅎㅎ,0
O00752,C0157,P0213,F0164,간식,코커스패니얼,중형,11.6,성견,3.8,,,2026-01-29,1,4,훈련할 때 반응이 확실히 좋아졌어요. 많이 먹어도 속이 편한지 컨디션이 좋아요. 귀가 큰 편이라 먹을 때 귀가 그릇에 빠지곤 해요. 효과가 좋아서 재구매 의사 있어요.,0
O00753,C0157,P0213,F0172,간식,코커스패니얼,중형,11.6,성견,3.8,,,2026-02-08,1,4,손에 들자마자 꼬리 흔들며 달려와요. 소분하기 좋게 포장돼 있어서 편해요. 훈련용으로 계속 재구매할 것 같아요.,0
O00754,C0157,P0213,F0109,간식,코커스패니얼,중형,11.6,성견,3.8,,,2026-05-21,2,3,산책 보상용으로 구매했어요. 냄새는 좋아하는데 크기가 커서 나눠줘야 해요. 활동량이 있는 편이라 이 정도는 금방 먹어요.,1
O00755,C0158,P0214,F0033,사료,치와와,소형,3.7,성견,4.5,,,2023-08-10,1,3,곡물 알레르기 있어서 곡물프리로 알아보다 구매했어요. 무난하게 먹입니다. 가격 대비 괜찮아요. 치와와라 양을 조금만 줘도 충분해요. 그럭저럭 먹이고 있어요.,0
O00756,C0158,P0214,F0090,사료,치와와,소형,3.7,성견,4.5,,,2024-02-25,1,5,리뷰 좋길래 반신반의로 시켜봤어요. 소화가 잘 되는지 방귀 냄새도 줄었어요. 사료 그릇을 핥아먹을 정도로 좋아해요. 치와와라 양을 조금만 줘도 충분해요. 효과가 좋아서 재구매 의사 있어요.,0
O00757,C0158,P0214,F0143,간식,치와와,소형,3.7,성견,4.5,,,2024-10-31,2,3,무난하게 주고 있어요. 나쁘지 않아요. 치와와라 양을 조금만 줘도 충분해요. 무난하게 급여 중입니다.,0
O00758,C0158,P0214,F0112,간식,치와와,소형,3.7,성견,4.5,,,2025-12-17,1,2,새로운 맛 궁금해서 시켜봤어요. 잘 먹는데 부스러기가 너무 많이 떨어져요. 치와와라 양을 조금만 줘도 충분해요. 재구매 의사는 없어요.,1
O00759,C0159,P0215,F0107,간식,도베르만,대형,29.9,시니어,12.8,,,2024-07-09,1,5,퍼피용 부드러운 간식 찾던 중이었어요. 크기가 적당해서 소형견도 먹기 편해요. 냄새 맡자마자 자리에 앉아서 기다려요. 강아지들 사이에서 인기템이에요.,0
O00760,C0159,P0215,F0004,사료,도베르만,대형,29.9,시니어,12.8,,,2024-10-21,1,3,입질 심한 아이라 소화 잘되는 걸로 찾았어요. 그럭저럭 먹고 있어요. 덩치가 커서 그런지 먹는 양도 많아요. 무난하게 급여 중입니다.,1
O00761,C0160,P0216,F0143,간식,치와와,소형,2.5,시니어,10.4,곡물 알레르기,,2024-09-27,1,5,치석 관리용으로 알아보다 샀어요. 훈련할 때 반응이 확실히 좋아졌어요. 한 개 주면 더 달라고 계속 쳐다봐요. 효과가 좋아서 재구매 의사 있어요.,0
O00762,C0160,P0216,F0054,사료,치와와,소형,2.5,시니어,10.4,곡물 알레르기,,2025-04-17,5,5,대형견이라 그런지 사료값이 만만치 않아서 가성비 좋은 걸로 골랐어요. 털에 윤기가 도는 게 눈에 보여요. 그릇 비우는 속도가 달라졌어요. 치와와라 양을 조금만 줘도 충분해요. 강력 추천해요.,0
O00763,C0160,P0216,F0070,사료,치와와,소형,2.5,시니어,10.4,곡물 알레르기,,2025-11-09,2,4,동물병원에서 체중 관리용으로 추천받았어요. 활력이 좋아진 것 같아요. 변 색깔이랑 굳기가 딱 좋아요. 재구매 예정입니다.,1
O00764,C0161,P0217,F0077,사료,허스키,대형,22.2,퍼피,0.4,,,2026-06-26,1,5,대용량으로 시켜봤어요. 냄새를 맡자마자 좋아하더라고요. 편식하던 아이인데 이건 남김없이 먹어요. 이 사료로 계속 갈 것 같아요.,0
O00765,C0161,P0217,F0156,간식,허스키,대형,22.2,퍼피,0.4,,,2026-08-08,3,4,심심할 때 주려고 대용량으로 샀어요. 좋아하긴 하는데 며칠 먹이니 살짝 가려워하는 것 같아요. 훈련용으로 계속 재구매할 것 같아요.,1
O00766,C0162,P0218,F0090,사료,프렌치불독,중형,12.7,시니어,9.2,,,2024-07-01,2,5,밥 시간마다 꼬리를 흔들면서 달려와요. 변 상태가 훨씬 단단해졌어요.,0
O00767,C0162,P0218,F0043,사료,프렌치불독,중형,12.7,시니어,9.2,,,2025-03-23,1,4,퍼피 전용으로 바꿔주려고 구매했어요. 물에 불리지 않아도 잘 먹어요. 장이 편안한지 컨디션이 좋아 보여요. 주변 강아지 친구들에게도 추천했어요.,0
O00768,C0162,P0218,F0066,사료,프렌치불독,중형,12.7,시니어,9.2,,,2025-06-04,2,3,보통이에요. 특별히 좋지도 나쁘지도 않아요.,0
O00769,C0162,P0218,F0081,사료,프렌치불독,중형,12.7,시니어,9.2,,,2025-07-07,1,5,냄새를 맡자마자 좋아하더라고요. 털에 윤기가 도는 게 눈에 보여요. 재구매 예정입니다.,0
O00770,C0162,P0218,F0065,사료,프렌치불독,중형,12.7,시니어,9.2,,,2025-09-02,1,4,예민한 장 때문에 저자극 사료 찾던 중이었어요. 장이 편안한지 컨디션이 좋아 보여요. 변 색깔이랑 굳기가 딱 좋아요. 효과가 좋아서 재구매 의사 있어요ㅎㅎ,0
O00771,C0162,P0218,F0047,사료,프렌치불독,중형,12.7,시니어,9.2,,,2026-01-14,1,5,소화가 잘 되는지 방귀 냄새도 줄었어요. 밥 시간마다 꼬리를 흔들면서 달려와요. 활동량이 있는 편이라 이 정도는 금방 먹어요. 강력 추천해요~,0
O00772,C0162,P0218,F0096,사료,프렌치불독,중형,12.7,시니어,9.2,,,2026-06-24,1,3,나쁘지 않아요. 그냥 그래요.,0
O00773,C0162,P0218,F0156,간식,프렌치불독,중형,12.7,시니어,9.2,,,2026-08-02,1,5,다이어트 중이라 저칼로리 간식으로 골랐어요. 좋아하긴 하는데 먹고 나서 변이 좀 물러요. 코가 짧은 아이라 급하게 먹다가 사레들릴까 걱정했는데 괜찮아요. 강아지들 사이에서 인기템이에요.,1
O00774,C0162,P0219,F0166,간식,비글,중형,18.3,퍼피,0.4,,,2024-11-19,1,4,손에 들자마자 꼬리 흔들며 달려와요. 성장기라 그런지 잘 먹고 살도 오르는 것 같아요. 다른 맛도 사보려고요.,0
O00775,C0162,P0219,F0122,간식,비글,중형,18.3,퍼피,0.4,,,2025-12-11,1,3,여행 갈 때 간식으로 챙기려고 샀어요. 가격 대비 괜찮아요. 식탐이 많은 아이라 순식간에 그릇을 비워요. 그냥저냥 주고 있어요.,0
O00776,C0162,P0219,F0077,사료,비글,중형,18.3,퍼피,0.4,,,2026-03-15,3,4,소형견이라 알갱이 작은 걸로 찾다가 발견했어요. 적응 기간엔 잘 먹었는데 점점 흥미를 잃는 것 같아요. 활동량이 있는 편이라 이 정도는 금방 먹어요. 이 사료로 계속 갈 것 같아요!!,0
O00777,C0162,P0219,F0134,간식,비글,중형,18.3,퍼피,0.4,,,2026-06-10,1,4,훈련용으로 쓰려고 구매했어요. 편식하는 아이도 이건 잘 먹어요. 활동량이 있는 편이라 이 정도는 금방 먹어요. 다른 맛도 사보려고요.,1
O00778,C0163,P0220,F0141,간식,말티즈,소형,4.2,시니어,12.3,,,2026-02-12,1,3,미용 보상용으로 하나 사봤어요. 특별한 건 없어요. 그냥 그래요. 입이 작은 아이라 한 번에 많이는 못 먹어요. 무난하게 급여 중입니다.,0
O00779,C0163,P0220,F0039,사료,말티즈,소형,4.2,시니어,12.3,,,2026-06-24,1,4,수의사 추천으로 바꿔봤어요. 물에 불리지 않아도 잘 먹어요. 변 상태가 훨씬 단단해졌어요. 주변 강아지 친구들에게도 추천했어요.,0
O00780,C0163,P0220,F0090,사료,말티즈,소형,4.2,시니어,12.3,,,2026-06-29,1,5,편식하던 아이인데 이건 남김없이 먹어요. 활력이 좋아진 것 같아요.,1
O00781,C0164,P0221,F0090,사료,허스키,대형,22.4,성견,2.0,,,2025-08-08,1,5,첫 사료라 고민 많이 하다가 골랐어요. 그릇 비우는 속도가 달라졌어요. 사료 그릇을 핥아먹을 정도로 좋아해요. 대형견이라 그런지 양이 금방 줄어요. 강력 추천해요.,0
O00782,C0164,P0221,F0066,사료,허스키,대형,22.4,성견,2.0,,,2025-10-15,2,4,다른 사료 다 먹여봤는데 이게 제일 잘 맞아서 재구매했어요. 기호성은 최고인데 며칠 먹이니 살짝 가려워하더라고요. 주변 강아지 친구들에게도 추천했어요.,0
O00783,C0164,P0221,F0134,간식,허스키,대형,22.4,성견,2.0,,,2025-10-22,1,4,훈련용으로 쓰려고 구매했어요. 너무 딱딱하지 않아서 노령견도 잘 씹어요. 소분하기 좋게 포장돼 있어서 편해요. 대형견이라 그런지 양이 금방 줄어요. 효과가 좋아서 재구매 의사 있어요.,0
O00784,C0164,P0221,F0102,간식,허스키,대형,22.4,성견,2.0,,,2026-02-02,1,5,장난감 대신 씹을 거리로 골랐어요. 냄새 맡자마자 자리에 앉아서 기다려요. 치석 제거 효과가 있는지 이빨이 깨끗해졌어요. 덩치가 커서 그런지 먹는 양도 많아요. 강아지들 사이에서 인기템이에요.,0
O00785,C0164,P0221,F0025,사료,허스키,대형,22.4,성견,2.0,,,2026-02-28,2,5,대형견이라 그런지 사료값이 만만치 않아서 가성비 좋은 걸로 골랐어요. 우리 아이가 정말 잘 먹어요. 털갈이가 심한 아이인데 피모 상태가 좋아진 것 같아요.,0
O00786,C0164,P0221,F0029,사료,허스키,대형,22.4,성견,2.0,,,2026-07-04,1,4,수의사 추천으로 바꿔봤어요. 그릇 비우는 속도가 달라졌어요. 소화가 잘 되는지 방귀 냄새도 줄었어요.,1
O00787,C0165,P0222,F0058,사료,비숑프리제,소형,2.4,성견,3.2,,,2025-11-26,1,5,퍼피 전용으로 바꿔주려고 구매했어요. 냄새를 맡자마자 좋아하더라고요. 입이 작은 아이라 한 번에 많이는 못 먹어요.,0
O00788,C0165,P0222,F0156,간식,비숑프리제,소형,2.4,성견,3.2,,,2026-04-09,1,3,새로운 맛 궁금해서 시켜봤어요. 잘 씹어 먹긴 하는데 양이 너무 적어서 금방 없어져요. 무난하게 급여 중입니다.,1
O00789,C0166,P0223,F0110,간식,말티즈,소형,5.9,성견,2.3,,관절이 약함,2025-12-16,1,1,산책 보상용으로 구매했어요. 간식 먹고 나서 변이 물러졌어요. 크기가 너무 커서 소형견은 나눠줘야 해요. 말티즈 특유로 까다롭게 골라 먹는 편인데 이건 잘 먹어요.,0
O00790,C0166,P0223,F0087,사료,말티즈,소형,5.9,성견,2.3,,관절이 약함,2025-12-19,5,4,예민한 장 때문에 저자극 사료 찾던 중이었어요. 변 색깔이랑 굳기가 딱 좋아요. 우리 아이가 정말 잘 먹어요!!,1
O00791,C0167,P0224,F0050,사료,비숑프리제,소형,2.0,퍼피,0.8,곡물 알레르기,피부가 예민함,2024-12-05,1,5,리뷰 좋길래 반신반의로 시켜봤어요. 장이 편안한지 컨디션이 좋아 보여요. 털에 윤기가 도는 게 눈에 보여요. 피부가 예민한 아이라 성분표를 꼼꼼히 봤는데 자극 없이 잘 맞았어요. 효과가 좋아서 재구매 의사 있어요.,0
O00792,C0167,P0224,F0180,간식,비숑프리제,소형,2.0,퍼피,0.8,곡물 알레르기,피부가 예민함,2024-12-30,3,4,다이어트 중이라 저칼로리 간식으로 골랐어요. 많이 먹어도 속이 편한지 컨디션이 좋아요. 훈련용으로 계속 재구매할 것 같아요!!,0
O00793,C0167,P0224,F0129,간식,비숑프리제,소형,2.0,퍼피,0.8,곡물 알레르기,피부가 예민함,2025-11-17,2,5,여행 갈 때 간식으로 챙기려고 샀어요. 크기가 적당해서 소형견도 먹기 편해요. 한 개 주면 더 달라고 계속 쳐다봐요. 성장기라 그런지 잘 먹고 살도 오르는 것 같아요. 효과가 좋아서 재구매 의사 있어요.,0
O00794,C0167,P0224,F0015,사료,비숑프리제,소형,2.0,퍼피,0.8,곡물 알레르기,피부가 예민함,2026-03-19,1,5,시니어 사료로 갈아탈 시기가 돼서 주문했어요. 활력이 좋아진 것 같아요. 편식하던 아이인데 이건 남김없이 먹어요. 이갈이 시기라 씹는 걸 좋아해요.,1
O00795,C0168,P0225,F0157,간식,셰퍼드,대형,33.4,시니어,12.8,,,2026-03-23,1,4,미용 보상용으로 하나 사봤어요. 너무 딱딱하지 않아서 노령견도 잘 씹어요. 노령견이라 소화가 잘 되는지 걱정했는데 다행히 괜찮아요. 훈련용으로 계속 재구매할 것 같아요.,0
O00796,C0168,P0225,F0036,사료,셰퍼드,대형,33.4,시니어,12.8,,,2026-07-28,1,4,곡물 알레르기 있어서 곡물프리로 알아보다 구매했어요. 물에 불리지 않아도 잘 먹어요. 사료 그릇을 핥아먹을 정도로 좋아해요. 나이가 있어서 그런지 예전보다 적게 먹네요. 재구매 예정입니다.,1
O00797,C0169,P0226,F0133,간식,프렌치불독,중형,9.6,성견,4.1,,치아가 약함,2025-07-06,3,5,소형견용 작은 사이즈로 찾다가 발견했어요. 많이 먹어도 속이 편한지 컨디션이 좋아요.,0
O00798,C0169,P0226,F0057,사료,프렌치불독,중형,9.6,성견,4.1,,치아가 약함,2025-07-21,1,5,첫 사료라 고민 많이 하다가 골랐어요. 변 상태가 훨씬 단단해졌어요. 이 사료로 계속 갈 것 같아요.,1
O00799,C0170,P0227,F0131,간식,치와와,소형,5.7,시니어,8.8,,,2023-12-10,1,1,퍼피용 부드러운 간식 찾던 중이었어요. 몇 입 먹다가 흥미를 잃어요. 처음만 좋아하고 그다음부턴 안 먹으려 해요. 나이가 있어서 그런지 예전보다 적게 먹네요. 다른 브랜드로 바꿔보려고요.,0
O00800,C0170,P0227,F0183,간식,치와와,소형,5.7,시니어,8.8,,,2024-10-18,1,1,심심할 때 주려고 대용량으로 샀어요. 너무 딱딱해서 잘 못 씹어요. 부스러기가 많이 떨어져서 청소가 번거로워요. 예민한 편인 치와와인데 배탈 없이 잘 맞아요. 다른 브랜드로 바꿔보려고요.,0
O00801,C0170,P0227,F0183,간식,치와와,소형,5.7,시니어,8.8,,,2025-12-09,1,2,"치석 관리용으로 알아보다 샀어요. 생각보다 딱딱해서 이빨 약한 아이는 힘들어해요. 나이가 있어서 그런지 예전보다 적게 먹네요. 전혀 안 먹어요, 비추합니다.",1
O00802,C0170,P0228,F0193,간식,셰퍼드,대형,37.8,성견,2.2,,,2024-05-24,3,1,이빨 약한 노령견용으로 부드러운 걸 찾았어요. 과식했더니 토를 하더라고요. 냄새는 좋아하는데 막상 안 먹어요. 재구매 의사는 없어요!!,0
O00803,C0170,P0228,F0099,사료,셰퍼드,대형,37.8,성견,2.2,,,2024-07-16,1,4,다른 사료 다 먹여봤는데 이게 제일 잘 맞아서 재구매했어요. 맛은 있나 본데 변 냄새가 너무 독해졌어요. 대형견이라 그런지 양이 금방 줄어요. 재구매 예정입니다ㅎㅎ,0
O00804,C0170,P0228,F0029,사료,셰퍼드,대형,37.8,성견,2.2,,,2025-07-24,1,4,입질 심한 아이라 소화 잘되는 걸로 찾았어요. 밥 시간마다 꼬리를 흔들면서 달려와요. 소화가 잘 되는지 방귀 냄새도 줄었어요. 대형견이라 그런지 양이 금방 줄어요. 강력 추천해요ㅜㅜ,0
O00805,C0170,P0228,F0118,간식,셰퍼드,대형,37.8,성견,2.2,,,2025-09-15,2,5,미용 보상용으로 하나 사봤어요. 손에 들자마자 꼬리 흔들며 달려와요. 냄새 맡자마자 자리에 앉아서 기다려요. 덩치가 커서 그런지 먹는 양도 많아요.,0
O00806,C0170,P0228,F0158,간식,셰퍼드,대형,37.8,성견,2.2,,,2025-10-25,1,5,훈련용으로 쓰려고 구매했어요. 치석 제거 효과가 있는지 이빨이 깨끗해졌어요. 편식하는 아이도 이건 잘 먹어요. 강아지들 사이에서 인기템이에요.,0
O00807,C0170,P0228,F0081,사료,셰퍼드,대형,37.8,성견,2.2,,,2025-11-07,1,2,소형견이라 알갱이 작은 걸로 찾다가 발견했어요. 입맛에 안 맞는지 자꾸 남겨요. 변이 좀 무르게 나와요. 덩치가 커서 그런지 먹는 양도 많아요. 재구매 의사 없어요.,1
O00808,C0171,P0229,F0016,사료,시바견,중형,12.7,성견,1.1,,,2026-05-18,1,5,기존 사료 단종돼서 급하게 대체품 찾았어요. 잘 먹기는 하는데 변이 좀 무르게 나와요.,0
O00809,C0171,P0229,F0055,사료,시바견,중형,12.7,성견,1.1,,,2026-05-27,1,5,변 상태가 훨씬 단단해졌어요. 효과가 좋아서 재구매 의사 있어요.,0
O00810,C0171,P0229,F0076,사료,시바견,중형,12.7,성견,1.1,,,2026-06-26,1,2,"처음엔 잘 먹더니 요즘은 시들해요, 그래도 소화는 잘 되는 것 같아요. 다른 사료 알아보려고요.",0
O00811,C0171,P0229,F0029,사료,시바견,중형,12.7,성견,1.1,,,2026-06-28,1,3,동물병원에서 체중 관리용으로 추천받았어요. 먹는 건 좋아하는데 방귀 냄새가 심해졌어요. 무난하게 급여 중입니다.,0
O00812,C0171,P0229,F0094,사료,시바견,중형,12.7,성견,1.1,,,2026-07-01,2,3,양은 적당한데 곡물이 들어있어서 우리 아이한테는 살짝 안 맞았어요. 시바견 특유의 도도함 때문인지 입맛이 까다로운 편이에요. 그럭저럭 먹이고 있어요.,0
O00813,C0171,P0229,F0011,사료,시바견,중형,12.7,성견,1.1,,,2026-07-04,1,4,대용량으로 시켜봤어요. 털에 윤기가 도는 게 눈에 보여요. 물에 불리지 않아도 잘 먹어요.,1
O00814,C0171,P0230,F0093,사료,셰퍼드,대형,34.1,성견,1.9,특정 단백질 민감,,2026-06-12,3,4,동물병원에서 체중 관리용으로 추천받았어요. 밥 시간마다 꼬리를 흔들면서 달려와요. 활동량 많은 대형견이라 이 정도는 순식간에 먹어요. 이 사료로 계속 갈 것 같아요.,0
O00815,C0171,P0230,F0086,사료,셰퍼드,대형,34.1,성견,1.9,특정 단백질 민감,,2026-06-28,2,2,변 냄새가 심해졌어요. 피부에 발진이 올라와서 놀랐어요. 재구매 의사 없어요.,0
O00816,C0171,P0230,F0092,사료,셰퍼드,대형,34.1,성견,1.9,특정 단백질 민감,,2026-08-10,1,3,수의사 추천으로 바꿔봤어요. 냄새 맡고 좋아하긴 하는데 이상하게 살은 안 쪄요. 무난하게 급여 중입니다.,1
O00817,C0171,P0231,F0028,사료,골든리트리버,대형,33.1,성견,5.9,,,2026-06-15,1,3,잘 먹는 편인데 가끔 토를 해서 지켜보고 있어요. 그럭저럭 먹이고 있어요.,0
O00818,C0171,P0231,F0095,사료,골든리트리버,대형,33.1,성견,5.9,,,2026-08-07,1,4,첫 사료라 고민 많이 하다가 골랐어요. 냄새를 맡자마자 좋아하더라고요. 장이 편안한지 컨디션이 좋아 보여요. 대형견이라 그런지 그릇 비우는 속도가 빨라요.,1
O00819,C0172,P0232,F0109,간식,미니어처닥스훈트,소형,4.0,퍼피,0.8,,,2026-03-06,3,5,치석 관리용으로 알아보다 샀어요. 소분하기 좋게 포장돼 있어서 편해요. 훈련할 때 반응이 확실히 좋아졌어요. 허리가 약한 아이라 체중 관리에 신경 쓰는데 도움이 되는 것 같아요. 다른 맛도 사보려고요.,0
O00820,C0172,P0232,F0017,사료,미니어처닥스훈트,소형,4.0,퍼피,0.8,,,2026-03-10,1,4,대용량으로 시켜봤어요. 편식하던 아이인데 이건 남김없이 먹어요. 그릇 비우는 속도가 달라졌어요. 주변 강아지 친구들에게도 추천했어요.,0
O00821,C0172,P0232,F0129,간식,미니어처닥스훈트,소형,4.0,퍼피,0.8,,,2026-06-15,1,3,소형견용 작은 사이즈로 찾다가 발견했어요. 맛있게는 먹는데 가격이 좀 부담돼요. 그냥저냥 주고 있어요.,1
O00822,C0173,P0233,F0033,사료,포메라니안,소형,4.0,퍼피,0.5,피부 알레르기 체질,,2024-01-05,2,4,시니어 사료로 갈아탈 시기가 돼서 주문했어요. 변 색깔이랑 굳기가 딱 좋아요. 우리 아이가 정말 잘 먹어요. 입이 작은 아이라 한 번에 많이는 못 먹어요. 주변 강아지 친구들에게도 추천했어요.,0
O00823,C0173,P0233,F0176,간식,포메라니안,소형,4.0,퍼피,0.5,피부 알레르기 체질,,2024-01-12,1,1,"이빨 약한 노령견용으로 부드러운 걸 찾았어요. 잘 먹긴 하는데 너무 딱딱해서 걱정돼요. 입이 작은 아이라 한 번에 많이는 못 먹어요. 전혀 안 먹어요, 비추합니다ㅜㅜ",0
O00824,C0173,P0233,F0029,사료,포메라니안,소형,4.0,퍼피,0.5,피부 알레르기 체질,,2024-02-23,1,2,그릇 앞에서 킁킁거리기만 하고 돌아서요. 냄새는 맡는데 잘 안 먹어요. 눈 주위가 붉어져서 급하게 중단했어요. 털이 풍성한 아이라 그런지 피모 개선 효과가 보여요. 환불 문의했어요.,0
O00825,C0173,P0233,F0110,간식,포메라니안,소형,4.0,퍼피,0.5,피부 알레르기 체질,,2024-05-21,2,3,심심할 때 주려고 대용량으로 샀어요. 처음엔 잘 먹더니 물려하는지 요즘은 시큰둥해요. 무난하게 급여 중입니다.,0
O00826,C0173,P0233,F0003,사료,포메라니안,소형,4.0,퍼피,0.5,피부 알레르기 체질,,2024-09-17,3,2,곡물 알레르기 있어서 곡물프리로 알아보다 구매했어요. 가스가 심해진 것 같아요. 다른 간식 섞어줘야 겨우 먹어요. 귀를 자꾸 털길래 알레르기인가 싶어요.,0
O00827,C0173,P0233,F0057,사료,포메라니안,소형,4.0,퍼피,0.5,피부 알레르기 체질,,2024-11-21,2,3,가격 대비 괜찮아요. 그럭저럭 먹고 있어요. 무난하게 급여 중입니다~,0
O00828,C0173,P0233,F0166,간식,포메라니안,소형,4.0,퍼피,0.5,피부 알레르기 체질,,2025-01-28,2,3,다이어트 중이라 저칼로리 간식으로 골랐어요. 맛있게는 먹는데 가격이 좀 부담돼요. 그냥저냥 주고 있어요!!,0
O00829,C0173,P0233,F0185,간식,포메라니안,소형,4.0,퍼피,0.5,피부 알레르기 체질,,2025-05-21,1,3,퍼피용 부드러운 간식 찾던 중이었어요. 좋아하긴 하는데 며칠 먹이니 살짝 가려워하는 것 같아요. 그냥저냥 주고 있어요ㅎㅎ,1
O00830,C0173,P0234,F0177,간식,골든리트리버,대형,31.8,퍼피,0.6,,,2024-10-03,2,4,산책 보상용으로 구매했어요. 치석 제거 효과가 있는지 이빨이 깨끗해졌어요. 크기가 적당해서 소형견도 먹기 편해요. 성장기라 그런지 잘 먹고 살도 오르는 것 같아요. 훈련용으로 계속 재구매할 것 같아요.,0
O00831,C0173,P0234,F0059,사료,골든리트리버,대형,31.8,퍼피,0.6,,,2025-01-26,1,3,무난하게 먹입니다. 그냥 그래요. 그럭저럭 먹이고 있어요.,0
O00832,C0173,P0234,F0120,간식,골든리트리버,대형,31.8,퍼피,0.6,,,2026-01-21,1,5,장난감 대신 씹을 거리로 골랐어요. 손에 들자마자 꼬리 흔들며 달려와요. 훈련할 때 반응이 확실히 좋아졌어요. 다른 맛도 사보려고요.,1
O00833,C0174,P0235,F0012,사료,보더콜리,중형,15.2,성견,6.1,,피부가 예민함,2023-07-03,1,5,퍼피 전용으로 바꿔주려고 구매했어요. 사료 그릇을 핥아먹을 정도로 좋아해요. 재구매 예정입니다.,0
O00834,C0174,P0235,F0036,사료,보더콜리,중형,15.2,성견,6.1,,피부가 예민함,2024-12-14,1,3,기존 사료 단종돼서 급하게 대체품 찾았어요. 잘 먹는데 사료 냄새가 집안에 좀 남아요. 활동량이 있는 편이라 이 정도는 금방 먹어요.,1
O00835,C0174,P0236,F0110,간식,시츄,소형,3.4,시니어,9.8,,,2024-04-06,1,1,처음만 좋아하고 그다음부턴 안 먹으려 해요. 크기가 너무 커서 소형견은 나눠줘야 해요.,0
O00836,C0174,P0236,F0037,사료,시츄,소형,3.4,시니어,9.8,,,2024-04-21,1,4,다른 사료 다 먹여봤는데 이게 제일 잘 맞아서 재구매했어요. 가격은 좀 있는데 그만큼 잘 먹어서 만족해요. 효과가 좋아서 재구매 의사 있어요.,0
O00837,C0174,P0236,F0181,간식,시츄,소형,3.4,시니어,9.8,,,2024-11-27,5,4,여행 갈 때 간식으로 챙기려고 샀어요. 냄새는 좋아하는데 크기가 커서 나눠줘야 해요. 효과가 좋아서 재구매 의사 있어요.,1
O00838,C0174,P0237,F0036,사료,말티즈,소형,3.6,성견,5.9,,,2023-10-08,1,4,소형견이라 알갱이 작은 걸로 찾다가 발견했어요. 활력이 좋아진 것 같아요. 말티즈라 그런지 입이 짧아서 조금씩 자주 먹어요. 강력 추천해요.,0
O00839,C0174,P0237,F0077,사료,말티즈,소형,3.6,성견,5.9,,,2024-04-23,1,3,"대형견이라 그런지 사료값이 만만치 않아서 가성비 좋은 걸로 골랐어요. 처음엔 잘 먹더니 요즘은 시들해요, 그래도 소화는 잘 되는 것 같아요. 무난하게 급여 중입니다ㅜㅜ",0
O00840,C0174,P0237,F0057,사료,말티즈,소형,3.6,성견,5.9,,,2024-06-27,3,1,설사를 해서 바로 끊었어요. 변 냄새가 심해졌어요. 다른 사료 알아보려고요.,1
O00841,C0175,P0238,F0048,사료,말티즈,소형,4.4,성견,4.6,,비만 관리 중,2025-05-13,1,4,우리 아이가 정말 잘 먹어요. 물에 불리지 않아도 잘 먹어요. 말티즈라 그런지 입이 짧아서 조금씩 자주 먹어요. 이 사료로 계속 갈 것 같아요.,1
O00842,C0175,P0239,F0104,간식,시바견,중형,14.7,성견,5.0,,,2025-01-19,1,5,새로운 맛 궁금해서 시켜봤어요. 많이 먹어도 속이 편한지 컨디션이 좋아요. 너무 딱딱하지 않아서 노령견도 잘 씹어요. 강아지들 사이에서 인기템이에요.,0
O00843,C0175,P0239,F0068,사료,시바견,중형,14.7,성견,5.0,,,2025-02-15,2,5,변 색깔이랑 굳기가 딱 좋아요. 사료 그릇을 핥아먹을 정도로 좋아해요. 재구매 예정입니다.,0
O00844,C0175,P0239,F0013,사료,시바견,중형,14.7,성견,5.0,,,2025-02-17,1,4,리뷰 좋길래 반신반의로 시켜봤어요. 기호성은 좋은데 변이 자주 묽게 나와서 고민이에요. 시바견 특유의 도도함 때문인지 입맛이 까다로운 편이에요. 이 사료로 계속 갈 것 같아요.,0
O00845,C0175,P0239,F0116,간식,시바견,중형,14.7,성견,5.0,,,2025-04-22,2,5,퍼피용 부드러운 간식 찾던 중이었어요. 소분하기 좋게 포장돼 있어서 편해요. 중형견이라 적당한 양인 것 같아요. 다른 맛도 사보려고요.,0
O00846,C0175,P0239,F0073,사료,시바견,중형,14.7,성견,5.0,,,2025-04-22,1,4,예민한 장 때문에 저자극 사료 찾던 중이었어요. 털에 윤기가 도는 게 눈에 보여요. 편식하던 아이인데 이건 남김없이 먹어요. 활동량이 있는 편이라 이 정도는 금방 먹어요. 효과가 좋아서 재구매 의사 있어요.,0
O00847,C0175,P0239,F0131,간식,시바견,중형,14.7,성견,5.0,,,2025-07-14,1,2,산책 보상용으로 구매했어요. 간식 먹고 나서 변이 물러졌어요. 과식했더니 토를 하더라고요. 중형견이라 적당한 양인 것 같아요.,0
O00848,C0175,P0239,F0007,사료,시바견,중형,14.7,성견,5.0,,,2025-07-21,1,3,입질 심한 아이라 소화 잘되는 걸로 찾았어요. 특별히 좋지도 나쁘지도 않아요. 나쁘지 않아요. 그럭저럭 먹이고 있어요.,0
O00849,C0175,P0239,F0132,간식,시바견,중형,14.7,성견,5.0,,,2025-07-27,1,3,이빨 약한 노령견용으로 부드러운 걸 찾았어요. 무난하게 주고 있어요. 나쁘지 않아요. 활동량이 있는 편이라 이 정도는 금방 먹어요. 무난하게 급여 중입니다.,1
O00850,C0176,P0240,F0015,사료,치와와,소형,2.2,성견,6.3,,,2026-06-11,1,4,예민한 장 때문에 저자극 사료 찾던 중이었어요. 소화가 잘 되는지 방귀 냄새도 줄었어요. 냄새를 맡자마자 좋아하더라고요. 주변 강아지 친구들에게도 추천했어요.,0
O00851,C0176,P0240,F0130,간식,치와와,소형,2.2,성견,6.3,,,2026-07-01,2,5,새로운 맛 궁금해서 시켜봤어요. 편식하는 아이도 이건 잘 먹어요. 강아지들 사이에서 인기템이에요!!,1
O00852,C0177,P0241,F0129,간식,보더콜리,중형,15.4,퍼피,0.3,,,2024-09-19,1,5,훈련용으로 쓰려고 구매했어요. 냄새 맡자마자 자리에 앉아서 기다려요. 한 개 주면 더 달라고 계속 쳐다봐요. 활동량이 워낙 많아서 그런지 이 정도 양은 금방 먹어요. 효과가 좋아서 재구매 의사 있어요.,0
O00853,C0177,P0241,F0167,간식,보더콜리,중형,15.4,퍼피,0.3,,,2025-05-21,1,4,치석 관리용으로 알아보다 샀어요. 냄새 맡자마자 자리에 앉아서 기다려요. 활동량이 워낙 많아서 그런지 이 정도 양은 금방 먹어요. 훈련용으로 계속 재구매할 것 같아요.,1
O00854,C0178,P0242,F0147,간식,시바견,중형,16.0,퍼피,0.8,,,2025-06-19,1,4,너무 딱딱하지 않아서 노령견도 잘 씹어요. 훈련할 때 반응이 확실히 좋아졌어요. 성장기라 그런지 잘 먹고 살도 오르는 것 같아요. 다른 맛도 사보려고요.,0
O00855,C0178,P0242,F0180,간식,시바견,중형,16.0,퍼피,0.8,,,2025-06-22,1,4,소분하기 좋게 포장돼 있어서 편해요. 치석 제거 효과가 있는지 이빨이 깨끗해졌어요. 강아지들 사이에서 인기템이에요.,0
O00856,C0178,P0242,F0079,사료,시바견,중형,16.0,퍼피,0.8,,,2025-12-12,1,5,곡물 알레르기 있어서 곡물프리로 알아보다 구매했어요. 활력이 좋아진 것 같아요. 변 상태가 훨씬 단단해졌어요.,0
O00857,C0178,P0242,F0165,간식,시바견,중형,16.0,퍼피,0.8,,,2026-05-04,3,5,미용 보상용으로 하나 사봤어요. 손에 들자마자 꼬리 흔들며 달려와요.,1
O00858,C0179,P0243,F0132,간식,미니어처닥스훈트,소형,2.1,퍼피,0.9,,,2023-09-05,1,3,소형견용 작은 사이즈로 찾다가 발견했어요. 보통이에요. 가격 대비 괜찮아요.,0
O00859,C0179,P0243,F0099,사료,미니어처닥스훈트,소형,2.1,퍼피,0.9,,,2023-11-14,1,3,기존 사료 단종돼서 급하게 대체품 찾았어요. 기호성은 최고인데 며칠 먹이니 살짝 가려워하더라고요.,0
O00860,C0179,P0243,F0049,사료,미니어처닥스훈트,소형,2.1,퍼피,0.9,,,2024-04-02,1,4,동물병원에서 체중 관리용으로 추천받았어요. 장이 편안한지 컨디션이 좋아 보여요. 이갈이 시기라 씹는 걸 좋아해요.,0
O00861,C0179,P0243,F0199,간식,미니어처닥스훈트,소형,2.1,퍼피,0.9,,,2026-07-20,2,3,잘 씹어 먹긴 하는데 양이 너무 적어서 금방 없어져요. 무난하게 급여 중입니다.,1
O00862,C0179,P0244,F0007,사료,셰퍼드,대형,26.0,성견,4.0,특정 단백질 민감,,2023-08-18,1,5,대용량으로 시켜봤어요. 밥 시간마다 꼬리를 흔들면서 달려와요. 그릇 비우는 속도가 달라졌어요. 덩치가 커서 그런지 먹는 양도 많아요. 강력 추천해요.,0
O00863,C0179,P0244,F0010,사료,셰퍼드,대형,26.0,성견,4.0,특정 단백질 민감,,2023-08-18,2,5,리뷰 좋길래 반신반의로 시켜봤어요. 변 색깔이랑 굳기가 딱 좋아요. 활동량 많은 대형견이라 이 정도는 순식간에 먹어요.,0
O00864,C0179,P0244,F0069,사료,셰퍼드,대형,26.0,성견,4.0,특정 단백질 민감,,2023-11-13,1,5,시니어 사료로 갈아탈 시기가 돼서 주문했어요. 냄새 맡고 좋아하긴 하는데 이상하게 살은 안 쪄요. 재구매 예정입니다.,0
O00865,C0179,P0244,F0098,사료,셰퍼드,대형,26.0,성견,4.0,특정 단백질 민감,,2024-07-09,1,4,수의사 추천으로 바꿔봤어요. 털에 윤기가 도는 게 눈에 보여요. 효과가 좋아서 재구매 의사 있어요.,0
O00866,C0179,P0244,F0028,사료,셰퍼드,대형,26.0,성견,4.0,특정 단백질 민감,,2024-07-28,1,4,소형견이라 알갱이 작은 걸로 찾다가 발견했어요. 편식하던 아이인데 이건 남김없이 먹어요. 장이 편안한지 컨디션이 좋아 보여요. 강력 추천해요.,0
O00867,C0179,P0244,F0021,사료,셰퍼드,대형,26.0,성견,4.0,특정 단백질 민감,,2024-11-04,1,3,입질 심한 아이라 소화 잘되는 걸로 찾았어요. 보통이에요. 그럭저럭 먹고 있어요. 며칠 먹이니 몸을 자꾸 긁더라고요. 활동량 많은 대형견이라 이 정도는 순식간에 먹어요. 그럭저럭 먹이고 있어요.,1
O00868,C0180,P0245,F0158,간식,진돗개,대형,37.2,성견,6.1,,,2026-02-23,2,5,다이어트 중이라 저칼로리 간식으로 골랐어요. 편식하는 아이도 이건 잘 먹어요. 한 개 주면 더 달라고 계속 쳐다봐요. 효과가 좋아서 재구매 의사 있어요.,0
O00869,C0180,P0245,F0067,사료,진돗개,대형,37.2,성견,6.1,,,2026-04-04,1,3,대형견이라 그런지 사료값이 만만치 않아서 가성비 좋은 걸로 골랐어요. 먹는 건 좋아하는데 방귀 냄새가 심해졌어요.,1
O00870,C0181,P0246,F0095,사료,허스키,대형,26.2,성견,2.2,,,2023-08-25,1,4,그릇 비우는 속도가 달라졌어요. 사료 그릇을 핥아먹을 정도로 좋아해요. 이 사료로 계속 갈 것 같아요.,0
O00871,C0181,P0246,F0130,간식,허스키,대형,26.2,성견,2.2,,,2023-09-07,3,1,심심할 때 주려고 대용량으로 샀어요. 너무 딱딱해서 잘 못 씹어요. 생각보다 딱딱해서 이빨 약한 아이는 힘들어해요. 덩치가 커서 그런지 먹는 양도 많아요. 재구매 의사는 없어요.,1
O00872,C0181,P0247,F0037,사료,치와와,소형,2.4,퍼피,0.5,,,2024-06-26,1,5,변 상태가 훨씬 단단해졌어요. 소화가 잘 되는지 방귀 냄새도 줄었어요. 소형견이라 알갱이(크기)가 딱 맞아요. 주변 강아지 친구들에게도 추천했어요.,1
O00873,C0182,P0248,F0051,사료,비글,중형,11.6,성견,4.6,,,2023-09-04,1,5,첫 사료라 고민 많이 하다가 골랐어요. 냄새를 맡자마자 좋아하더라고요. 밥 시간마다 꼬리를 흔들면서 달려와요.,0
O00874,C0182,P0248,F0031,사료,비글,중형,11.6,성견,4.6,,,2023-09-13,1,4,퍼피 전용으로 바꿔주려고 구매했어요. 우리 아이가 정말 잘 먹어요. 활력이 좋아진 것 같아요. 재구매 예정입니다.,0
O00875,C0182,P0248,F0152,간식,비글,중형,11.6,성견,4.6,,,2024-04-30,1,5,여행 갈 때 간식으로 챙기려고 샀어요. 많이 먹어도 속이 편한지 컨디션이 좋아요. 크기가 적당해서 소형견도 먹기 편해요. 식탐이 많은 아이라 순식간에 그릇을 비워요. 훈련용으로 계속 재구매할 것 같아요ㅜㅜ,0
O00876,C0182,P0248,F0094,사료,비글,중형,11.6,성견,4.6,,,2024-11-08,1,4,다른 사료 다 먹여봤는데 이게 제일 잘 맞아서 재구매했어요. 물에 불리지 않아도 잘 먹어요. 편식하던 아이인데 이건 남김없이 먹어요. 중형견이라 적당한 양인 것 같아요. 이 사료로 계속 갈 것 같아요.,0
O00877,C0182,P0248,F0014,사료,비글,중형,11.6,성견,4.6,,,2024-12-05,1,5,예민한 장 때문에 저자극 사료 찾던 중이었어요. 그릇 비우는 속도가 달라졌어요. 털에 윤기가 도는 게 눈에 보여요. 비글답게 먹는 거라면 다 좋아해요.,0
O00878,C0182,P0248,F0194,간식,비글,중형,11.6,성견,4.6,,,2025-01-15,3,3,장난감 대신 씹을 거리로 골랐어요. 나쁘지 않아요.,0
O00879,C0182,P0248,F0096,사료,비글,중형,11.6,성견,4.6,,,2026-06-01,1,5,대형견이라 그런지 사료값이 만만치 않아서 가성비 좋은 걸로 골랐어요. 장이 편안한지 컨디션이 좋아 보여요. 강력 추천해요.,0
O00880,C0182,P0248,F0045,사료,비글,중형,11.6,성견,4.6,,,2026-06-03,1,2,"시니어 사료로 갈아탈 시기가 돼서 주문했어요. 소화가 잘 안 되는지 토를 몇 번 했어요. 전혀 안 먹어요, 비추합니다~",1
O00881,C0183,P0249,F0162,간식,웰시코기,중형,8.8,시니어,11.5,,,2024-07-07,1,1,새로운 맛 궁금해서 시켜봤어요. 몇 입 먹다가 흥미를 잃어요. 부스러기가 많이 떨어져서 청소가 번거로워요.,0
O00882,C0183,P0249,F0200,간식,웰시코기,중형,8.8,시니어,11.5,,,2024-09-12,1,5,미용 보상용으로 하나 사봤어요. 냄새 맡자마자 자리에 앉아서 기다려요. 한 개 주면 더 달라고 계속 쳐다봐요. 다른 맛도 사보려고요.,1
O00883,C0183,P0250,F0117,간식,요크셔테리어,소형,5.5,성견,6.7,,,2024-05-31,5,4,여행 갈 때 간식으로 챙기려고 샀어요. 크기가 적당해서 소형견도 먹기 편해요. 훈련할 때 반응이 확실히 좋아졌어요. 입이 작은 아이라 한 번에 많이는 못 먹어요. 효과가 좋아서 재구매 의사 있어요.,0
O00884,C0183,P0250,F0128,간식,요크셔테리어,소형,5.5,성견,6.7,,,2026-03-06,1,2,냄새는 좋아하는데 막상 안 먹어요. 다른 브랜드로 바꿔보려고요ㅎㅎ,1
O00885,C0184,P0251,F0080,사료,토이푸들,소형,3.1,성견,5.6,,,2025-12-01,1,3,무난하게 먹입니다. 나쁘지 않아요. 입이 작은 아이라 한 번에 많이는 못 먹어요. 무난하게 급여 중입니다ㅎㅎ,0
O00886,C0184,P0251,F0024,사료,토이푸들,소형,3.1,성견,5.6,,,2026-04-14,1,4,소형견이라 알갱이 작은 걸로 찾다가 발견했어요. 가격은 좀 있는데 그만큼 잘 먹어서 만족해요. 효과가 좋아서 재구매 의사 있어요.,0
O00887,C0184,P0251,F0051,사료,토이푸들,소형,3.1,성견,5.6,,,2026-04-29,1,4,수의사 추천으로 바꿔봤어요. 잘 먹기는 하는데 변이 좀 무르게 나와요. 곱슬곱슬한 털이 더 부드러워진 것 같아요ㅜㅜ,0
O00888,C0184,P0251,F0106,간식,토이푸들,소형,3.1,성견,5.6,,,2026-05-31,2,4,치석 관리용으로 알아보다 샀어요. 처음엔 잘 먹더니 물려하는지 요즘은 시큰둥해요. 푸들이라 활동량이 많아서 그런지 잘 먹고 소화도 잘돼요. 훈련용으로 계속 재구매할 것 같아요.,1
O00889,C0185,P0252,F0109,간식,시바견,중형,9.1,성견,6.4,,,2023-08-07,3,5,퍼피용 부드러운 간식 찾던 중이었어요. 잘 먹는데 부스러기가 너무 많이 떨어져요. 강아지들 사이에서 인기템이에요.,0
O00890,C0185,P0252,F0132,간식,시바견,중형,9.1,성견,6.4,,,2024-07-22,2,4,다이어트 중이라 저칼로리 간식으로 골랐어요. 좋아하긴 하는데 먹고 나서 변이 좀 물러요. 활동량이 있는 편이라 이 정도는 금방 먹어요. 다른 맛도 사보려고요.,0
O00891,C0185,P0252,F0106,간식,시바견,중형,9.1,성견,6.4,,,2026-02-23,1,3,소형견용 작은 사이즈로 찾다가 발견했어요. 가격 대비 괜찮아요. 시바견 특유의 도도함 때문인지 입맛이 까다로운 편이에요. 그냥저냥 주고 있어요.,1
O00892,C0186,P0253,F0018,사료,비글,중형,9.8,성견,3.9,,,2025-10-27,1,3,기존 사료 단종돼서 급하게 대체품 찾았어요. 맛은 있나 본데 변 냄새가 너무 독해졌어요. 식탐이 많은 아이라 순식간에 그릇을 비워요. 무난하게 급여 중입니다.,0
O00893,C0186,P0253,F0031,사료,비글,중형,9.8,성견,3.9,,,2025-11-17,1,5,리뷰 좋길래 반신반의로 시켜봤어요. 사료 그릇을 핥아먹을 정도로 좋아해요. 주변 강아지 친구들에게도 추천했어요.,0
O00894,C0186,P0253,F0166,간식,비글,중형,9.8,성견,3.9,,,2026-07-04,3,3,장난감 대신 씹을 거리로 골랐어요. 잘 먹긴 하는데 너무 딱딱해서 걱정돼요. 그냥저냥 주고 있어요.,1
O00895,C0187,P0254,F0132,간식,포메라니안,소형,4.3,성견,3.4,,,2024-07-14,1,3,특별한 건 없어요. 입이 작은 아이라 한 번에 많이는 못 먹어요. 무난하게 급여 중입니다.,0
O00896,C0187,P0254,F0123,간식,포메라니안,소형,4.3,성견,3.4,,,2025-02-06,1,3,무난하게 주고 있어요. 그냥 그래요. 털이 풍성한 아이라 그런지 피모 개선 효과가 보여요. 그냥저냥 주고 있어요.,0
O00897,C0187,P0254,F0120,간식,포메라니안,소형,4.3,성견,3.4,,,2025-03-22,2,4,심심할 때 주려고 대용량으로 샀어요. 손에 들자마자 꼬리 흔들며 달려와요. 많이 먹어도 속이 편한지 컨디션이 좋아요. 훈련용으로 계속 재구매할 것 같아요.,0
O00898,C0187,P0254,F0026,사료,포메라니안,소형,4.3,성견,3.4,,,2026-06-02,1,5,곡물 알레르기 있어서 곡물프리로 알아보다 구매했어요. 양은 적당한데 곡물이 들어있어서 우리 아이한테는 살짝 안 맞았어요.,0
O00899,C0187,P0254,F0187,간식,포메라니안,소형,4.3,성견,3.4,,,2026-06-09,1,4,이빨 약한 노령견용으로 부드러운 걸 찾았어요. 소분하기 좋게 포장돼 있어서 편해요. 입이 작은 아이라 한 번에 많이는 못 먹어요. 강아지들 사이에서 인기템이에요.,0
O00900,C0187,P0254,F0200,간식,포메라니안,소형,4.3,성견,3.4,,,2026-06-26,1,4,치석 제거 효과가 있는지 이빨이 깨끗해졌어요. 편식하는 아이도 이건 잘 먹어요. 효과가 좋아서 재구매 의사 있어요.,1
O00901,C0188,P0255,F0016,사료,골든리트리버,대형,34.5,시니어,9.6,곡물 알레르기,비만 관리 중,2026-04-14,1,5,대용량으로 시켜봤어요. 변 색깔이랑 굳기가 딱 좋아요. 대형견이라 그런지 그릇 비우는 속도가 빨라요. 이 사료로 계속 갈 것 같아요.,0
O00902,C0188,P0255,F0077,사료,골든리트리버,대형,34.5,시니어,9.6,곡물 알레르기,비만 관리 중,2026-04-18,1,5,첫 사료라 고민 많이 하다가 골랐어요. 물에 불리지 않아도 잘 먹어요. 변 상태가 훨씬 단단해졌어요. 재구매 예정입니다.,0
O00903,C0188,P0255,F0134,간식,골든리트리버,대형,34.5,시니어,9.6,곡물 알레르기,비만 관리 중,2026-05-25,5,4,산책 보상용으로 구매했어요. 너무 딱딱하지 않아서 노령견도 잘 씹어요. 많이 먹어도 속이 편한지 컨디션이 좋아요. 골든리트리버답게 뭐든 잘 먹는 편이에요. 강아지들 사이에서 인기템이에요.,0
O00904,C0188,P0255,F0060,사료,골든리트리버,대형,34.5,시니어,9.6,곡물 알레르기,비만 관리 중,2026-06-06,1,1,변이 좀 무르게 나와요. 덩치가 커서 그런지 먹는 양도 많아요. 다른 사료 알아보려고요.,0
O00905,C0188,P0255,F0116,간식,골든리트리버,대형,34.5,시니어,9.6,곡물 알레르기,비만 관리 중,2026-07-13,3,1,훈련용으로 쓰려고 구매했어요. 부스러기가 많이 떨어져서 청소가 번거로워요. 냄새는 좋아하는데 막상 안 먹어요. 재구매 의사는 없어요.,0
O00906,C0188,P0255,F0010,사료,골든리트리버,대형,34.5,시니어,9.6,곡물 알레르기,비만 관리 중,2026-07-29,1,5,퍼피 전용으로 바꿔주려고 구매했어요. 잘 먹는데 사료 냄새가 집안에 좀 남아요.,1
O00907,C0189,P0256,F0156,간식,비글,중형,12.9,시니어,11.4,,,2025-09-01,3,3,이빨 약한 노령견용으로 부드러운 걸 찾았어요. 보통이에요. 비글답게 먹는 거라면 다 좋아해요.,1
O00908,C0190,P0257,F0046,사료,비글,중형,16.9,시니어,8.2,,,2025-06-27,1,3,다른 사료 다 먹여봤는데 이게 제일 잘 맞아서 재구매했어요. 잘 먹는 편인데 가끔 토를 해서 지켜보고 있어요. 그럭저럭 먹이고 있어요~,1
O00909,C0191,P0258,F0191,간식,시츄,소형,4.7,시니어,8.7,,비만 관리 중,2023-08-04,3,4,치석 관리용으로 알아보다 샀어요. 좋아하긴 하는데 먹고 나서 변이 좀 물러요. 훈련용으로 계속 재구매할 것 같아요.,0
O00910,C0191,P0258,F0083,사료,시츄,소형,4.7,시니어,8.7,,비만 관리 중,2025-03-10,1,4,동물병원에서 체중 관리용으로 추천받았어요. 활력이 좋아진 것 같아요. 우리 아이가 정말 잘 먹어요. 입이 짧은 시츄인데도 잘 먹어요. 효과가 좋아서 재구매 의사 있어요.,0
O00911,C0191,P0258,F0109,간식,시츄,소형,4.7,시니어,8.7,,비만 관리 중,2025-06-23,2,5,훈련할 때 반응이 확실히 좋아졌어요. 손에 들자마자 꼬리 흔들며 달려와요. 체중 관리 중인 아이라 칼로리를 신경 써서 골랐는데 만족해요.,0
O00912,C0191,P0258,F0007,사료,시츄,소형,4.7,시니어,8.7,,비만 관리 중,2025-10-04,1,5,입질 심한 아이라 소화 잘되는 걸로 찾았어요. 소화가 잘 되는지 방귀 냄새도 줄었어요. 밥 시간마다 꼬리를 흔들면서 달려와요. 이빨이 약해진 나이라 부드러운 걸 좋아해요. 강력 추천해요.,1
O00913,C0191,P0259,F0194,간식,시츄,소형,5.8,퍼피,0.7,,,2023-01-22,1,3,퍼피용 부드러운 간식 찾던 중이었어요. 나쁘지 않아요. 입이 짧은 시츄인데도 잘 먹어요. 무난하게 급여 중입니다.,0
O00914,C0191,P0259,F0116,간식,시츄,소형,5.8,퍼피,0.7,,,2023-12-04,1,5,크기가 적당해서 소형견도 먹기 편해요. 이갈이 시기라 씹는 걸 좋아해요.,0
O00915,C0191,P0259,F0087,사료,시츄,소형,5.8,퍼피,0.7,,,2025-06-19,5,3,입질 심한 아이라 소화 잘되는 걸로 찾았어요. 그냥 그래요. 가격 대비 괜찮아요. 눈물자국이 줄어든 것 같기도 해요. 무난하게 급여 중입니다.,0
O00916,C0191,P0259,F0145,간식,시츄,소형,5.8,퍼피,0.7,,,2026-01-25,1,2,다이어트 중이라 저칼로리 간식으로 골랐어요. 생각보다 딱딱해서 이빨 약한 아이는 힘들어해요. 몇 입 먹다가 흥미를 잃어요. 다른 브랜드로 바꿔보려고요.,0
O00917,C0191,P0259,F0044,사료,시츄,소형,5.8,퍼피,0.7,,,2026-06-14,1,4,다른 사료 다 먹여봤는데 이게 제일 잘 맞아서 재구매했어요. 적응 기간엔 잘 먹었는데 점점 흥미를 잃는 것 같아요. 성장기라 그런지 잘 먹고 살도 오르는 것 같아요. 주변 강아지 친구들에게도 추천했어요.,0
O00918,C0191,P0259,F0127,간식,시츄,소형,5.8,퍼피,0.7,,,2026-07-06,2,5,새로운 맛 궁금해서 시켜봤어요. 소분하기 좋게 포장돼 있어서 편해요. 입이 작은 아이라 한 번에 많이는 못 먹어요. 효과가 좋아서 재구매 의사 있어요.,1
O00919,C0192,P0260,F0091,사료,코커스패니얼,중형,15.3,시니어,12.7,,,2026-05-11,1,5,냄새를 맡자마자 좋아하더라고요. 그릇 비우는 속도가 달라졌어요. 활동량이 있는 편이라 이 정도는 금방 먹어요. 효과가 좋아서 재구매 의사 있어요.,0
O00920,C0192,P0260,F0040,사료,코커스패니얼,중형,15.3,시니어,12.7,,,2026-06-28,1,4,시니어 사료로 갈아탈 시기가 돼서 주문했어요. 사료 그릇을 핥아먹을 정도로 좋아해요. 털에 윤기가 도는 게 눈에 보여요. 이빨이 약해진 나이라 부드러운 걸 좋아해요. 주변 강아지 친구들에게도 추천했어요.,1
O00921,C0193,P0261,F0077,사료,골든리트리버,대형,22.3,퍼피,0.7,,,2025-03-26,1,4,대형견이라 그런지 사료값이 만만치 않아서 가성비 좋은 걸로 골랐어요. 물에 불리지 않아도 잘 먹어요. 소화가 잘 되는지 방귀 냄새도 줄었어요. 이 사료로 계속 갈 것 같아요.,0
O00922,C0193,P0261,F0089,사료,골든리트리버,대형,22.3,퍼피,0.7,,,2025-11-12,2,5,리뷰 좋길래 반신반의로 시켜봤어요. 우리 아이가 정말 잘 먹어요. 재구매 예정입니다.,1
O00923,C0194,P0262,F0105,간식,진돗개,대형,38.8,성견,1.4,소고기 알레르기,,2026-03-23,1,3,잘 씹어 먹긴 하는데 양이 너무 적어서 금방 없어져요. 진돗개 특유의 경계심 때문에 새 제품 적응이 오래 걸렸는데 지금은 잘 먹어요. 그냥저냥 주고 있어요.,0
O00924,C0194,P0262,F0009,사료,진돗개,대형,38.8,성견,1.4,소고기 알레르기,,2026-07-23,1,5,대용량으로 시켜봤어요. 잘 먹는 편인데 가끔 토를 해서 지켜보고 있어요. 강력 추천해요.,0
O00925,C0194,P0262,F0193,간식,진돗개,대형,38.8,성견,1.4,소고기 알레르기,,2026-08-06,2,5,소형견용 작은 사이즈로 찾다가 발견했어요. 너무 딱딱하지 않아서 노령견도 잘 씹어요. 치석 제거 효과가 있는지 이빨이 깨끗해졌어요.,0
O00926,C0194,P0262,F0012,사료,진돗개,대형,38.8,성견,1.4,소고기 알레르기,,2026-08-08,3,4,기존 사료 단종돼서 급하게 대체품 찾았어요. 변 상태가 훨씬 단단해졌어요. 효과가 좋아서 재구매 의사 있어요.,1
O00927,C0194,P0263,F0142,간식,포메라니안,소형,5.1,성견,5.5,닭고기 알레르기,,2026-03-14,1,4,심심할 때 주려고 대용량으로 샀어요. 한 개 주면 더 달라고 계속 쳐다봐요. 편식하는 아이도 이건 잘 먹어요. 다른 맛도 사보려고요.,0
O00928,C0194,P0263,F0017,사료,포메라니안,소형,5.1,성견,5.5,닭고기 알레르기,,2026-03-28,1,3,수의사 추천으로 바꿔봤어요. 보통이에요. 특별히 좋지도 나쁘지도 않아요. 눈 주위가 붉어져서 급하게 중단했어요. 털이 풍성한 아이라 그런지 피모 개선 효과가 보여요. 그럭저럭 먹이고 있어요.,0
O00929,C0194,P0263,F0048,사료,포메라니안,소형,5.1,성견,5.5,닭고기 알레르기,,2026-05-24,1,5,퍼피 전용으로 바꿔주려고 구매했어요. 밥 시간마다 꼬리를 흔들면서 달려와요. 냄새를 맡자마자 좋아하더라고요. 털이 풍성한 아이라 그런지 피모 개선 효과가 보여요. 재구매 예정입니다.,0
O00930,C0194,P0263,F0034,사료,포메라니안,소형,5.1,성견,5.5,닭고기 알레르기,,2026-06-25,1,5,동물병원에서 체중 관리용으로 추천받았어요. 활력이 좋아진 것 같아요. 편식하던 아이인데 이건 남김없이 먹어요.,1
O00931,C0195,P0264,F0102,간식,보더콜리,중형,8.5,성견,5.8,,,2025-07-06,1,4,잘 먹는데 부스러기가 너무 많이 떨어져요. 활동량이 있는 편이라 이 정도는 금방 먹어요.,0
O00932,C0195,P0264,F0123,간식,보더콜리,중형,8.5,성견,5.8,,,2026-02-17,2,4,장난감 대신 씹을 거리로 골랐어요. 좋아하긴 하는데 며칠 먹이니 살짝 가려워하는 것 같아요. 훈련용으로 계속 재구매할 것 같아요.,1
O00933,C0196,P0265,F0076,사료,말티즈,소형,3.4,성견,2.5,소고기 알레르기,,2023-04-29,2,3,무난하게 먹입니다. 입이 작은 아이라 한 번에 많이는 못 먹어요. 무난하게 급여 중입니다.,0
O00934,C0196,P0265,F0128,간식,말티즈,소형,3.4,성견,2.5,소고기 알레르기,,2023-08-01,2,2,"여행 갈 때 간식으로 챙기려고 샀어요. 잘 먹긴 하는데 너무 딱딱해서 걱정돼요. 말티즈 특유로 까다롭게 골라 먹는 편인데 이건 잘 먹어요. 전혀 안 먹어요, 비추합니다.",0
O00935,C0196,P0265,F0142,간식,말티즈,소형,3.4,성견,2.5,소고기 알레르기,,2023-10-18,1,5,미용 보상용으로 하나 사봤어요. 냄새 맡자마자 자리에 앉아서 기다려요. 너무 딱딱하지 않아서 노령견도 잘 씹어요.,1
O00936,C0197,P0266,F0141,간식,포메라니안,소형,3.1,성견,4.4,,,2025-03-09,1,5,산책 보상용으로 구매했어요. 치석 제거 효과가 있는지 이빨이 깨끗해졌어요. 한 개 주면 더 달라고 계속 쳐다봐요. 포메라니안 특유로 소식하는 편이라 그런지 조금씩 남겨요.,0
O00937,C0197,P0266,F0184,간식,포메라니안,소형,3.1,성견,4.4,,,2025-08-23,1,5,훈련용으로 쓰려고 구매했어요. 손에 들자마자 꼬리 흔들며 달려와요. 소분하기 좋게 포장돼 있어서 편해요.,0
O00938,C0197,P0266,F0133,간식,포메라니안,소형,3.1,성견,4.4,,,2025-10-02,2,3,특별한 건 없어요. 무난하게 주고 있어요. 소형견이라 알갱이(크기)가 딱 맞아요.,0
O00939,C0197,P0266,F0136,간식,포메라니안,소형,3.1,성견,4.4,,,2026-03-30,1,5,처음엔 잘 먹더니 물려하는지 요즘은 시큰둥해요. 강아지들 사이에서 인기템이에요.,1
O00940,C0198,P0267,F0166,간식,허스키,대형,31.0,시니어,9.7,,,2023-04-25,3,2,이빨 약한 노령견용으로 부드러운 걸 찾았어요. 과식했더니 토를 하더라고요. 크기가 너무 커서 소형견은 나눠줘야 해요. 재구매 의사는 없어요.,0
O00941,C0198,P0267,F0008,사료,허스키,대형,31.0,시니어,9.7,,,2023-06-01,2,4,곡물 알레르기 있어서 곡물프리로 알아보다 구매했어요. 변 색깔이랑 굳기가 딱 좋아요. 장이 편안한지 컨디션이 좋아 보여요. 주변 강아지 친구들에게도 추천했어요.,1
O00942,C0199,P0268,F0080,사료,셰퍼드,대형,21.2,성견,6.9,,,2026-08-08,1,4,예민한 장 때문에 저자극 사료 찾던 중이었어요. 밥 시간마다 꼬리를 흔들면서 달려와요. 활력이 좋아진 것 같아요. 강력 추천해요ㅜㅜ,0
O00943,C0199,P0268,F0021,사료,셰퍼드,대형,21.2,성견,6.9,,,2026-08-09,1,2,"첫 사료라 고민 많이 하다가 골랐어요. 냄새 맡고 좋아하긴 하는데 이상하게 살은 안 쪄요. 전혀 안 먹어요, 비추합니다.",0
O00944,C0199,P0268,F0188,간식,셰퍼드,대형,21.2,성견,6.9,,,2026-08-10,1,4,퍼피용 부드러운 간식 찾던 중이었어요. 크기가 적당해서 소형견도 먹기 편해요. 훈련할 때 반응이 확실히 좋아졌어요. 다른 맛도 사보려고요.,0
O00945,C0199,P0268,F0190,간식,셰퍼드,대형,21.2,성견,6.9,,,2026-08-10,3,5,심심할 때 주려고 대용량으로 샀어요. 편식하는 아이도 이건 잘 먹어요. 많이 먹어도 속이 편한지 컨디션이 좋아요. 효과가 좋아서 재구매 의사 있어요.,1
O00946,C0199,P0269,F0111,간식,비숑프리제,소형,6.6,성견,5.6,,,2026-08-06,3,4,여행 갈 때 간식으로 챙기려고 샀어요. 냄새 맡자마자 자리에 앉아서 기다려요. 소분하기 좋게 포장돼 있어서 편해요. 소형견이라 알갱이(크기)가 딱 맞아요. 다른 맛도 사보려고요.,0
O00947,C0199,P0269,F0088,사료,비숑프리제,소형,6.6,성견,5.6,,,2026-08-08,1,4,소형견이라 알갱이 작은 걸로 찾다가 발견했어요. 털에 윤기가 도는 게 눈에 보여요. 변 색깔이랑 굳기가 딱 좋아요. 소형견이라 알갱이(크기)가 딱 맞아요. 이 사료로 계속 갈 것 같아요.,0
O00948,C0199,P0269,F0194,간식,비숑프리제,소형,6.6,성견,5.6,,,2026-08-11,1,4,다이어트 중이라 저칼로리 간식으로 골랐어요. 맛있게는 먹는데 가격이 좀 부담돼요. 훈련용으로 계속 재구매할 것 같아요.,1
O00949,C0200,P0270,F0060,사료,요크셔테리어,소형,2.4,성견,6.9,,,2026-03-01,1,5,첫 사료라 고민 많이 하다가 골랐어요. 편식하던 아이인데 이건 남김없이 먹어요. 물에 불리지 않아도 잘 먹어요. 입이 작은 아이라 한 번에 많이는 못 먹어요. 효과가 좋아서 재구매 의사 있어요.,1
O00950,C0201,P0271,F0100,사료,시바견,중형,9.0,성견,5.8,피부 알레르기 체질,,2025-05-27,1,5,퍼피 전용으로 바꿔주려고 구매했어요. 변 상태가 훨씬 단단해졌어요. 사료 그릇을 핥아먹을 정도로 좋아해요. 중형견이라 적당한 양인 것 같아요. 주변 강아지 친구들에게도 추천했어요.,0
O00951,C0201,P0271,F0033,사료,시바견,중형,9.0,성견,5.8,피부 알레르기 체질,,2025-08-25,1,3,입질 심한 아이라 소화 잘되는 걸로 찾았어요. 잘 먹는데 사료 냄새가 집안에 좀 남아요. 중형견이라 적당한 양인 것 같아요.,0
O00952,C0201,P0271,F0129,간식,시바견,중형,9.0,성견,5.8,피부 알레르기 체질,,2026-07-18,5,3,산책 보상용으로 구매했어요. 그냥 그래요. 보통이에요. 무난하게 급여 중입니다.,1
O00953,C0202,P0272,F0134,간식,요크셔테리어,소형,5.2,성견,1.7,,,2024-06-07,2,3,새로운 맛 궁금해서 시켜봤어요. 냄새는 좋아하는데 크기가 커서 나눠줘야 해요. 그냥저냥 주고 있어요.,0
O00954,C0202,P0272,F0015,사료,요크셔테리어,소형,5.2,성견,1.7,,,2024-09-15,1,5,곡물 알레르기 있어서 곡물프리로 알아보다 구매했어요. 우리 아이가 정말 잘 먹어요. 소화가 잘 되는지 방귀 냄새도 줄었어요!!,0
O00955,C0202,P0272,F0018,사료,요크셔테리어,소형,5.2,성견,1.7,,,2025-07-11,1,3,다른 사료 다 먹여봤는데 이게 제일 잘 맞아서 재구매했어요. 보통이에요. 소형견이라 알갱이(크기)가 딱 맞아요. 그럭저럭 먹이고 있어요.,1
O00956,C0203,P0273,F0048,사료,토이푸들,소형,6.6,성견,1.2,,,2023-10-03,2,2,수의사 추천으로 바꿔봤어요. 입맛에 안 맞는지 자꾸 남겨요. 그릇 앞에서 킁킁거리기만 하고 돌아서요. 입이 작은 아이라 한 번에 많이는 못 먹어요. 환불 문의했어요ㅜㅜ,0
O00957,C0203,P0273,F0043,사료,토이푸들,소형,6.6,성견,1.2,,,2024-02-20,1,5,소형견이라 알갱이 작은 걸로 찾다가 발견했어요. 장이 편안한지 컨디션이 좋아 보여요. 강력 추천해요.,0
O00958,C0203,P0273,F0034,사료,토이푸들,소형,6.6,성견,1.2,,,2025-07-14,1,3,동물병원에서 체중 관리용으로 추천받았어요. 가격 대비 괜찮아요. 푸들이라 활동량이 많아서 그런지 잘 먹고 소화도 잘돼요. 그럭저럭 먹이고 있어요!!,0
O00959,C0203,P0273,F0033,사료,토이푸들,소형,6.6,성견,1.2,,,2026-01-10,3,4,대형견이라 그런지 사료값이 만만치 않아서 가성비 좋은 걸로 골랐어요. 냄새를 맡자마자 좋아하더라고요. 그릇 비우는 속도가 달라졌어요. 재구매 예정입니다.,1
O00960,C0204,P0274,F0048,사료,요크셔테리어,소형,5.3,퍼피,0.3,,,2026-06-04,1,2,예민한 장 때문에 저자극 사료 찾던 중이었어요. 잘 먹기는 하는데 변이 좀 무르게 나와요.,1
O00961,C0205,P0275,F0126,간식,요크셔테리어,소형,6.1,시니어,9.4,,,2024-04-04,2,5,훈련용으로 쓰려고 구매했어요. 손에 들자마자 꼬리 흔들며 달려와요. 편식하는 아이도 이건 잘 먹어요.,0
O00962,C0205,P0275,F0046,사료,요크셔테리어,소형,6.1,시니어,9.4,,,2025-12-01,1,5,우리 아이가 정말 잘 먹어요. 소화가 잘 되는지 방귀 냄새도 줄었어요. 이 사료로 계속 갈 것 같아요!!,1
O00963,C0206,P0276,F0052,사료,허스키,대형,32.7,성견,6.7,소고기 알레르기,,2026-05-11,3,5,시니어 사료로 갈아탈 시기가 돼서 주문했어요. 변 색깔이랑 굳기가 딱 좋아요. 덩치가 커서 그런지 먹는 양도 많아요.,1
O00964,C0207,P0277,F0038,사료,비글,중형,19.4,성견,6.9,곡물 알레르기,,2025-06-03,1,4,리뷰 좋길래 반신반의로 시켜봤어요. 그릇 비우는 속도가 달라졌어요ㅜㅜ,0
O00965,C0207,P0277,F0060,사료,비글,중형,19.4,성견,6.9,곡물 알레르기,,2025-10-14,1,4,대용량으로 시켜봤어요. 먹는 건 좋아하는데 방귀 냄새가 심해졌어요. 활동량이 있는 편이라 이 정도는 금방 먹어요. 효과가 좋아서 재구매 의사 있어요.,0
O00966,C0207,P0277,F0026,사료,비글,중형,19.4,성견,6.9,곡물 알레르기,,2026-06-20,1,4,기존 사료 단종돼서 급하게 대체품 찾았어요. 사료 그릇을 핥아먹을 정도로 좋아해요. 활력이 좋아진 것 같아요. 강력 추천해요ㅎㅎ,1
O00967,C0207,P0278,F0180,간식,진돗개,대형,28.3,성견,6.5,소고기 알레르기,,2025-01-08,1,4,미용 보상용으로 하나 사봤어요. 잘 먹긴 하는데 너무 딱딱해서 걱정돼요. 효과가 좋아서 재구매 의사 있어요.,0
O00968,C0207,P0278,F0094,사료,진돗개,대형,28.3,성견,6.5,소고기 알레르기,,2025-05-07,3,4,동물병원에서 체중 관리용으로 추천받았어요. 장이 편안한지 컨디션이 좋아 보여요. 재구매 예정입니다.,0
O00969,C0207,P0278,F0041,사료,진돗개,대형,28.3,성견,6.5,소고기 알레르기,,2025-05-23,2,5,시니어 사료로 갈아탈 시기가 돼서 주문했어요. 물에 불리지 않아도 잘 먹어요. 밥 시간마다 꼬리를 흔들면서 달려와요. 이 사료로 계속 갈 것 같아요.,0
O00970,C0207,P0278,F0017,사료,진돗개,대형,28.3,성견,6.5,소고기 알레르기,,2025-11-04,2,4,대용량으로 시켜봤어요. 편식하던 아이인데 이건 남김없이 먹어요. 변 상태가 훨씬 단단해졌어요. 진돗개 특유의 경계심 때문에 새 제품 적응이 오래 걸렸는데 지금은 잘 먹어요. 주변 강아지 친구들에게도 추천했어요.,1
O00971,C0208,P0279,F0147,간식,토이푸들,소형,2.9,퍼피,0.9,,,2026-05-06,1,1,"치석 관리용으로 알아보다 샀어요. 잘 먹는데 부스러기가 너무 많이 떨어져요. 곱슬곱슬한 털이 더 부드러워진 것 같아요. 전혀 안 먹어요, 비추합니다.",1
O00972,C0208,P0280,F0061,사료,셰퍼드,대형,27.4,성견,3.0,,,2025-04-22,1,5,냄새를 맡자마자 좋아하더라고요. 털에 윤기가 도는 게 눈에 보여요.,1
O00973,C0209,P0281,F0034,사료,보더콜리,중형,13.6,성견,5.1,,,2024-07-06,1,4,수의사 추천으로 바꿔봤어요. 밥 시간마다 꼬리를 흔들면서 달려와요. 장이 편안한지 컨디션이 좋아 보여요. 중형견이라 적당한 양인 것 같아요. 재구매 예정입니다~,0
O00974,C0209,P0281,F0003,사료,보더콜리,중형,13.6,성견,5.1,,,2025-03-21,1,4,물에 불리지 않아도 잘 먹어요. 털에 윤기가 도는 게 눈에 보여요. 강력 추천해요.,0
O00975,C0209,P0281,F0074,사료,보더콜리,중형,13.6,성견,5.1,,,2025-05-28,3,5,입질 심한 아이라 소화 잘되는 걸로 찾았어요. 변 상태가 훨씬 단단해졌어요. 사료 그릇을 핥아먹을 정도로 좋아해요.,0
O00976,C0209,P0281,F0042,사료,보더콜리,중형,13.6,성견,5.1,,,2025-06-27,1,5,퍼피 전용으로 바꿔주려고 구매했어요. 그릇 비우는 속도가 달라졌어요. 효과가 좋아서 재구매 의사 있어요.,0
O00977,C0209,P0281,F0056,사료,보더콜리,중형,13.6,성견,5.1,,,2026-03-02,1,4,다른 사료 다 먹여봤는데 이게 제일 잘 맞아서 재구매했어요. 맛은 있나 본데 변 냄새가 너무 독해졌어요. 활동량이 있는 편이라 이 정도는 금방 먹어요. 이 사료로 계속 갈 것 같아요!!,0
O00978,C0209,P0281,F0004,사료,보더콜리,중형,13.6,성견,5.1,,,2026-05-23,1,5,리뷰 좋길래 반신반의로 시켜봤어요. 편식하던 아이인데 이건 남김없이 먹어요. 소화가 잘 되는지 방귀 냄새도 줄었어요. 중형견이라 적당한 양인 것 같아요. 주변 강아지 친구들에게도 추천했어요.,0
O00979,C0209,P0281,F0046,사료,보더콜리,중형,13.6,성견,5.1,,,2026-06-15,1,5,곡물 알레르기 있어서 곡물프리로 알아보다 구매했어요. 냄새를 맡자마자 좋아하더라고요. 변 색깔이랑 굳기가 딱 좋아요. 활동량이 있는 편이라 이 정도는 금방 먹어요. 효과가 좋아서 재구매 의사 있어요.,0
O00980,C0209,P0281,F0063,사료,보더콜리,중형,13.6,성견,5.1,,,2026-06-30,1,5,대형견이라 그런지 사료값이 만만치 않아서 가성비 좋은 걸로 골랐어요. 우리 아이가 정말 잘 먹어요. 활력이 좋아진 것 같아요. 중형견이라 적당한 양인 것 같아요. 이 사료로 계속 갈 것 같아요.,1
O00981,C0210,P0282,F0092,사료,미니어처닥스훈트,소형,4.6,성견,4.5,,,2025-06-01,2,4,예민한 장 때문에 저자극 사료 찾던 중이었어요. 우리 아이가 정말 잘 먹어요. 소화가 잘 되는지 방귀 냄새도 줄었어요.,0
O00982,C0210,P0282,F0057,사료,미니어처닥스훈트,소형,4.6,성견,4.5,,,2025-08-08,1,2,기존 사료 단종돼서 급하게 대체품 찾았어요. 설사를 해서 바로 끊었어요. 처음엔 좀 먹더니 며칠 지나니 안 먹으려고 해요. 재구매 의사 없어요.,0
O00983,C0210,P0282,F0036,사료,미니어처닥스훈트,소형,4.6,성견,4.5,,,2025-11-06,1,1,"소형견이라 알갱이 작은 걸로 찾다가 발견했어요. 냄새는 맡는데 잘 안 먹어요. 전혀 안 먹어요, 비추합니다.",0
O00984,C0210,P0282,F0154,간식,미니어처닥스훈트,소형,4.6,성견,4.5,,,2026-04-20,2,4,소형견용 작은 사이즈로 찾다가 발견했어요. 많이 먹어도 속이 편한지 컨디션이 좋아요. 강아지들 사이에서 인기템이에요.,0
O00985,C0210,P0282,F0014,사료,미니어처닥스훈트,소형,4.6,성견,4.5,,,2026-07-07,1,3,첫 사료라 고민 많이 하다가 골랐어요. 특별히 좋지도 나쁘지도 않아요. 무난하게 급여 중입니다.,0
O00986,C0210,P0282,F0190,간식,미니어처닥스훈트,소형,4.6,성견,4.5,,,2026-08-08,1,5,너무 딱딱하지 않아서 노령견도 잘 씹어요. 훈련할 때 반응이 확실히 좋아졌어요. 다른 맛도 사보려고요.,1
O00987,C0211,P0283,F0023,사료,미니어처닥스훈트,소형,4.7,시니어,10.1,,,2024-05-10,1,5,대형견이라 그런지 사료값이 만만치 않아서 가성비 좋은 걸로 골랐어요. 변 상태가 훨씬 단단해졌어요. 활력이 좋아진 것 같아요. 강력 추천해요.,0
O00988,C0211,P0283,F0138,간식,미니어처닥스훈트,소형,4.7,시니어,10.1,,,2024-06-15,2,3,장난감 대신 씹을 거리로 골랐어요. 좋아하긴 하는데 먹고 나서 변이 좀 물러요. 허리가 약한 아이라 체중 관리에 신경 쓰는데 도움이 되는 것 같아요.,0
O00989,C0211,P0283,F0005,사료,미니어처닥스훈트,소형,4.7,시니어,10.1,,,2024-11-04,1,5,첫 사료라 고민 많이 하다가 골랐어요. 냄새를 맡자마자 좋아하더라고요. 털에 윤기가 도는 게 눈에 보여요. 주변 강아지 친구들에게도 추천했어요.,0
O00990,C0211,P0283,F0161,간식,미니어처닥스훈트,소형,4.7,시니어,10.1,,,2024-12-25,3,4,치석 관리용으로 알아보다 샀어요. 한 개 주면 더 달라고 계속 쳐다봐요. 크기가 적당해서 소형견도 먹기 편해요. 노령견이라 소화가 잘 되는지 걱정했는데 다행히 괜찮아요. 훈련용으로 계속 재구매할 것 같아요.,0
O00991,C0211,P0283,F0020,사료,미니어처닥스훈트,소형,4.7,시니어,10.1,,,2025-12-07,1,5,곡물 알레르기 있어서 곡물프리로 알아보다 구매했어요. 편식하던 아이인데 이건 남김없이 먹어요. 나이가 있어서 그런지 예전보다 적게 먹네요.,0
O00992,C0211,P0283,F0068,사료,미니어처닥스훈트,소형,4.7,시니어,10.1,,,2026-04-25,1,5,소형견이라 알갱이 작은 걸로 찾다가 발견했어요. 사료 그릇을 핥아먹을 정도로 좋아해요. 그릇 비우는 속도가 달라졌어요. 재구매 예정입니다.,1
O00993,C0211,P0284,F0090,사료,비숑프리제,소형,3.8,시니어,11.8,,,2024-06-22,1,5,대용량으로 시켜봤어요. 장이 편안한지 컨디션이 좋아 보여요. 밥 시간마다 꼬리를 흔들면서 달려와요. 소형견이라 알갱이(크기)가 딱 맞아요. 재구매 예정입니다.,0
O00994,C0211,P0284,F0019,사료,비숑프리제,소형,3.8,시니어,11.8,,,2025-03-23,1,3,퍼피 전용으로 바꿔주려고 구매했어요. 그냥 그래요. 그럭저럭 먹고 있어요. 이빨이 약해진 나이라 부드러운 걸 좋아해요. 무난하게 급여 중입니다.,0
O00995,C0211,P0284,F0030,사료,비숑프리제,소형,3.8,시니어,11.8,,,2025-06-17,1,4,기호성은 최고인데 며칠 먹이니 살짝 가려워하더라고요. 소형견이라 알갱이(크기)가 딱 맞아요. 효과가 좋아서 재구매 의사 있어요.,0
O00996,C0211,P0284,F0019,사료,비숑프리제,소형,3.8,시니어,11.8,,,2026-06-25,1,5,변 색깔이랑 굳기가 딱 좋아요. 물에 불리지 않아도 잘 먹어요. 강력 추천해요.,1
O00997,C0211,P0285,F0174,간식,도베르만,대형,33.9,성견,5.2,,피부가 예민함,2024-10-15,1,3,산책 보상용으로 구매했어요. 잘 씹어 먹긴 하는데 양이 너무 적어서 금방 없어져요. 무난하게 급여 중입니다.,0
O00998,C0211,P0285,F0002,사료,도베르만,대형,33.9,성견,5.2,,피부가 예민함,2025-01-09,1,4,리뷰 좋길래 반신반의로 시켜봤어요. 변 색깔이랑 굳기가 딱 좋아요. 소화가 잘 되는지 방귀 냄새도 줄었어요. 주변 강아지 친구들에게도 추천했어요.,1
O00999,C0212,P0286,F0079,사료,프렌치불독,중형,12.1,퍼피,0.8,,,2026-05-02,1,3,입질 심한 아이라 소화 잘되는 걸로 찾았어요. 나쁘지 않아요.,1
O01000,C0212,P0287,F0009,사료,코커스패니얼,중형,13.9,성견,6.4,,,2025-05-06,1,5,수의사 추천으로 바꿔봤어요. 장이 편안한지 컨디션이 좋아 보여요. 그릇 비우는 속도가 달라졌어요.,0
O01001,C0212,P0287,F0099,사료,코커스패니얼,중형,13.9,성견,6.4,,,2025-07-04,1,5,예민한 장 때문에 저자극 사료 찾던 중이었어요. 밥 시간마다 꼬리를 흔들면서 달려와요. 활동량이 많은 편이라 잘 먹고 잘 뛰어놀아요. 이 사료로 계속 갈 것 같아요.,0
O01002,C0212,P0287,F0004,사료,코커스패니얼,중형,13.9,성견,6.4,,,2025-09-04,1,2,기존 사료 단종돼서 급하게 대체품 찾았어요. 기호성은 좋은데 변이 자주 묽게 나와서 고민이에요. 중형견이라 적당한 양인 것 같아요. 환불 문의했어요.,0
O01003,C0212,P0287,F0144,간식,코커스패니얼,중형,13.9,성견,6.4,,,2025-12-02,2,4,소형견용 작은 사이즈로 찾다가 발견했어요. 치석 제거 효과가 있는지 이빨이 깨끗해졌어요. 훈련할 때 반응이 확실히 좋아졌어요. 귀가 큰 편이라 먹을 때 귀가 그릇에 빠지곤 해요. 효과가 좋아서 재구매 의사 있어요.,0
O01004,C0212,P0287,F0179,간식,코커스패니얼,중형,13.9,성견,6.4,,,2026-03-12,1,3,퍼피용 부드러운 간식 찾던 중이었어요. 가격 대비 괜찮아요. 무난하게 주고 있어요. 무난하게 급여 중입니다ㅎㅎ,0
O01005,C0212,P0287,F0164,간식,코커스패니얼,중형,13.9,성견,6.4,,,2026-07-17,1,1,이빨 약한 노령견용으로 부드러운 걸 찾았어요. 처음만 좋아하고 그다음부턴 안 먹으려 해요. 너무 딱딱해서 잘 못 씹어요. 활동량이 있는 편이라 이 정도는 금방 먹어요. 다른 브랜드로 바꿔보려고요.,1
O01006,C0213,P0288,F0030,사료,포메라니안,소형,2.7,퍼피,0.4,,,2026-04-27,1,5,시니어 사료로 갈아탈 시기가 돼서 주문했어요. 적응 기간엔 잘 먹었는데 점점 흥미를 잃는 것 같아요.,0
O01007,C0213,P0288,F0130,간식,포메라니안,소형,2.7,퍼피,0.4,,,2026-05-14,1,4,심심할 때 주려고 대용량으로 샀어요. 너무 딱딱하지 않아서 노령견도 잘 씹어요. 크기가 적당해서 소형견도 먹기 편해요. 강아지들 사이에서 인기템이에요.,1
O01008,C0214,P0289,F0060,사료,비숑프리제,소형,4.3,퍼피,0.6,,,2025-03-11,1,5,다른 사료 다 먹여봤는데 이게 제일 잘 맞아서 재구매했어요. 편식하던 아이인데 이건 남김없이 먹어요. 털에 윤기가 도는 게 눈에 보여요.,0
O01009,C0214,P0289,F0136,간식,비숑프리제,소형,4.3,퍼피,0.6,,,2025-03-21,2,5,훈련용으로 쓰려고 구매했어요. 손에 들자마자 꼬리 흔들며 달려와요. 소형견이라 알갱이(크기)가 딱 맞아요. 훈련용으로 계속 재구매할 것 같아요.,0
O01010,C0214,P0289,F0187,간식,비숑프리제,소형,4.3,퍼피,0.6,,,2025-04-03,3,3,좋아하긴 하는데 며칠 먹이니 살짝 가려워하는 것 같아요. 그냥저냥 주고 있어요.,0
O01011,C0214,P0289,F0183,간식,비숑프리제,소형,4.3,퍼피,0.6,,,2025-09-25,1,3,여행 갈 때 간식으로 챙기려고 샀어요. 나쁘지 않아요. 그냥저냥 주고 있어요ㅎㅎ,0
O01012,C0214,P0289,F0048,사료,비숑프리제,소형,4.3,퍼피,0.6,,,2025-10-23,1,4,동물병원에서 체중 관리용으로 추천받았어요. 우리 아이가 정말 잘 먹어요. 냄새를 맡자마자 좋아하더라고요. 이갈이 시기라 씹는 걸 좋아해요. 이 사료로 계속 갈 것 같아요.,0
O01013,C0214,P0289,F0133,간식,비숑프리제,소형,4.3,퍼피,0.6,,,2026-02-15,1,5,치석 제거 효과가 있는지 이빨이 깨끗해졌어요. 소분하기 좋게 포장돼 있어서 편해요. 소형견이라 알갱이(크기)가 딱 맞아요. 강아지들 사이에서 인기템이에요~,0
O01014,C0214,P0289,F0096,사료,비숑프리제,소형,4.3,퍼피,0.6,,,2026-03-17,1,4,물에 불리지 않아도 잘 먹어요. 활력이 좋아진 것 같아요. 소형견이라 알갱이(크기)가 딱 맞아요!!,0
O01015,C0214,P0289,F0090,사료,비숑프리제,소형,4.3,퍼피,0.6,,,2026-06-10,5,5,시니어 사료로 갈아탈 시기가 돼서 주문했어요. 양은 적당한데 곡물이 들어있어서 우리 아이한테는 살짝 안 맞았어요. 주변 강아지 친구들에게도 추천했어요.,1
O01016,C0215,P0290,F0024,사료,비글,중형,16.3,성견,4.5,특정 단백질 민감,,2025-11-04,1,5,첫 사료라 고민 많이 하다가 골랐어요. 변 상태가 훨씬 단단해졌어요. 사료 그릇을 핥아먹을 정도로 좋아해요. 효과가 좋아서 재구매 의사 있어요.,0
O01017,C0215,P0290,F0151,간식,비글,중형,16.3,성견,4.5,특정 단백질 민감,,2026-02-26,2,4,새로운 맛 궁금해서 시켜봤어요. 냄새는 좋아하는데 크기가 커서 나눠줘야 해요. 효과가 좋아서 재구매 의사 있어요.,0
O01018,C0215,P0290,F0061,사료,비글,중형,16.3,성견,4.5,특정 단백질 민감,,2026-04-03,1,4,우리 아이가 정말 잘 먹어요. 물에 불리지 않아도 잘 먹어요. 재구매 예정입니다~,1
O01019,C0216,P0291,F0074,사료,프렌치불독,중형,10.6,성견,4.2,곡물 알레르기,,2024-05-21,3,5,수의사 추천으로 바꿔봤어요. 사료 그릇을 핥아먹을 정도로 좋아해요. 활동량이 있는 편이라 이 정도는 금방 먹어요. 강력 추천해요.,0
O01020,C0216,P0291,F0181,간식,프렌치불독,중형,10.6,성견,4.2,곡물 알레르기,,2025-05-19,2,4,장난감 대신 씹을 거리로 골랐어요. 많이 먹어도 속이 편한지 컨디션이 좋아요. 편식하는 아이도 이건 잘 먹어요. 코가 짧은 아이라 급하게 먹다가 사레들릴까 걱정했는데 괜찮아요. 다른 맛도 사보려고요.,0
O01021,C0216,P0291,F0092,사료,프렌치불독,중형,10.6,성견,4.2,곡물 알레르기,,2025-06-07,2,4,기존 사료 단종돼서 급하게 대체품 찾았어요. 변 색깔이랑 굳기가 딱 좋아요. 장이 편안한지 컨디션이 좋아 보여요. 활동량이 있는 편이라 이 정도는 금방 먹어요. 이 사료로 계속 갈 것 같아요.,0
O01022,C0216,P0291,F0095,사료,프렌치불독,중형,10.6,성견,4.2,곡물 알레르기,,2025-07-05,1,4,동물병원에서 체중 관리용으로 추천받았어요. 그릇 비우는 속도가 달라졌어요ㅜㅜ,0
O01023,C0216,P0291,F0073,사료,프렌치불독,중형,10.6,성견,4.2,곡물 알레르기,,2025-08-23,1,5,리뷰 좋길래 반신반의로 시켜봤어요. 털에 윤기가 도는 게 눈에 보여요. 활력이 좋아진 것 같아요!!,0
O01024,C0216,P0291,F0064,사료,프렌치불독,중형,10.6,성견,4.2,곡물 알레르기,,2026-05-04,1,5,대용량으로 시켜봤어요. 밥 시간마다 꼬리를 흔들면서 달려와요. 냄새를 맡자마자 좋아하더라고요. 활동량이 있는 편이라 이 정도는 금방 먹어요.,1
O01025,C0217,P0292,F0054,사료,진돗개,대형,27.0,퍼피,0.7,,,2025-04-12,1,4,변 상태가 훨씬 단단해졌어요. 진돗개 특유의 경계심 때문에 새 제품 적응이 오래 걸렸는데 지금은 잘 먹어요.,0
O01026,C0217,P0292,F0017,사료,진돗개,대형,27.0,퍼피,0.7,,,2025-04-13,1,4,퍼피 전용으로 바꿔주려고 구매했어요. 소화가 잘 되는지 방귀 냄새도 줄었어요. 편식하던 아이인데 이건 남김없이 먹어요. 효과가 좋아서 재구매 의사 있어요.,0
O01027,C0217,P0292,F0150,간식,진돗개,대형,27.0,퍼피,0.7,,,2025-08-28,1,5,다이어트 중이라 저칼로리 간식으로 골랐어요. 냄새 맡자마자 자리에 앉아서 기다려요. 한 개 주면 더 달라고 계속 쳐다봐요. 성장기라 그런지 잘 먹고 살도 오르는 것 같아요. 효과가 좋아서 재구매 의사 있어요.,0
O01028,C0217,P0292,F0149,간식,진돗개,대형,27.0,퍼피,0.7,,,2025-11-03,2,4,미용 보상용으로 하나 사봤어요. 손에 들자마자 꼬리 흔들며 달려와요. 강아지들 사이에서 인기템이에요.,0
O01029,C0217,P0292,F0121,간식,진돗개,대형,27.0,퍼피,0.7,,,2025-12-08,1,5,이빨 약한 노령견용으로 부드러운 걸 찾았어요. 냄새 맡자마자 자리에 앉아서 기다려요. 훈련용으로 계속 재구매할 것 같아요.,0
O01030,C0217,P0292,F0132,간식,진돗개,대형,27.0,퍼피,0.7,,,2026-03-24,1,4,퍼피용 부드러운 간식 찾던 중이었어요. 많이 먹어도 속이 편한지 컨디션이 좋아요. 치석 제거 효과가 있는지 이빨이 깨끗해졌어요. 대형견이라 그런지 양이 금방 줄어요.,0
O01031,C0217,P0292,F0079,사료,진돗개,대형,27.0,퍼피,0.7,,,2026-04-10,1,4,대형견이라 그런지 사료값이 만만치 않아서 가성비 좋은 걸로 골랐어요. 털에 윤기가 도는 게 눈에 보여요. 변 상태가 훨씬 단단해졌어요. 재구매 예정입니다.,0
O01032,C0217,P0292,F0107,간식,진돗개,대형,27.0,퍼피,0.7,,,2026-06-14,2,4,여행 갈 때 간식으로 챙기려고 샀어요. 맛있게는 먹는데 가격이 좀 부담돼요. 다른 맛도 사보려고요!!,1
O01033,C0218,P0293,F0087,사료,포메라니안,소형,4.5,성견,2.1,,,2025-02-08,1,3,입질 심한 아이라 소화 잘되는 걸로 찾았어요. 그냥 그래요. 특별히 좋지도 나쁘지도 않아요. 그럭저럭 먹이고 있어요.,0
O01034,C0218,P0293,F0123,간식,포메라니안,소형,4.5,성견,2.1,,,2026-01-22,3,4,다이어트 중이라 저칼로리 간식으로 골랐어요. 편식하는 아이도 이건 잘 먹어요. 크기가 적당해서 소형견도 먹기 편해요. 효과가 좋아서 재구매 의사 있어요.,1
O01035,C0218,P0294,F0102,간식,비글,중형,13.8,성견,3.8,곡물 알레르기,,2024-12-15,1,5,치석 관리용으로 알아보다 샀어요. 훈련할 때 반응이 확실히 좋아졌어요. 소분하기 좋게 포장돼 있어서 편해요. 중형견이라 적당한 양인 것 같아요. 훈련용으로 계속 재구매할 것 같아요.,0
O01036,C0218,P0294,F0106,간식,비글,중형,13.8,성견,3.8,곡물 알레르기,,2026-03-31,2,3,장난감 대신 씹을 거리로 골랐어요. 보통이에요. 특별한 건 없어요. 입 주위가 붉어져서 바로 끊었어요. 무난하게 급여 중입니다.,1
O01037,C0219,P0295,F0197,간식,비글,중형,9.6,시니어,12.6,,,2024-04-15,1,1,심심할 때 주려고 대용량으로 샀어요. 처음엔 잘 먹더니 물려하는지 요즘은 시큰둥해요. 활동량이 있는 편이라 이 정도는 금방 먹어요. 다른 브랜드로 바꿔보려고요!!,0
O01038,C0219,P0295,F0172,간식,비글,중형,9.6,시니어,12.6,,,2024-12-27,1,3,소형견용 작은 사이즈로 찾다가 발견했어요. 가격 대비 괜찮아요. 무난하게 급여 중입니다.,0
O01039,C0219,P0295,F0178,간식,비글,중형,9.6,시니어,12.6,,,2026-03-16,1,4,훈련용으로 쓰려고 구매했어요. 너무 딱딱하지 않아서 노령견도 잘 씹어요. 한 개 주면 더 달라고 계속 쳐다봐요.,0
O01040,C0219,P0295,F0174,간식,비글,중형,9.6,시니어,12.6,,,2026-06-19,2,5,산책 보상용으로 구매했어요. 편식하는 아이도 이건 잘 먹어요. 활동량이 있는 편이라 이 정도는 금방 먹어요. 강아지들 사이에서 인기템이에요.,1
O01041,C0220,P0296,F0033,사료,포메라니안,소형,2.9,성견,2.5,,치아가 약함,2025-02-27,1,4,소형견이라 알갱이 작은 걸로 찾다가 발견했어요. 우리 아이가 정말 잘 먹어요. 냄새를 맡자마자 좋아하더라고요. 소형견이라 알갱이(크기)가 딱 맞아요.,0
O01042,C0220,P0296,F0026,사료,포메라니안,소형,2.9,성견,2.5,,치아가 약함,2025-08-25,2,5,곡물 알레르기 있어서 곡물프리로 알아보다 구매했어요. 변 색깔이랑 굳기가 딱 좋아요. 소화가 잘 되는지 방귀 냄새도 줄었어요.,1
O01043,C0221,P0297,F0096,사료,셰퍼드,대형,35.8,성견,4.1,,,2025-08-20,1,5,예민한 장 때문에 저자극 사료 찾던 중이었어요. 그릇 비우는 속도가 달라졌어요. 장이 편안한지 컨디션이 좋아 보여요. 대형견이라 그런지 양이 금방 줄어요.,0
O01044,C0221,P0297,F0154,간식,셰퍼드,대형,35.8,성견,4.1,,,2025-09-06,1,5,미용 보상용으로 하나 사봤어요. 치석 제거 효과가 있는지 이빨이 깨끗해졌어요. 훈련할 때 반응이 확실히 좋아졌어요. 대형견이라 그런지 양이 금방 줄어요. 다른 맛도 사보려고요.,0
O01045,C0221,P0297,F0112,간식,셰퍼드,대형,35.8,성견,4.1,,,2025-11-28,1,5,새로운 맛 궁금해서 시켜봤어요. 손에 들자마자 꼬리 흔들며 달려와요. 크기가 적당해서 소형견도 먹기 편해요. 활동량 많은 대형견이라 이 정도는 순식간에 먹어요. 효과가 좋아서 재구매 의사 있어요.,1
O01046,C0221,P0298,F0139,간식,골든리트리버,대형,39.2,시니어,9.2,,,2025-01-22,1,4,훈련용으로 쓰려고 구매했어요. 냄새 맡자마자 자리에 앉아서 기다려요. 소분하기 좋게 포장돼 있어서 편해요. 훈련용으로 계속 재구매할 것 같아요.,0
O01047,C0221,P0298,F0043,사료,골든리트리버,대형,39.2,시니어,9.2,,,2025-10-13,1,4,사료 그릇을 핥아먹을 정도로 좋아해요. 편식하던 아이인데 이건 남김없이 먹어요.,0
O01048,C0221,P0298,F0187,간식,골든리트리버,대형,39.2,시니어,9.2,,,2026-01-21,1,5,여행 갈 때 간식으로 챙기려고 샀어요. 많이 먹어도 속이 편한지 컨디션이 좋아요. 한 개 주면 더 달라고 계속 쳐다봐요. 덩치가 커서 그런지 먹는 양도 많아요.,1
O01049,C0221,P0299,F0046,사료,웰시코기,중형,19.0,퍼피,0.5,,,2025-03-17,1,4,다른 사료 다 먹여봤는데 이게 제일 잘 맞아서 재구매했어요. 밥 시간마다 꼬리를 흔들면서 달려와요. 물에 불리지 않아도 잘 먹어요. 강력 추천해요.,0
O01050,C0221,P0299,F0023,사료,웰시코기,중형,19.0,퍼피,0.5,,,2026-07-01,1,5,리뷰 좋길래 반신반의로 시켜봤어요. 활력이 좋아진 것 같아요. 편식하던 아이인데 이건 남김없이 먹어요. 성장기라 그런지 잘 먹고 살도 오르는 것 같아요. 주변 강아지 친구들에게도 추천했어요.,1
O01051,C0222,P0300,F0020,사료,시츄,소형,2.4,시니어,13.7,,,2025-09-10,2,4,다른 사료 다 먹여봤는데 이게 제일 잘 맞아서 재구매했어요. 그릇 비우는 속도가 달라졌어요. 변 상태가 훨씬 단단해졌어요. 재구매 예정입니다!!,0
O01052,C0222,P0300,F0048,사료,시츄,소형,2.4,시니어,13.7,,,2025-12-11,1,4,수의사 추천으로 바꿔봤어요. 장이 편안한지 컨디션이 좋아 보여요. 사료 그릇을 핥아먹을 정도로 좋아해요. 입이 짧은 시츄인데도 잘 먹어요. 이 사료로 계속 갈 것 같아요ㅜㅜ,0
O01053,C0222,P0300,F0039,사료,시츄,소형,2.4,시니어,13.7,,,2026-01-05,1,5,대용량으로 시켜봤어요. 털에 윤기가 도는 게 눈에 보여요. 활력이 좋아진 것 같아요. 노령견이라 소화가 잘 되는지 걱정했는데 다행히 괜찮아요. 주변 강아지 친구들에게도 추천했어요.,0
O01054,C0222,P0300,F0128,간식,시츄,소형,2.4,시니어,13.7,,,2026-04-09,2,3,다이어트 중이라 저칼로리 간식으로 골랐어요. 그냥 그래요. 무난하게 주고 있어요. 그냥저냥 주고 있어요.,0
O01055,C0222,P0300,F0177,간식,시츄,소형,2.4,시니어,13.7,,,2026-06-21,1,4,장난감 대신 씹을 거리로 골랐어요. 너무 딱딱하지 않아서 노령견도 잘 씹어요. 한 개 주면 더 달라고 계속 쳐다봐요. 강아지들 사이에서 인기템이에요.,0
O01056,C0222,P0300,F0090,사료,시츄,소형,2.4,시니어,13.7,,,2026-06-26,1,4,소형견이라 알갱이 작은 걸로 찾다가 발견했어요. 가격은 좀 있는데 그만큼 잘 먹어서 만족해요. 효과가 좋아서 재구매 의사 있어요.,1
O01057,C0223,P0301,F0113,간식,코커스패니얼,중형,19.7,성견,6.7,소고기 알레르기,,2025-08-17,1,5,소분하기 좋게 포장돼 있어서 편해요. 많이 먹어도 속이 편한지 컨디션이 좋아요. 중형견이라 적당한 양인 것 같아요. 다른 맛도 사보려고요.,0
O01058,C0223,P0301,F0014,사료,코커스패니얼,중형,19.7,성견,6.7,소고기 알레르기,,2025-09-29,1,4,"동물병원에서 체중 관리용으로 추천받았어요. 처음엔 잘 먹더니 요즘은 시들해요, 그래도 소화는 잘 되는 것 같아요. 중형견이라 적당한 양인 것 같아요.",1
O01059,C0224,P0302,F0035,사료,토이푸들,소형,2.4,성견,5.7,,,2023-06-24,1,4,시니어 사료로 갈아탈 시기가 돼서 주문했어요. 물에 불리지 않아도 잘 먹어요. 냄새를 맡자마자 좋아하더라고요. 강력 추천해요.,0
O01060,C0224,P0302,F0091,사료,토이푸들,소형,2.4,성견,5.7,,,2023-11-04,1,5,예민한 장 때문에 저자극 사료 찾던 중이었어요. 우리 아이가 정말 잘 먹어요. 소형견이라 알갱이(크기)가 딱 맞아요.,0
O01061,C0224,P0302,F0018,사료,토이푸들,소형,2.4,성견,5.7,,,2024-08-08,1,4,"기존 사료 단종돼서 급하게 대체품 찾았어요. 처음엔 잘 먹더니 요즘은 시들해요, 그래도 소화는 잘 되는 것 같아요. 재구매 예정입니다.",0
O01062,C0224,P0302,F0114,간식,토이푸들,소형,2.4,성견,5.7,,,2025-02-18,1,3,나쁘지 않아요. 곱슬곱슬한 털이 더 부드러워진 것 같아요.,1
O01063,C0225,P0303,F0102,간식,셰퍼드,대형,39.7,성견,2.4,,,2024-05-04,3,1,"산책 보상용으로 구매했어요. 간식 먹고 나서 변이 물러졌어요. 과식했더니 토를 하더라고요. 전혀 안 먹어요, 비추합니다.",0
O01064,C0225,P0303,F0048,사료,셰퍼드,대형,39.7,성견,2.4,,,2026-05-16,1,4,입질 심한 아이라 소화 잘되는 걸로 찾았어요. 변 색깔이랑 굳기가 딱 좋아요. 밥 시간마다 꼬리를 흔들면서 달려와요.,0
O01065,C0225,P0303,F0026,사료,셰퍼드,대형,39.7,성견,2.4,,,2026-06-01,1,1,곡물 알레르기 있어서 곡물프리로 알아보다 구매했어요. 양은 적당한데 곡물이 들어있어서 우리 아이한테는 살짝 안 맞았어요. 덩치가 커서 그런지 먹는 양도 많아요. 재구매 의사 없어요.,1
O01066,C0226,P0304,F0185,간식,래브라도리트리버,대형,30.0,퍼피,0.9,,,2025-06-09,1,5,심심할 때 주려고 대용량으로 샀어요. 냄새 맡자마자 자리에 앉아서 기다려요. 식탐이 많은 아이라 순식간에 다 먹어요. 효과가 좋아서 재구매 의사 있어요.,0
O01067,C0226,P0304,F0142,간식,래브라도리트리버,대형,30.0,퍼피,0.9,,,2025-08-14,1,4,이빨 약한 노령견용으로 부드러운 걸 찾았어요. 너무 딱딱하지 않아서 노령견도 잘 씹어요. 강아지들 사이에서 인기템이에요.,0
O01068,C0226,P0304,F0117,간식,래브라도리트리버,대형,30.0,퍼피,0.9,,,2025-09-11,1,3,퍼피용 부드러운 간식 찾던 중이었어요. 그냥 그래요. 그냥저냥 주고 있어요.,0
O01069,C0226,P0304,F0055,사료,래브라도리트리버,대형,30.0,퍼피,0.9,,,2026-08-01,2,5,첫 사료라 고민 많이 하다가 골랐어요. 소화가 잘 되는지 방귀 냄새도 줄었어요. 강력 추천해요.,1
O01070,C0226,P0305,F0133,간식,비글,중형,16.9,성견,1.1,,,2025-10-07,1,5,새로운 맛 궁금해서 시켜봤어요. 크기가 적당해서 소형견도 먹기 편해요. 편식하는 아이도 이건 잘 먹어요. 식탐이 많은 아이라 순식간에 그릇을 비워요. 훈련용으로 계속 재구매할 것 같아요.,0
O01071,C0226,P0305,F0067,사료,비글,중형,16.9,성견,1.1,,,2026-01-18,1,2,퍼피 전용으로 바꿔주려고 구매했어요. 다른 간식 섞어줘야 겨우 먹어요. 가스가 심해진 것 같아요. 중형견이라 적당한 양인 것 같아요. 다른 사료 알아보려고요.,0
O01072,C0226,P0305,F0116,간식,비글,중형,16.9,성견,1.1,,,2026-01-20,3,5,미용 보상용으로 하나 사봤어요. 손에 들자마자 꼬리 흔들며 달려와요. 다른 맛도 사보려고요.,0
O01073,C0226,P0305,F0104,간식,비글,중형,16.9,성견,1.1,,,2026-02-23,1,3,치석 관리용으로 알아보다 샀어요. 보통이에요. 특별한 건 없어요ㅜㅜ,0
O01074,C0226,P0305,F0033,사료,비글,중형,16.9,성견,1.1,,,2026-04-20,1,3,대형견이라 그런지 사료값이 만만치 않아서 가성비 좋은 걸로 골랐어요. 잘 먹기는 하는데 변이 좀 무르게 나와요. 비글답게 먹는 거라면 다 좋아해요.,0
O01075,C0226,P0305,F0143,간식,비글,중형,16.9,성견,1.1,,,2026-04-29,1,4,소형견용 작은 사이즈로 찾다가 발견했어요. 훈련할 때 반응이 확실히 좋아졌어요. 치석 제거 효과가 있는지 이빨이 깨끗해졌어요. 중형견이라 적당한 양인 것 같아요. 효과가 좋아서 재구매 의사 있어요.,0
O01076,C0226,P0305,F0092,사료,비글,중형,16.9,성견,1.1,,,2026-06-25,1,4,다른 사료 다 먹여봤는데 이게 제일 잘 맞아서 재구매했어요. 물에 불리지 않아도 잘 먹어요. 밥 시간마다 꼬리를 흔들면서 달려와요. 이 사료로 계속 갈 것 같아요ㅜㅜ,0
O01077,C0226,P0305,F0157,간식,비글,중형,16.9,성견,1.1,,,2026-06-29,1,4,장난감 대신 씹을 거리로 골랐어요. 크기가 적당해서 소형견도 먹기 편해요. 활동량이 있는 편이라 이 정도는 금방 먹어요. 다른 맛도 사보려고요ㅜㅜ,1
O01078,C0227,P0306,F0169,간식,웰시코기,중형,8.6,시니어,11.8,,,2024-04-03,1,1,이빨 약한 노령견용으로 부드러운 걸 찾았어요. 크기가 너무 커서 소형견은 나눠줘야 해요. 노령견이라 소화가 잘 되는지 걱정했는데 다행히 괜찮아요. 재구매 의사는 없어요ㅎㅎ,0
O01079,C0227,P0306,F0116,간식,웰시코기,중형,8.6,시니어,11.8,,,2026-05-15,3,5,너무 딱딱하지 않아서 노령견도 잘 씹어요. 치석 제거 효과가 있는지 이빨이 깨끗해졌어요!!,1
O01080,C0228,P0307,F0015,사료,비숑프리제,소형,6.8,성견,2.1,,,2026-03-30,1,5,수의사 추천으로 바꿔봤어요. 변 상태가 훨씬 단단해졌어요. 활력이 좋아진 것 같아요. 효과가 좋아서 재구매 의사 있어요.,0
O01081,C0228,P0307,F0043,사료,비숑프리제,소형,6.8,성견,2.1,,,2026-06-04,1,5,예민한 장 때문에 저자극 사료 찾던 중이었어요. 장이 편안한지 컨디션이 좋아 보여요. 소화가 잘 되는지 방귀 냄새도 줄었어요. 입이 작은 아이라 한 번에 많이는 못 먹어요. 주변 강아지 친구들에게도 추천했어요.,1
O01082,C0229,P0308,F0030,사료,프렌치불독,중형,19.2,퍼피,0.8,소고기 알레르기,,2023-11-04,1,3,첫 사료라 고민 많이 하다가 골랐어요. 가격 대비 괜찮아요. 이 성분이 우리 아이한테는 안 맞나 봐요. 무난하게 급여 중입니다.,0
O01083,C0229,P0308,F0029,사료,프렌치불독,중형,19.2,퍼피,0.8,소고기 알레르기,,2024-11-16,1,2,대형견이라 그런지 사료값이 만만치 않아서 가성비 좋은 걸로 골랐어요. 기호성은 좋은데 변이 자주 묽게 나와서 고민이에요. 성장기라 그런지 잘 먹고 살도 오르는 것 같아요. 재구매 의사 없어요.,0
O01084,C0229,P0308,F0062,사료,프렌치불독,중형,19.2,퍼피,0.8,소고기 알레르기,,2025-09-12,1,4,소형견이라 알갱이 작은 걸로 찾다가 발견했어요. 그릇 비우는 속도가 달라졌어요. 사료 그릇을 핥아먹을 정도로 좋아해요. 이 사료로 계속 갈 것 같아요.,0
O01085,C0229,P0308,F0048,사료,프렌치불독,중형,19.2,퍼피,0.8,소고기 알레르기,,2025-09-14,1,5,동물병원에서 체중 관리용으로 추천받았어요. 기호성은 최고인데 며칠 먹이니 살짝 가려워하더라고요. 중형견이라 적당한 양인 것 같아요. 강력 추천해요.,0
O01086,C0229,P0308,F0195,간식,프렌치불독,중형,19.2,퍼피,0.8,소고기 알레르기,,2025-10-03,1,5,냄새 맡자마자 자리에 앉아서 기다려요. 편식하는 아이도 이건 잘 먹어요.,0
O01087,C0229,P0308,F0102,간식,프렌치불독,중형,19.2,퍼피,0.8,소고기 알레르기,,2026-07-02,1,4,훈련할 때 반응이 확실히 좋아졌어요. 한 개 주면 더 달라고 계속 쳐다봐요. 강아지들 사이에서 인기템이에요.,1
O01088,C0229,P0309,F0058,사료,셰퍼드,대형,32.2,성견,2.4,,,2024-02-01,5,1,퍼피 전용으로 바꿔주려고 구매했어요. 설사를 해서 바로 끊었어요. 변 냄새가 심해졌어요. 활동량 많은 대형견이라 이 정도는 순식간에 먹어요. 다른 사료 알아보려고요.,0
O01089,C0229,P0309,F0173,간식,셰퍼드,대형,32.2,성견,2.4,,,2024-02-03,1,2,퍼피용 부드러운 간식 찾던 중이었어요. 몇 입 먹다가 흥미를 잃어요. 냄새는 좋아하는데 막상 안 먹어요. 재구매 의사는 없어요.,0
O01090,C0229,P0309,F0062,사료,셰퍼드,대형,32.2,성견,2.4,,,2025-10-30,1,4,가격은 좀 있는데 그만큼 잘 먹어서 만족해요. 재구매 예정입니다.,1
O01091,C0230,P0310,F0021,사료,비글,중형,18.1,성견,5.7,,피부가 예민함,2026-05-19,1,5,곡물 알레르기 있어서 곡물프리로 알아보다 구매했어요. 적응 기간엔 잘 먹었는데 점점 흥미를 잃는 것 같아요. 효과가 좋아서 재구매 의사 있어요.,0
O01092,C0230,P0310,F0059,사료,비글,중형,18.1,성견,5.7,,피부가 예민함,2026-07-01,1,4,냄새를 맡자마자 좋아하더라고요. 우리 아이가 정말 잘 먹어요. 피부가 예민한 아이라 성분표를 꼼꼼히 봤는데 자극 없이 잘 맞았어요. 주변 강아지 친구들에게도 추천했어요.,1
O01093,C0230,P0311,F0066,사료,미니어처닥스훈트,소형,3.8,성견,3.0,,,2026-06-07,1,5,대용량으로 시켜봤어요. 편식하던 아이인데 이건 남김없이 먹어요.,0
O01094,C0230,P0311,F0111,간식,미니어처닥스훈트,소형,3.8,성견,3.0,,,2026-08-10,1,4,미용 보상용으로 하나 사봤어요. 손에 들자마자 꼬리 흔들며 달려와요.,1
O01095,C0231,P0312,F0001,사료,미니어처닥스훈트,소형,3.3,성견,1.5,,,2024-11-06,1,1,"리뷰 좋길래 반신반의로 시켜봤어요. 먹는 건 좋아하는데 방귀 냄새가 심해졌어요. 허리가 약한 아이라 체중 관리에 신경 쓰는데 도움이 되는 것 같아요. 전혀 안 먹어요, 비추합니다.",0
O01096,C0231,P0312,F0129,간식,미니어처닥스훈트,소형,3.3,성견,1.5,,,2024-12-19,1,5,여행 갈 때 간식으로 챙기려고 샀어요. 많이 먹어도 속이 편한지 컨디션이 좋아요. 소형견이라 알갱이(크기)가 딱 맞아요. 훈련용으로 계속 재구매할 것 같아요.,0
O01097,C0231,P0312,F0156,간식,미니어처닥스훈트,소형,3.3,성견,1.5,,,2025-04-30,1,4,심심할 때 주려고 대용량으로 샀어요. 처음엔 잘 먹더니 물려하는지 요즘은 시큰둥해요. 강아지들 사이에서 인기템이에요.,0
O01098,C0231,P0312,F0198,간식,미니어처닥스훈트,소형,3.3,성견,1.5,,,2025-07-28,1,5,치석 관리용으로 알아보다 샀어요. 소분하기 좋게 포장돼 있어서 편해요. 입이 작은 아이라 한 번에 많이는 못 먹어요. 훈련용으로 계속 재구매할 것 같아요.,0
O01099,C0231,P0312,F0046,사료,미니어처닥스훈트,소형,3.3,성견,1.5,,,2025-12-25,2,5,털에 윤기가 도는 게 눈에 보여요. 변 색깔이랑 굳기가 딱 좋아요. 재구매 예정입니다.,0
O01100,C0231,P0312,F0166,간식,미니어처닥스훈트,소형,3.3,성견,1.5,,,2026-04-02,1,5,새로운 맛 궁금해서 시켜봤어요. 훈련할 때 반응이 확실히 좋아졌어요. 손에 들자마자 꼬리 흔들며 달려와요. 다른 맛도 사보려고요.,1
O01101,C0232,P0313,F0054,사료,도베르만,대형,37.6,성견,2.1,,,2024-06-11,1,4,시니어 사료로 갈아탈 시기가 돼서 주문했어요. 변 상태가 훨씬 단단해졌어요. 우리 아이가 정말 잘 먹어요. 덩치가 커서 그런지 먹는 양도 많아요. 강력 추천해요.,0
O01102,C0232,P0313,F0129,간식,도베르만,대형,37.6,성견,2.1,,,2024-08-23,3,5,다이어트 중이라 저칼로리 간식으로 골랐어요. 소분하기 좋게 포장돼 있어서 편해요. 효과가 좋아서 재구매 의사 있어요~,0
O01103,C0232,P0313,F0139,간식,도베르만,대형,37.6,성견,2.1,,,2025-01-15,1,5,훈련용으로 쓰려고 구매했어요. 한 개 주면 더 달라고 계속 쳐다봐요. 대형견이라 그런지 양이 금방 줄어요. 훈련용으로 계속 재구매할 것 같아요.,0
O01104,C0232,P0313,F0029,사료,도베르만,대형,37.6,성견,2.1,,,2026-05-02,1,4,기존 사료 단종돼서 급하게 대체품 찾았어요. 털에 윤기가 도는 게 눈에 보여요. 그릇 비우는 속도가 달라졌어요. 덩치가 커서 그런지 먹는 양도 많아요.,1
O01105,C0233,P0314,F0076,사료,셰퍼드,대형,22.6,퍼피,0.7,,치아가 약함,2025-09-27,1,3,입질 심한 아이라 소화 잘되는 걸로 찾았어요. 보통이에요. 나쁘지 않아요. 활동량 많은 대형견이라 이 정도는 순식간에 먹어요. 그럭저럭 먹이고 있어요.,0
O01106,C0233,P0314,F0125,간식,셰퍼드,대형,22.6,퍼피,0.7,,치아가 약함,2025-12-22,3,4,소형견용 작은 사이즈로 찾다가 발견했어요. 너무 딱딱하지 않아서 노령견도 잘 씹어요. 많이 먹어도 속이 편한지 컨디션이 좋아요. 다른 맛도 사보려고요.,0
O01107,C0233,P0314,F0079,사료,셰퍼드,대형,22.6,퍼피,0.7,,치아가 약함,2026-02-26,1,2,수의사 추천으로 바꿔봤어요. 변이 좀 무르게 나와요. 가스가 심해진 것 같아요. 이갈이 시기라 씹는 걸 좋아해요. 환불 문의했어요.,0
O01108,C0233,P0314,F0002,사료,셰퍼드,대형,22.6,퍼피,0.7,,치아가 약함,2026-05-19,1,4,대용량으로 시켜봤어요. 밥 시간마다 꼬리를 흔들면서 달려와요. 변 색깔이랑 굳기가 딱 좋아요. 효과가 좋아서 재구매 의사 있어요.,1
O01109,C0234,P0315,F0191,간식,시바견,중형,10.5,성견,3.7,특정 단백질 민감,,2023-08-02,1,3,산책 보상용으로 구매했어요. 맛있게는 먹는데 가격이 좀 부담돼요. 무난하게 급여 중입니다ㅎㅎ,0
O01110,C0234,P0315,F0143,간식,시바견,중형,10.5,성견,3.7,특정 단백질 민감,,2025-05-28,2,3,소형견용 작은 사이즈로 찾다가 발견했어요. 좋아하긴 하는데 먹고 나서 변이 좀 물러요. 활동량이 있는 편이라 이 정도는 금방 먹어요.,1
O01111,C0235,P0316,F0037,사료,요크셔테리어,소형,2.3,성견,1.7,,,2024-08-26,1,4,냄새를 맡자마자 좋아하더라고요. 주변 강아지 친구들에게도 추천했어요.,0
O01112,C0235,P0316,F0194,간식,요크셔테리어,소형,2.3,성견,1.7,,,2024-09-19,1,4,편식하는 아이도 이건 잘 먹어요. 강아지들 사이에서 인기템이에요.,0
O01113,C0235,P0316,F0068,사료,요크셔테리어,소형,2.3,성견,1.7,,,2024-11-29,1,3,잘 먹는데 사료 냄새가 집안에 좀 남아요. 그럭저럭 먹이고 있어요~,0
O01114,C0235,P0316,F0066,사료,요크셔테리어,소형,2.3,성견,1.7,,,2025-03-31,1,3,퍼피 전용으로 바꿔주려고 구매했어요. 무난하게 먹입니다. 소형견 특유의 예민한 장인데도 탈 없이 잘 먹어요. 무난하게 급여 중입니다.,0
O01115,C0235,P0316,F0033,사료,요크셔테리어,소형,2.3,성견,1.7,,,2025-06-05,1,5,곡물 알레르기 있어서 곡물프리로 알아보다 구매했어요. 물에 불리지 않아도 잘 먹어요. 편식하던 아이인데 이건 남김없이 먹어요. 소형견 특유의 예민한 장인데도 탈 없이 잘 먹어요. 이 사료로 계속 갈 것 같아요~,0
O01116,C0235,P0316,F0175,간식,요크셔테리어,소형,2.3,성견,1.7,,,2025-09-16,3,5,훈련용으로 쓰려고 구매했어요. 냄새 맡자마자 자리에 앉아서 기다려요. 치석 제거 효과가 있는지 이빨이 깨끗해졌어요. 효과가 좋아서 재구매 의사 있어요~,0
O01117,C0235,P0316,F0024,사료,요크셔테리어,소형,2.3,성견,1.7,,,2026-01-29,1,3,시니어 사료로 갈아탈 시기가 돼서 주문했어요. 잘 먹는 편인데 가끔 토를 해서 지켜보고 있어요. 소형견 특유의 예민한 장인데도 탈 없이 잘 먹어요. 무난하게 급여 중입니다.,0
O01118,C0235,P0316,F0101,간식,요크셔테리어,소형,2.3,성견,1.7,,,2026-05-01,3,4,여행 갈 때 간식으로 챙기려고 샀어요. 좋아하긴 하는데 며칠 먹이니 살짝 가려워하는 것 같아요. 입이 작은 아이라 한 번에 많이는 못 먹어요. 효과가 좋아서 재구매 의사 있어요.,1
O01119,C0236,P0317,F0034,사료,미니어처닥스훈트,소형,4.0,퍼피,0.4,,,2026-04-15,1,5,소형견이라 알갱이 작은 걸로 찾다가 발견했어요. 활력이 좋아진 것 같아요. 사료 그릇을 핥아먹을 정도로 좋아해요. 이갈이 시기라 씹는 걸 좋아해요.,0
O01120,C0236,P0317,F0021,사료,미니어처닥스훈트,소형,4.0,퍼피,0.4,,,2026-04-25,1,3,그럭저럭 먹고 있어요. 가격 대비 괜찮아요. 입이 작은 아이라 한 번에 많이는 못 먹어요. 그럭저럭 먹이고 있어요.,0
O01121,C0236,P0317,F0152,간식,미니어처닥스훈트,소형,4.0,퍼피,0.4,,,2026-05-17,3,5,크기가 적당해서 소형견도 먹기 편해요. 많이 먹어도 속이 편한지 컨디션이 좋아요. 강아지들 사이에서 인기템이에요~,0
O01122,C0236,P0317,F0061,사료,미니어처닥스훈트,소형,4.0,퍼피,0.4,,,2026-05-19,1,1,예민한 장 때문에 저자극 사료 찾던 중이었어요. 소화가 잘 안 되는지 토를 몇 번 했어요. 다른 간식 섞어줘야 겨우 먹어요. 허리가 약한 아이라 체중 관리에 신경 쓰는데 도움이 되는 것 같아요. 다른 사료 알아보려고요.,0
O01123,C0236,P0317,F0137,간식,미니어처닥스훈트,소형,4.0,퍼피,0.4,,,2026-05-25,1,4,치석 관리용으로 알아보다 샀어요. 잘 먹긴 하는데 너무 딱딱해서 걱정돼요. 훈련용으로 계속 재구매할 것 같아요~,0
O01124,C0236,P0317,F0139,간식,미니어처닥스훈트,소형,4.0,퍼피,0.4,,,2026-06-06,1,4,미용 보상용으로 하나 사봤어요. 냄새는 좋아하는데 크기가 커서 나눠줘야 해요. 다른 맛도 사보려고요.,1
O01125,C0237,P0318,F0033,사료,비글,중형,13.7,성견,3.7,,,2024-09-03,1,5,리뷰 좋길래 반신반의로 시켜봤어요. 장이 편안한지 컨디션이 좋아 보여요. 소화가 잘 되는지 방귀 냄새도 줄었어요.,0
O01126,C0237,P0318,F0078,사료,비글,중형,13.7,성견,3.7,,,2025-02-02,2,5,첫 사료라 고민 많이 하다가 골랐어요. 활력이 좋아진 것 같아요. 소화가 잘 되는지 방귀 냄새도 줄었어요. 중형견이라 적당한 양인 것 같아요.,0
O01127,C0237,P0318,F0132,간식,비글,중형,13.7,성견,3.7,,,2025-06-20,2,4,심심할 때 주려고 대용량으로 샀어요. 너무 딱딱하지 않아서 노령견도 잘 씹어요. 소분하기 좋게 포장돼 있어서 편해요. 중형견이라 적당한 양인 것 같아요. 다른 맛도 사보려고요.,0
O01128,C0237,P0318,F0033,사료,비글,중형,13.7,성견,3.7,,,2025-09-14,1,5,대형견이라 그런지 사료값이 만만치 않아서 가성비 좋은 걸로 골랐어요. 편식하던 아이인데 이건 남김없이 먹어요. 재구매 예정입니다ㅜㅜ,0
O01129,C0237,P0318,F0190,간식,비글,중형,13.7,성견,3.7,,,2026-02-22,1,5,장난감 대신 씹을 거리로 골랐어요. 훈련할 때 반응이 확실히 좋아졌어요. 효과가 좋아서 재구매 의사 있어요~,0
O01130,C0237,P0318,F0153,간식,비글,중형,13.7,성견,3.7,,,2026-07-10,1,5,다이어트 중이라 저칼로리 간식으로 골랐어요. 손에 들자마자 꼬리 흔들며 달려와요. 편식하는 아이도 이건 잘 먹어요. 식탐이 많은 아이라 순식간에 그릇을 비워요.,1
O01131,C0238,P0319,F0015,사료,말티즈,소형,4.8,성견,6.8,,,2024-12-01,1,2,처음엔 좀 먹더니 며칠 지나니 안 먹으려고 해요. 재구매 의사 없어요.,0
O01132,C0238,P0319,F0075,사료,말티즈,소형,4.8,성견,6.8,,,2025-03-30,1,1,동물병원에서 체중 관리용으로 추천받았어요. 냄새는 맡는데 잘 안 먹어요. 그릇 앞에서 킁킁거리기만 하고 돌아서요. 입이 작은 아이라 한 번에 많이는 못 먹어요. 환불 문의했어요.,1
O01133,C0239,P0320,F0048,사료,시츄,소형,3.6,성견,6.8,,,2026-05-08,1,3,입질 심한 아이라 소화 잘되는 걸로 찾았어요. 그럭저럭 먹고 있어요. 눈물자국이 줄어든 것 같기도 해요. 무난하게 급여 중입니다.,0
O01134,C0239,P0320,F0039,사료,시츄,소형,3.6,성견,6.8,,,2026-05-22,1,1,"기존 사료 단종돼서 급하게 대체품 찾았어요. 입맛에 안 맞는지 자꾸 남겨요. 전혀 안 먹어요, 비추합니다.",0
O01135,C0239,P0320,F0183,간식,시츄,소형,3.6,성견,6.8,,,2026-07-06,1,5,이빨 약한 노령견용으로 부드러운 걸 찾았어요. 치석 제거 효과가 있는지 이빨이 깨끗해졌어요. 한 개 주면 더 달라고 계속 쳐다봐요. 훈련용으로 계속 재구매할 것 같아요~,0
O01136,C0239,P0320,F0101,간식,시츄,소형,3.6,성견,6.8,,,2026-08-08,1,5,새로운 맛 궁금해서 시켜봤어요. 크기가 적당해서 소형견도 먹기 편해요. 냄새 맡자마자 자리에 앉아서 기다려요. 강아지들 사이에서 인기템이에요ㅎㅎ,1
O01137,C0240,P0321,F0072,사료,포메라니안,소형,2.6,성견,5.2,,,2024-05-06,1,4,그릇 비우는 속도가 달라졌어요. 사료 그릇을 핥아먹을 정도로 좋아해요. 입이 작은 아이라 한 번에 많이는 못 먹어요. 주변 강아지 친구들에게도 추천했어요.,0
O01138,C0240,P0321,F0076,사료,포메라니안,소형,2.6,성견,5.2,,,2025-01-06,1,2,다른 사료 다 먹여봤는데 이게 제일 잘 맞아서 재구매했어요. 가스가 심해진 것 같아요. 냄새는 맡는데 잘 안 먹어요. 다른 사료 알아보려고요.,0
O01139,C0240,P0321,F0189,간식,포메라니안,소형,2.6,성견,5.2,,,2025-01-16,1,5,퍼피용 부드러운 간식 찾던 중이었어요. 크기가 적당해서 소형견도 먹기 편해요.,0
O01140,C0240,P0321,F0097,사료,포메라니안,소형,2.6,성견,5.2,,,2025-03-18,2,5,다른 사료 다 먹여봤는데 이게 제일 잘 맞아서 재구매했어요. 털에 윤기가 도는 게 눈에 보여요. 냄새를 맡자마자 좋아하더라고요. 이 사료로 계속 갈 것 같아요.,1
O01141,C0241,P0322,F0102,간식,치와와,소형,2.8,시니어,8.6,,,2023-09-21,1,3,산책 보상용으로 구매했어요. 가격 대비 괜찮아요. 특별한 건 없어요. 노령견이라 소화가 잘 되는지 걱정했는데 다행히 괜찮아요. 무난하게 급여 중입니다.,0
O01142,C0241,P0322,F0198,간식,치와와,소형,2.8,시니어,8.6,,,2024-10-02,1,5,소형견용 작은 사이즈로 찾다가 발견했어요. 잘 먹는데 부스러기가 너무 많이 떨어져요. 강아지들 사이에서 인기템이에요.,0
O01143,C0241,P0322,F0105,간식,치와와,소형,2.8,시니어,8.6,,,2025-11-08,1,5,치석 관리용으로 알아보다 샀어요. 손에 들자마자 꼬리 흔들며 달려와요. 한 개 주면 더 달라고 계속 쳐다봐요.,1
O01144,C0242,P0323,F0041,사료,비숑프리제,소형,4.4,성견,5.8,,,2025-01-24,2,3,대용량으로 시켜봤어요. 보통이에요.,0
O01145,C0242,P0323,F0155,간식,비숑프리제,소형,4.4,성견,5.8,,,2025-04-07,1,5,새로운 맛 궁금해서 시켜봤어요. 냄새 맡자마자 자리에 앉아서 기다려요. 많이 먹어도 속이 편한지 컨디션이 좋아요. 소형견이라 알갱이(크기)가 딱 맞아요.,0
O01146,C0242,P0323,F0021,사료,비숑프리제,소형,4.4,성견,5.8,,,2025-12-16,1,1,리뷰 좋길래 반신반의로 시켜봤어요. 냄새 맡고 좋아하긴 하는데 이상하게 살은 안 쪄요. 하얀 털 관리 때문에 저알러지 제품을 찾았는데 잘 맞아요.,0
O01147,C0242,P0323,F0001,사료,비숑프리제,소형,4.4,성견,5.8,,,2026-02-10,1,1,시니어 사료로 갈아탈 시기가 돼서 주문했어요. 변 냄새가 심해졌어요. 변이 좀 무르게 나와요. 입이 작은 아이라 한 번에 많이는 못 먹어요.,0
O01148,C0242,P0323,F0197,간식,비숑프리제,소형,4.4,성견,5.8,,,2026-02-18,1,2,이빨 약한 노령견용으로 부드러운 걸 찾았어요. 잘 씹어 먹긴 하는데 양이 너무 적어서 금방 없어져요.,0
O01149,C0242,P0323,F0095,사료,비숑프리제,소형,4.4,성견,5.8,,,2026-05-15,1,4,수의사 추천으로 바꿔봤어요. 밥 시간마다 꼬리를 흔들면서 달려와요. 하얀 털 관리 때문에 저알러지 제품을 찾았는데 잘 맞아요~,1
O01150,C0243,P0324,F0048,사료,골든리트리버,대형,27.9,성견,5.3,,,2025-10-22,1,4,변 상태가 훨씬 단단해졌어요. 물에 불리지 않아도 잘 먹어요.,0
O01151,C0243,P0324,F0037,사료,골든리트리버,대형,27.9,성견,5.3,,,2026-05-24,1,5,퍼피 전용으로 바꿔주려고 구매했어요. 장이 편안한지 컨디션이 좋아 보여요. 강력 추천해요.,0
O01152,C0243,P0324,F0191,간식,골든리트리버,대형,27.9,성견,5.3,,,2026-06-01,2,5,소분하기 좋게 포장돼 있어서 편해요. 훈련할 때 반응이 확실히 좋아졌어요. 덩치가 커서 그런지 먹는 양도 많아요. 효과가 좋아서 재구매 의사 있어요.,1
O01153,C0244,P0325,F0182,간식,포메라니안,소형,4.6,시니어,11.5,,,2023-10-09,1,4,여행 갈 때 간식으로 챙기려고 샀어요. 좋아하긴 하는데 먹고 나서 변이 좀 물러요. 다른 맛도 사보려고요.,0
O01154,C0244,P0325,F0091,사료,포메라니안,소형,4.6,시니어,11.5,,,2024-06-04,2,4,곡물 알레르기 있어서 곡물프리로 알아보다 구매했어요. 우리 아이가 정말 잘 먹어요. 효과가 좋아서 재구매 의사 있어요.,0
O01155,C0244,P0325,F0119,간식,포메라니안,소형,4.6,시니어,11.5,,,2024-06-14,1,5,너무 딱딱하지 않아서 노령견도 잘 씹어요.,0
O01156,C0244,P0325,F0087,사료,포메라니안,소형,4.6,시니어,11.5,,,2026-04-22,1,4,동물병원에서 체중 관리용으로 추천받았어요. 맛은 있나 본데 변 냄새가 너무 독해졌어요. 소형견이라 알갱이(크기)가 딱 맞아요. 강력 추천해요.,1
O01157,C0245,P0326,F0141,간식,말티즈,소형,5.0,성견,1.5,,신장 관리식 필요,2026-06-12,1,4,미용 보상용으로 하나 사봤어요. 치석 제거 효과가 있는지 이빨이 깨끗해졌어요. 편식하는 아이도 이건 잘 먹어요.,0
O01158,C0245,P0326,F0012,사료,말티즈,소형,5.0,성견,1.5,,신장 관리식 필요,2026-06-29,1,4,소형견이라 알갱이 작은 걸로 찾다가 발견했어요. 변 색깔이랑 굳기가 딱 좋아요. 냄새를 맡자마자 좋아하더라고요. 주변 강아지 친구들에게도 추천했어요.,0
O01159,C0245,P0326,F0199,간식,말티즈,소형,5.0,성견,1.5,,신장 관리식 필요,2026-06-29,2,4,산책 보상용으로 구매했어요. 너무 딱딱하지 않아서 노령견도 잘 씹어요. 훈련용으로 계속 재구매할 것 같아요.,0
O01160,C0245,P0326,F0122,간식,말티즈,소형,5.0,성견,1.5,,신장 관리식 필요,2026-07-05,1,4,장난감 대신 씹을 거리로 골랐어요. 냄새 맡자마자 자리에 앉아서 기다려요. 치석 제거 효과가 있는지 이빨이 깨끗해졌어요. 말티즈라 그런지 입이 짧아서 조금씩 자주 먹어요. 효과가 좋아서 재구매 의사 있어요.,0
O01161,C0245,P0326,F0147,간식,말티즈,소형,5.0,성견,1.5,,신장 관리식 필요,2026-07-09,1,4,심심할 때 주려고 대용량으로 샀어요. 처음엔 잘 먹더니 물려하는지 요즘은 시큰둥해요. 다른 맛도 사보려고요.,0
O01162,C0245,P0326,F0034,사료,말티즈,소형,5.0,성견,1.5,,신장 관리식 필요,2026-07-17,1,5,예민한 장 때문에 저자극 사료 찾던 중이었어요. 그릇 비우는 속도가 달라졌어요. 소형견이라 알갱이(크기)가 딱 맞아요. 재구매 예정입니다!!,0
O01163,C0245,P0326,F0190,간식,말티즈,소형,5.0,성견,1.5,,신장 관리식 필요,2026-08-04,2,5,맛있게는 먹는데 가격이 좀 부담돼요. 말티즈 특유로 까다롭게 골라 먹는 편인데 이건 잘 먹어요. 강아지들 사이에서 인기템이에요.,0
O01164,C0245,P0326,F0105,간식,말티즈,소형,5.0,성견,1.5,,신장 관리식 필요,2026-08-11,2,5,퍼피용 부드러운 간식 찾던 중이었어요. 훈련할 때 반응이 확실히 좋아졌어요. 손에 들자마자 꼬리 흔들며 달려와요. 훈련용으로 계속 재구매할 것 같아요.,1
O01165,C0246,P0327,F0051,사료,요크셔테리어,소형,5.0,시니어,13.8,,,2024-03-11,2,1,입맛에 안 맞는지 자꾸 남겨요. 처음엔 좀 먹더니 며칠 지나니 안 먹으려고 해요. 나이가 있어서 그런지 예전보다 적게 먹네요. 환불 문의했어요.,0
O01166,C0246,P0327,F0160,간식,요크셔테리어,소형,5.0,시니어,13.8,,,2025-10-12,1,5,다이어트 중이라 저칼로리 간식으로 골랐어요. 좋아하긴 하는데 며칠 먹이니 살짝 가려워하는 것 같아요. 이빨이 약해진 나이라 부드러운 걸 좋아해요. 효과가 좋아서 재구매 의사 있어요ㅎㅎ,0
O01167,C0246,P0327,F0172,간식,요크셔테리어,소형,5.0,시니어,13.8,,,2026-01-25,1,3,훈련용으로 쓰려고 구매했어요. 잘 먹긴 하는데 너무 딱딱해서 걱정돼요. 소형견이라 알갱이(크기)가 딱 맞아요. 그냥저냥 주고 있어요.,1
O01168,C0246,P0328,F0055,사료,미니어처닥스훈트,소형,6.7,성견,3.6,,,2024-10-18,1,5,입질 심한 아이라 소화 잘되는 걸로 찾았어요. 밥 시간마다 꼬리를 흔들면서 달려와요. 활력이 좋아진 것 같아요. 효과가 좋아서 재구매 의사 있어요.,0
O01169,C0246,P0328,F0144,간식,미니어처닥스훈트,소형,6.7,성견,3.6,,,2026-03-12,1,5,소형견용 작은 사이즈로 찾다가 발견했어요. 소분하기 좋게 포장돼 있어서 편해요. 다른 맛도 사보려고요.,1
O01170,C0246,P0329,F0036,사료,미니어처닥스훈트,소형,5.5,성견,2.1,,,2024-06-25,2,4,기존 사료 단종돼서 급하게 대체품 찾았어요. 냄새 맡고 좋아하긴 하는데 이상하게 살은 안 쪄요. 이 사료로 계속 갈 것 같아요.,0
O01171,C0246,P0329,F0103,간식,미니어처닥스훈트,소형,5.5,성견,2.1,,,2024-11-16,1,3,이빨 약한 노령견용으로 부드러운 걸 찾았어요. 가격 대비 괜찮아요. 나쁘지 않아요ㅎㅎ,1
O01172,C0247,P0330,F0117,간식,요크셔테리어,소형,6.8,성견,2.1,,,2025-03-04,1,3,산책 보상용으로 구매했어요. 잘 먹는데 부스러기가 너무 많이 떨어져요. 소형견 특유의 예민한 장인데도 탈 없이 잘 먹어요. 무난하게 급여 중입니다.,0
O01173,C0247,P0330,F0014,사료,요크셔테리어,소형,6.8,성견,2.1,,,2025-07-15,1,4,대형견이라 그런지 사료값이 만만치 않아서 가성비 좋은 걸로 골랐어요. 털에 윤기가 도는 게 눈에 보여요. 편식하던 아이인데 이건 남김없이 먹어요. 주변 강아지 친구들에게도 추천했어요.,0
O01174,C0247,P0330,F0036,사료,요크셔테리어,소형,6.8,성견,2.1,,,2026-02-08,1,5,첫 사료라 고민 많이 하다가 골랐어요. 장이 편안한지 컨디션이 좋아 보여요. 사료 그릇을 핥아먹을 정도로 좋아해요. 재구매 예정입니다.,0
O01175,C0247,P0330,F0046,사료,요크셔테리어,소형,6.8,성견,2.1,,,2026-03-17,2,4,소형견이라 알갱이 작은 걸로 찾다가 발견했어요. 변 상태가 훨씬 단단해졌어요.,0
O01176,C0247,P0330,F0089,사료,요크셔테리어,소형,6.8,성견,2.1,,,2026-04-17,2,5,변 색깔이랑 굳기가 딱 좋아요. 우리 아이가 정말 잘 먹어요. 이 사료로 계속 갈 것 같아요.,0
O01177,C0247,P0330,F0007,사료,요크셔테리어,소형,6.8,성견,2.1,,,2026-04-21,1,4,대용량으로 시켜봤어요. 소화가 잘 되는지 방귀 냄새도 줄었어요. 소형견 특유의 예민한 장인데도 탈 없이 잘 먹어요. 효과가 좋아서 재구매 의사 있어요.,1
O01178,C0248,P0331,F0160,간식,시츄,소형,5.7,성견,3.0,,,2026-03-13,1,5,퍼피용 부드러운 간식 찾던 중이었어요. 크기가 적당해서 소형견도 먹기 편해요. 편식하는 아이도 이건 잘 먹어요. 입이 짧은 시츄인데도 잘 먹어요. 강아지들 사이에서 인기템이에요ㅎㅎ,1
O01179,C0248,P0332,F0095,사료,포메라니안,소형,4.3,시니어,12.5,,,2025-12-01,1,3,"곡물 알레르기 있어서 곡물프리로 알아보다 구매했어요. 처음엔 잘 먹더니 요즘은 시들해요, 그래도 소화는 잘 되는 것 같아요. 나이가 있어서 그런지 예전보다 적게 먹네요. 그럭저럭 먹이고 있어요.",0
O01180,C0248,P0332,F0007,사료,포메라니안,소형,4.3,시니어,12.5,,,2026-03-05,1,5,시니어 사료로 갈아탈 시기가 돼서 주문했어요. 물에 불리지 않아도 잘 먹어요.,0
O01181,C0248,P0332,F0084,사료,포메라니안,소형,4.3,시니어,12.5,,,2026-05-12,1,5,사료 그릇을 핥아먹을 정도로 좋아해요. 그릇 비우는 속도가 달라졌어요. 강력 추천해요.,1
O01182,C0249,P0333,F0121,간식,웰시코기,중형,8.2,시니어,9.8,,,2026-05-13,1,3,다이어트 중이라 저칼로리 간식으로 골랐어요. 냄새는 좋아하는데 크기가 커서 나눠줘야 해요. 그냥저냥 주고 있어요~,0
O01183,C0249,P0333,F0044,사료,웰시코기,중형,8.2,시니어,9.8,,,2026-05-24,1,5,첫 사료라 고민 많이 하다가 골랐어요. 소화가 잘 되는지 방귀 냄새도 줄었어요. 우리 아이가 정말 잘 먹어요~,0
O01184,C0249,P0333,F0136,간식,웰시코기,중형,8.2,시니어,9.8,,,2026-06-03,2,4,한 개 주면 더 달라고 계속 쳐다봐요. 많이 먹어도 속이 편한지 컨디션이 좋아요. 훈련용으로 계속 재구매할 것 같아요.,0
O01185,C0249,P0333,F0095,사료,웰시코기,중형,8.2,시니어,9.8,,,2026-06-09,1,4,양은 적당한데 곡물이 들어있어서 우리 아이한테는 살짝 안 맞았어요. 다리가 짧아도 식욕은 왕성해서 순식간에 먹어치워요. 재구매 예정입니다.,0
O01186,C0249,P0333,F0033,사료,웰시코기,중형,8.2,시니어,9.8,,,2026-06-14,3,4,냄새를 맡자마자 좋아하더라고요. 편식하던 아이인데 이건 남김없이 먹어요. 이빨이 약해진 나이라 부드러운 걸 좋아해요. 강력 추천해요.,0
O01187,C0249,P0333,F0107,간식,웰시코기,중형,8.2,시니어,9.8,,,2026-06-25,3,3,장난감 대신 씹을 거리로 골랐어요. 잘 씹어 먹긴 하는데 양이 너무 적어서 금방 없어져요. 무난하게 급여 중입니다ㅜㅜ,0
O01188,C0249,P0333,F0025,사료,웰시코기,중형,8.2,시니어,9.8,,,2026-06-30,1,4,리뷰 좋길래 반신반의로 시켜봤어요. 변 색깔이랑 굳기가 딱 좋아요. 활동량이 있는 편이라 이 정도는 금방 먹어요.,0
O01189,C0249,P0333,F0135,간식,웰시코기,중형,8.2,시니어,9.8,,,2026-07-18,3,4,새로운 맛 궁금해서 시켜봤어요. 소분하기 좋게 포장돼 있어서 편해요. 편식하는 아이도 이건 잘 먹어요. 다른 맛도 사보려고요.,1
O01190,C0250,P0334,F0151,간식,포메라니안,소형,3.1,성견,2.1,소고기 알레르기,비만 관리 중,2025-09-03,1,4,치석 관리용으로 알아보다 샀어요. 크기가 적당해서 소형견도 먹기 편해요. 손에 들자마자 꼬리 흔들며 달려와요.,0
O01191,C0250,P0334,F0062,사료,포메라니안,소형,3.1,성견,2.1,소고기 알레르기,비만 관리 중,2026-02-25,1,3,동물병원에서 체중 관리용으로 추천받았어요. 나쁘지 않아요.,0
O01192,C0250,P0334,F0013,사료,포메라니안,소형,3.1,성견,2.1,소고기 알레르기,비만 관리 중,2026-04-17,1,4,입질 심한 아이라 소화 잘되는 걸로 찾았어요. 먹는 건 좋아하는데 방귀 냄새가 심해졌어요. 털이 풍성한 아이라 그런지 피모 개선 효과가 보여요. 효과가 좋아서 재구매 의사 있어요.,1
O01193,C0251,P0335,F0131,간식,비글,중형,10.6,퍼피,0.7,,,2026-02-07,1,5,훈련용으로 쓰려고 구매했어요. 많이 먹어도 속이 편한지 컨디션이 좋아요. 치석 제거 효과가 있는지 이빨이 깨끗해졌어요. 이갈이 시기라 씹는 걸 좋아해요. 효과가 좋아서 재구매 의사 있어요.,1
O01194,C0252,P0336,F0080,사료,비글,중형,11.1,시니어,9.2,,,2026-02-04,1,1,대형견이라 그런지 사료값이 만만치 않아서 가성비 좋은 걸로 골랐어요. 그릇 앞에서 킁킁거리기만 하고 돌아서요. 비글답게 먹는 거라면 다 좋아해요. 재구매 의사 없어요!!,0
O01195,C0252,P0336,F0049,사료,비글,중형,11.1,시니어,9.2,,,2026-03-19,1,5,예민한 장 때문에 저자극 사료 찾던 중이었어요. 기호성은 좋은데 변이 자주 묽게 나와서 고민이에요.,0
O01196,C0252,P0336,F0049,사료,비글,중형,11.1,시니어,9.2,,,2026-06-19,2,4,기존 사료 단종돼서 급하게 대체품 찾았어요. 털에 윤기가 도는 게 눈에 보여요. 밥 시간마다 꼬리를 흔들면서 달려와요. 주변 강아지 친구들에게도 추천했어요.,1
O01197,C0252,P0337,F0052,사료,요크셔테리어,소형,5.8,성견,5.8,,,2026-01-12,3,5,퍼피 전용으로 바꿔주려고 구매했어요. 활력이 좋아진 것 같아요. 물에 불리지 않아도 잘 먹어요. 소형견 특유의 예민한 장인데도 탈 없이 잘 먹어요.,0
O01198,C0252,P0337,F0080,사료,요크셔테리어,소형,5.8,성견,5.8,,,2026-03-15,1,5,다른 사료 다 먹여봤는데 이게 제일 잘 맞아서 재구매했어요. 변 상태가 훨씬 단단해졌어요.,0
O01199,C0252,P0337,F0043,사료,요크셔테리어,소형,5.8,성견,5.8,,,2026-06-19,1,4,수의사 추천으로 바꿔봤어요. 장이 편안한지 컨디션이 좋아 보여요. 이 사료로 계속 갈 것 같아요.,0
O01200,C0252,P0337,F0045,사료,요크셔테리어,소형,5.8,성견,5.8,,,2026-07-19,1,3,다른 사료 다 먹여봤는데 이게 제일 잘 맞아서 재구매했어요. 잘 먹는데 사료 냄새가 집안에 좀 남아요.,1
O01201,C0253,P0338,F0098,사료,비글,중형,12.2,성견,6.9,,비만 관리 중,2024-04-29,1,5,입질 심한 아이라 소화 잘되는 걸로 찾았어요. 변 상태가 훨씬 단단해졌어요. 그릇 비우는 속도가 달라졌어요.,0
O01202,C0253,P0338,F0079,사료,비글,중형,12.2,성견,6.9,,비만 관리 중,2024-10-25,1,4,기존 사료 단종돼서 급하게 대체품 찾았어요. 편식하던 아이인데 이건 남김없이 먹어요. 변 색깔이랑 굳기가 딱 좋아요. 비글답게 먹는 거라면 다 좋아해요. 이 사료로 계속 갈 것 같아요.,0
O01203,C0253,P0338,F0008,사료,비글,중형,12.2,성견,6.9,,비만 관리 중,2026-07-16,1,4,대형견이라 그런지 사료값이 만만치 않아서 가성비 좋은 걸로 골랐어요. 밥 시간마다 꼬리를 흔들면서 달려와요. 재구매 예정입니다.,1
O01204,C0254,P0339,F0058,사료,웰시코기,중형,16.7,시니어,8.3,곡물 알레르기,,2026-06-08,1,4,첫 사료라 고민 많이 하다가 골랐어요. 소화가 잘 되는지 방귀 냄새도 줄었어요. 효과가 좋아서 재구매 의사 있어요~,0
O01205,C0254,P0339,F0014,사료,웰시코기,중형,16.7,시니어,8.3,곡물 알레르기,,2026-06-25,3,3,동물병원에서 체중 관리용으로 추천받았어요. 잘 먹기는 하는데 변이 좀 무르게 나와요. 나이가 있어서 그런지 예전보다 적게 먹네요. 무난하게 급여 중입니다.,1
O01206,C0255,P0340,F0157,간식,요크셔테리어,소형,6.7,성견,3.8,,,2026-03-04,3,5,여행 갈 때 간식으로 챙기려고 샀어요. 냄새는 좋아하는데 크기가 커서 나눠줘야 해요. 소형견 특유의 예민한 장인데도 탈 없이 잘 먹어요. 강아지들 사이에서 인기템이에요.,0
O01207,C0255,P0340,F0082,사료,요크셔테리어,소형,6.7,성견,3.8,,,2026-03-10,1,5,퍼피 전용으로 바꿔주려고 구매했어요. 맛은 있나 본데 변 냄새가 너무 독해졌어요. 소형견 특유의 예민한 장인데도 탈 없이 잘 먹어요. 주변 강아지 친구들에게도 추천했어요.,0
O01208,C0255,P0340,F0053,사료,요크셔테리어,소형,6.7,성견,3.8,,,2026-06-09,1,5,시니어 사료로 갈아탈 시기가 돼서 주문했어요. 털에 윤기가 도는 게 눈에 보여요. 소형견 특유의 예민한 장인데도 탈 없이 잘 먹어요. 강력 추천해요.,1
O01209,C0255,P0341,F0016,사료,요크셔테리어,소형,5.1,퍼피,0.5,,,2025-05-31,1,5,곡물 알레르기 있어서 곡물프리로 알아보다 구매했어요. 우리 아이가 정말 잘 먹어요. 장이 편안한지 컨디션이 좋아 보여요. 입이 작은 아이라 한 번에 많이는 못 먹어요. 이 사료로 계속 갈 것 같아요.,0
O01210,C0255,P0341,F0019,사료,요크셔테리어,소형,5.1,퍼피,0.5,,,2025-07-15,1,5,예민한 장 때문에 저자극 사료 찾던 중이었어요. 기호성은 최고인데 며칠 먹이니 살짝 가려워하더라고요. 주변 강아지 친구들에게도 추천했어요~,0
O01211,C0255,P0341,F0168,간식,요크셔테리어,소형,5.1,퍼피,0.5,,,2025-07-19,2,5,미용 보상용으로 하나 사봤어요. 냄새 맡자마자 자리에 앉아서 기다려요.,0
O01212,C0255,P0341,F0082,사료,요크셔테리어,소형,5.1,퍼피,0.5,,,2025-10-03,1,5,대용량으로 시켜봤어요. 물에 불리지 않아도 잘 먹어요. 활력이 좋아진 것 같아요. 재구매 예정입니다.,0
O01213,C0255,P0341,F0102,간식,요크셔테리어,소형,5.1,퍼피,0.5,,,2026-02-28,5,5,심심할 때 주려고 대용량으로 샀어요. 한 개 주면 더 달라고 계속 쳐다봐요. 이갈이 시기라 씹는 걸 좋아해요. 훈련용으로 계속 재구매할 것 같아요.,0
O01214,C0255,P0341,F0016,사료,요크셔테리어,소형,5.1,퍼피,0.5,,,2026-03-17,1,3,수의사 추천으로 바꿔봤어요. 적응 기간엔 잘 먹었는데 점점 흥미를 잃는 것 같아요. 그럭저럭 먹이고 있어요.,1
O01215,C0256,P0342,F0022,사료,시츄,소형,4.7,시니어,11.4,,,2025-02-14,3,5,소형견이라 알갱이 작은 걸로 찾다가 발견했어요. 냄새를 맡자마자 좋아하더라고요. 소형견이라 알갱이(크기)가 딱 맞아요. 강력 추천해요.,0
O01216,C0256,P0342,F0091,사료,시츄,소형,4.7,시니어,11.4,,,2025-04-02,2,5,사료 그릇을 핥아먹을 정도로 좋아해요. 털에 윤기가 도는 게 눈에 보여요. 입이 작은 아이라 한 번에 많이는 못 먹어요. 효과가 좋아서 재구매 의사 있어요.,1
O01217,C0257,P0343,F0072,사료,포메라니안,소형,6.1,시니어,10.8,,,2025-07-25,1,1,리뷰 좋길래 반신반의로 시켜봤어요. 다른 간식 섞어줘야 겨우 먹어요. 입이 작은 아이라 한 번에 많이는 못 먹어요.,0
O01218,C0257,P0343,F0160,간식,포메라니안,소형,6.1,시니어,10.8,,,2026-01-30,3,4,심심할 때 주려고 대용량으로 샀어요. 맛있게는 먹는데 가격이 좀 부담돼요. 노령견이라 소화가 잘 되는지 걱정했는데 다행히 괜찮아요. 효과가 좋아서 재구매 의사 있어요ㅜㅜ,0
O01219,C0257,P0343,F0075,사료,포메라니안,소형,6.1,시니어,10.8,,,2026-03-13,2,4,곡물 알레르기 있어서 곡물프리로 알아보다 구매했어요. 변 색깔이랑 굳기가 딱 좋아요. 장이 편안한지 컨디션이 좋아 보여요. 재구매 예정입니다.,0
O01220,C0257,P0343,F0092,사료,포메라니안,소형,6.1,시니어,10.8,,,2026-03-25,2,4,다른 사료 다 먹여봤는데 이게 제일 잘 맞아서 재구매했어요. 냄새를 맡자마자 좋아하더라고요. 소화가 잘 되는지 방귀 냄새도 줄었어요. 소형견이라 알갱이(크기)가 딱 맞아요. 이 사료로 계속 갈 것 같아요.,0
O01221,C0257,P0343,F0091,사료,포메라니안,소형,6.1,시니어,10.8,,,2026-06-23,1,4,소형견이라 알갱이 작은 걸로 찾다가 발견했어요. 잘 먹는 편인데 가끔 토를 해서 지켜보고 있어요~,0
O01222,C0257,P0343,F0045,사료,포메라니안,소형,6.1,시니어,10.8,,,2026-06-29,1,5,가격은 좀 있는데 그만큼 잘 먹어서 만족해요.,1
O01223,C0258,P0344,F0122,간식,요크셔테리어,소형,6.4,퍼피,0.5,,비만 관리 중,2024-12-23,3,5,미용 보상용으로 하나 사봤어요. 너무 딱딱하지 않아서 노령견도 잘 씹어요. 훈련할 때 반응이 확실히 좋아졌어요. 다른 맛도 사보려고요.,0
O01224,C0258,P0344,F0067,사료,요크셔테리어,소형,6.4,퍼피,0.5,,비만 관리 중,2026-05-23,1,4,밥 시간마다 꼬리를 흔들면서 달려와요. 우리 아이가 정말 잘 먹어요.,1
O01225,C0259,P0345,F0107,간식,시츄,소형,5.2,성견,4.3,,,2025-01-13,2,5,소형견용 작은 사이즈로 찾다가 발견했어요. 손에 들자마자 꼬리 흔들며 달려와요. 소분하기 좋게 포장돼 있어서 편해요. 훈련용으로 계속 재구매할 것 같아요.,0
O01226,C0259,P0345,F0152,간식,시츄,소형,5.2,성견,4.3,,,2026-02-09,1,1,여행 갈 때 간식으로 챙기려고 샀어요. 부스러기가 많이 떨어져서 청소가 번거로워요. 간식 먹고 나서 변이 물러졌어요. 다른 브랜드로 바꿔보려고요.,0
O01227,C0259,P0345,F0008,사료,시츄,소형,5.2,성견,4.3,,,2026-04-17,1,4,기존 사료 단종돼서 급하게 대체품 찾았어요. 편식하던 아이인데 이건 남김없이 먹어요. 강력 추천해요.,1
O01228,C0260,P0346,F0169,간식,비숑프리제,소형,6.7,시니어,9.8,,,2025-05-12,1,4,장난감 대신 씹을 거리로 골랐어요. 치석 제거 효과가 있는지 이빨이 깨끗해졌어요. 너무 딱딱하지 않아서 노령견도 잘 씹어요. 소형견이라 알갱이(크기)가 딱 맞아요. 강아지들 사이에서 인기템이에요.,0
O01229,C0260,P0346,F0073,사료,비숑프리제,소형,6.7,시니어,9.8,,,2025-11-25,1,4,양은 적당한데 곡물이 들어있어서 우리 아이한테는 살짝 안 맞았어요. 소형견이라 알갱이(크기)가 딱 맞아요. 효과가 좋아서 재구매 의사 있어요.,0
O01230,C0260,P0346,F0130,간식,비숑프리제,소형,6.7,시니어,9.8,,,2026-03-07,1,2,"퍼피용 부드러운 간식 찾던 중이었어요. 좋아하긴 하는데 며칠 먹이니 살짝 가려워하는 것 같아요. 전혀 안 먹어요, 비추합니다.",1
O01231,C0261,P0347,F0088,사료,진돗개,대형,26.6,시니어,10.1,특정 단백질 민감,신장 관리식 필요,2026-05-10,1,5,대형견이라 그런지 사료값이 만만치 않아서 가성비 좋은 걸로 골랐어요. 변 상태가 훨씬 단단해졌어요. 사료 그릇을 핥아먹을 정도로 좋아해요. 주변 강아지 친구들에게도 추천했어요.,0
O01232,C0261,P0347,F0112,간식,진돗개,대형,26.6,시니어,10.1,특정 단백질 민감,신장 관리식 필요,2026-06-03,1,5,산책 보상용으로 구매했어요. 잘 먹긴 하는데 너무 딱딱해서 걱정돼요. 효과가 좋아서 재구매 의사 있어요!!,0
O01233,C0261,P0347,F0149,간식,진돗개,대형,26.6,시니어,10.1,특정 단백질 민감,신장 관리식 필요,2026-07-23,1,5,치석 관리용으로 알아보다 샀어요. 냄새 맡자마자 자리에 앉아서 기다려요. 편식하는 아이도 이건 잘 먹어요. 덩치가 커서 그런지 먹는 양도 많아요. 훈련용으로 계속 재구매할 것 같아요.,0
O01234,C0261,P0347,F0067,사료,진돗개,대형,26.6,시니어,10.1,특정 단백질 민감,신장 관리식 필요,2026-08-04,1,5,냄새 맡고 좋아하긴 하는데 이상하게 살은 안 쪄요. 덩치가 커서 그런지 먹는 양도 많아요.,1
O01235,C0262,P0348,F0073,사료,셰퍼드,대형,38.2,성견,3.1,,,2025-06-29,1,3,리뷰 좋길래 반신반의로 시켜봤어요. 특별히 좋지도 나쁘지도 않아요. 그냥 그래요. 무난하게 급여 중입니다ㅜㅜ,0
O01236,C0262,P0348,F0164,간식,셰퍼드,대형,38.2,성견,3.1,,,2025-10-08,3,3,새로운 맛 궁금해서 시켜봤어요. 무난하게 주고 있어요. 보통이에요. 덩치가 커서 그런지 먹는 양도 많아요. 그냥저냥 주고 있어요.,0
O01237,C0262,P0348,F0034,사료,셰퍼드,대형,38.2,성견,3.1,,,2025-10-23,1,3,첫 사료라 고민 많이 하다가 골랐어요. 먹는 건 좋아하는데 방귀 냄새가 심해졌어요. 대형견이라 그런지 양이 금방 줄어요. 그럭저럭 먹이고 있어요.,0
O01238,C0262,P0348,F0060,사료,셰퍼드,대형,38.2,성견,3.1,,,2025-12-24,1,5,활력이 좋아진 것 같아요. 물에 불리지 않아도 잘 먹어요. 대형견이라 그런지 양이 금방 줄어요.,0
O01239,C0262,P0348,F0170,간식,셰퍼드,대형,38.2,성견,3.1,,,2025-12-24,3,4,좋아하긴 하는데 먹고 나서 변이 좀 물러요.,0
O01240,C0262,P0348,F0049,사료,셰퍼드,대형,38.2,성견,3.1,,,2026-02-17,1,4,퍼피 전용으로 바꿔주려고 구매했어요. 기호성은 최고인데 며칠 먹이니 살짝 가려워하더라고요. 효과가 좋아서 재구매 의사 있어요.,1
O01241,C0262,P0349,F0019,사료,말티즈,소형,4.6,시니어,13.8,,,2025-05-07,1,5,시니어 사료로 갈아탈 시기가 돼서 주문했어요. 그릇 비우는 속도가 달라졌어요.,0
O01242,C0262,P0349,F0024,사료,말티즈,소형,4.6,시니어,13.8,,,2025-06-06,1,4,동물병원에서 체중 관리용으로 추천받았어요. 잘 먹는 편인데 가끔 토를 해서 지켜보고 있어요. 말티즈라 그런지 입이 짧아서 조금씩 자주 먹어요. 강력 추천해요.,0
O01243,C0262,P0349,F0013,사료,말티즈,소형,4.6,시니어,13.8,,,2025-06-20,2,5,예민한 장 때문에 저자극 사료 찾던 중이었어요. 편식하던 아이인데 이건 남김없이 먹어요. 이 사료로 계속 갈 것 같아요.,0
O01244,C0262,P0349,F0184,간식,말티즈,소형,4.6,시니어,13.8,,,2025-12-31,1,4,훈련용으로 쓰려고 구매했어요. 훈련할 때 반응이 확실히 좋아졌어요. 다른 맛도 사보려고요.,0
O01245,C0262,P0349,F0034,사료,말티즈,소형,4.6,시니어,13.8,,,2026-01-16,1,4,입질 심한 아이라 소화 잘되는 걸로 찾았어요. 냄새를 맡자마자 좋아하더라고요. 말티즈 특유로 까다롭게 골라 먹는 편인데 이건 잘 먹어요. 재구매 예정입니다.,0
O01246,C0262,P0349,F0089,사료,말티즈,소형,4.6,시니어,13.8,,,2026-01-19,1,1,"대용량으로 시켜봤어요. 설사를 해서 바로 끊었어요. 전혀 안 먹어요, 비추합니다.",0
O01247,C0262,P0349,F0045,사료,말티즈,소형,4.6,시니어,13.8,,,2026-02-04,1,4,수의사 추천으로 바꿔봤어요. 적응 기간엔 잘 먹었는데 점점 흥미를 잃는 것 같아요.,0
O01248,C0262,P0349,F0178,간식,말티즈,소형,4.6,시니어,13.8,,,2026-07-09,1,4,다이어트 중이라 저칼로리 간식으로 골랐어요. 잘 먹는데 부스러기가 너무 많이 떨어져요. 강아지들 사이에서 인기템이에요.,1
O01249,C0263,P0350,F0062,사료,말티즈,소형,3.3,시니어,12.0,,,2023-03-21,3,4,곡물 알레르기 있어서 곡물프리로 알아보다 구매했어요. 변 상태가 훨씬 단단해졌어요. 사료 그릇을 핥아먹을 정도로 좋아해요. 이빨이 약해진 나이라 부드러운 걸 좋아해요. 주변 강아지 친구들에게도 추천했어요.,0
O01250,C0263,P0350,F0014,사료,말티즈,소형,3.3,시니어,12.0,,,2025-10-04,1,3,다른 사료 다 먹여봤는데 이게 제일 잘 맞아서 재구매했어요. 무난하게 먹입니다. 말티즈 특유로 까다롭게 골라 먹는 편인데 이건 잘 먹어요. 무난하게 급여 중입니다.,0
O01251,C0263,P0350,F0196,간식,말티즈,소형,3.3,시니어,12.0,,,2026-03-24,1,4,이빨 약한 노령견용으로 부드러운 걸 찾았어요. 크기가 적당해서 소형견도 먹기 편해요. 말티즈라 그런지 입이 짧아서 조금씩 자주 먹어요. 다른 맛도 사보려고요.,1
O01252,C0263,P0351,F0070,사료,치와와,소형,6.8,퍼피,0.5,,,2024-03-14,1,4,대형견이라 그런지 사료값이 만만치 않아서 가성비 좋은 걸로 골랐어요. 우리 아이가 정말 잘 먹어요. 활력이 좋아진 것 같아요. 강력 추천해요.,0
O01253,C0263,P0351,F0189,간식,치와와,소형,6.8,퍼피,0.5,,,2024-12-02,3,4,심심할 때 주려고 대용량으로 샀어요. 한 개 주면 더 달라고 계속 쳐다봐요.,0
O01254,C0263,P0351,F0093,사료,치와와,소형,6.8,퍼피,0.5,,,2025-03-14,3,5,밥 시간마다 꼬리를 흔들면서 달려와요. 효과가 좋아서 재구매 의사 있어요.,0
O01255,C0263,P0351,F0015,사료,치와와,소형,6.8,퍼피,0.5,,,2026-03-21,1,3,예민한 장 때문에 저자극 사료 찾던 중이었어요. 나쁘지 않아요. 무난하게 먹입니다. 그럭저럭 먹이고 있어요.,1
O01256,C0263,P0352,F0062,사료,미니어처닥스훈트,소형,5.9,퍼피,0.6,,,2023-06-07,2,3,퍼피 전용으로 바꿔주려고 구매했어요. 맛은 있나 본데 변 냄새가 너무 독해졌어요. 소형견이라 알갱이(크기)가 딱 맞아요. 그럭저럭 먹이고 있어요.,0
O01257,C0263,P0352,F0028,사료,미니어처닥스훈트,소형,5.9,퍼피,0.6,,,2024-07-24,1,4,리뷰 좋길래 반신반의로 시켜봤어요. 소화가 잘 되는지 방귀 냄새도 줄었어요. 장이 편안한지 컨디션이 좋아 보여요. 소형견이라 알갱이(크기)가 딱 맞아요. 이 사료로 계속 갈 것 같아요.,0
O01258,C0263,P0352,F0176,간식,미니어처닥스훈트,소형,5.9,퍼피,0.6,,,2024-09-24,1,4,산책 보상용으로 구매했어요. 처음엔 잘 먹더니 물려하는지 요즘은 시큰둥해요.,0
O01259,C0263,P0352,F0023,사료,미니어처닥스훈트,소형,5.9,퍼피,0.6,,,2025-03-21,1,5,소형견이라 알갱이 작은 걸로 찾다가 발견했어요. 물에 불리지 않아도 잘 먹어요. 변 색깔이랑 굳기가 딱 좋아요. 성장기라 그런지 잘 먹고 살도 오르는 것 같아요. 재구매 예정입니다.,0
O01260,C0263,P0352,F0149,간식,미니어처닥스훈트,소형,5.9,퍼피,0.6,,,2025-06-27,1,5,많이 먹어도 속이 편한지 컨디션이 좋아요. 효과가 좋아서 재구매 의사 있어요.,0
O01261,C0263,P0352,F0136,간식,미니어처닥스훈트,소형,5.9,퍼피,0.6,,,2025-10-09,5,5,훈련용으로 쓰려고 구매했어요. 소분하기 좋게 포장돼 있어서 편해요. 이갈이 시기라 씹는 걸 좋아해요. 강아지들 사이에서 인기템이에요!!,1
O01262,C0264,P0353,F0025,사료,시츄,소형,4.9,시니어,11.3,,,2026-02-10,2,5,수의사 추천으로 바꿔봤어요. 털에 윤기가 도는 게 눈에 보여요. 입이 작은 아이라 한 번에 많이는 못 먹어요. 주변 강아지 친구들에게도 추천했어요.,0
O01263,C0264,P0353,F0019,사료,시츄,소형,4.9,시니어,11.3,,,2026-05-09,3,4,그릇 비우는 속도가 달라졌어요. 소화가 잘 되는지 방귀 냄새도 줄었어요. 재구매 예정입니다.,0
O01264,C0264,P0353,F0104,간식,시츄,소형,4.9,시니어,11.3,,,2026-05-14,5,1,다이어트 중이라 저칼로리 간식으로 골랐어요. 처음만 좋아하고 그다음부턴 안 먹으려 해요. 너무 딱딱해서 잘 못 씹어요. 입이 짧은 시츄인데도 잘 먹어요. 재구매 의사는 없어요.,1
O01265,C0265,P0354,F0024,사료,진돗개,대형,34.2,퍼피,0.4,,,2024-03-30,1,4,첫 사료라 고민 많이 하다가 골랐어요. 물에 불리지 않아도 잘 먹어요. 그릇 비우는 속도가 달라졌어요. 이 사료로 계속 갈 것 같아요.,0
O01266,C0265,P0354,F0183,간식,진돗개,대형,34.2,퍼피,0.4,,,2024-05-05,2,2,미용 보상용으로 하나 사봤어요. 잘 씹어 먹긴 하는데 양이 너무 적어서 금방 없어져요. 이갈이 시기라 씹는 걸 좋아해요. 다른 브랜드로 바꿔보려고요.,0
O01267,C0265,P0354,F0084,사료,진돗개,대형,34.2,퍼피,0.4,,,2025-01-18,1,5,동물병원에서 체중 관리용으로 추천받았어요. 우리 아이가 정말 잘 먹어요. 털에 윤기가 도는 게 눈에 보여요. 효과가 좋아서 재구매 의사 있어요.,0
O01268,C0265,P0354,F0089,사료,진돗개,대형,34.2,퍼피,0.4,,,2026-05-06,1,4,시니어 사료로 갈아탈 시기가 돼서 주문했어요. 변 상태가 훨씬 단단해졌어요. 사료 그릇을 핥아먹을 정도로 좋아해요.,1
O01269,C0266,P0355,F0069,사료,웰시코기,중형,17.0,퍼피,0.8,,,2025-07-08,1,4,"기존 사료 단종돼서 급하게 대체품 찾았어요. 처음엔 잘 먹더니 요즘은 시들해요, 그래도 소화는 잘 되는 것 같아요. 강력 추천해요.",0
O01270,C0266,P0355,F0107,간식,웰시코기,중형,17.0,퍼피,0.8,,,2025-07-22,1,4,치석 관리용으로 알아보다 샀어요. 많이 먹어도 속이 편한지 컨디션이 좋아요.,0
O01271,C0266,P0355,F0092,사료,웰시코기,중형,17.0,퍼피,0.8,,,2025-07-26,1,1,입질 심한 아이라 소화 잘되는 걸로 찾았어요. 소화가 잘 안 되는지 토를 몇 번 했어요. 재구매 의사 없어요ㅜㅜ,0
O01272,C0266,P0355,F0058,사료,웰시코기,중형,17.0,퍼피,0.8,,,2026-04-30,1,4,대용량으로 시켜봤어요. 잘 먹는데 사료 냄새가 집안에 좀 남아요. 주변 강아지 친구들에게도 추천했어요.,1
O01273,C0267,P0356,F0108,간식,시츄,소형,3.0,퍼피,0.6,,,2023-12-25,1,5,손에 들자마자 꼬리 흔들며 달려와요. 너무 딱딱하지 않아서 노령견도 잘 씹어요. 훈련용으로 계속 재구매할 것 같아요.,0
O01274,C0267,P0356,F0028,사료,시츄,소형,3.0,퍼피,0.6,,,2024-09-20,1,4,대용량으로 시켜봤어요. 기호성은 좋은데 변이 자주 묽게 나와서 고민이에요. 효과가 좋아서 재구매 의사 있어요.,0
O01275,C0267,P0356,F0129,간식,시츄,소형,3.0,퍼피,0.6,,,2024-11-25,2,5,퍼피용 부드러운 간식 찾던 중이었어요. 냄새 맡자마자 자리에 앉아서 기다려요. 치석 제거 효과가 있는지 이빨이 깨끗해졌어요. 훈련용으로 계속 재구매할 것 같아요.,0
O01276,C0267,P0356,F0185,간식,시츄,소형,3.0,퍼피,0.6,,,2024-12-31,1,5,소형견용 작은 사이즈로 찾다가 발견했어요. 훈련할 때 반응이 확실히 좋아졌어요. 크기가 적당해서 소형견도 먹기 편해요. 눈물자국이 줄어든 것 같기도 해요. 다른 맛도 사보려고요.,1
O01277,C0268,P0357,F0149,간식,프렌치불독,중형,15.5,성견,4.1,,,2023-10-17,1,5,새로운 맛 궁금해서 시켜봤어요. 편식하는 아이도 이건 잘 먹어요. 한 개 주면 더 달라고 계속 쳐다봐요. 활동량이 있는 편이라 이 정도는 금방 먹어요.,0
O01278,C0268,P0357,F0100,사료,프렌치불독,중형,15.5,성견,4.1,,,2025-07-15,1,2,변 냄새가 심해졌어요. 다른 사료 알아보려고요.,1
O01279,C0268,P0358,F0076,사료,래브라도리트리버,대형,22.5,퍼피,0.6,소고기 알레르기,,2023-07-16,1,3,잘 먹기는 하는데 변이 좀 무르게 나와요. 무난하게 급여 중입니다.,0
O01280,C0268,P0358,F0086,사료,래브라도리트리버,대형,22.5,퍼피,0.6,소고기 알레르기,,2024-12-28,3,3,곡물 알레르기 있어서 곡물프리로 알아보다 구매했어요. 그냥 그래요. 특별히 좋지도 나쁘지도 않아요. 성장기라 그런지 잘 먹고 살도 오르는 것 같아요. 무난하게 급여 중입니다.,0
O01281,C0268,P0358,F0011,사료,래브라도리트리버,대형,22.5,퍼피,0.6,소고기 알레르기,,2025-02-11,1,5,입질 심한 아이라 소화 잘되는 걸로 찾았어요. 장이 편안한지 컨디션이 좋아 보여요. 변 색깔이랑 굳기가 딱 좋아요. 이갈이 시기라 씹는 걸 좋아해요. 주변 강아지 친구들에게도 추천했어요.,0
O01282,C0268,P0358,F0091,사료,래브라도리트리버,대형,22.5,퍼피,0.6,소고기 알레르기,,2025-06-04,1,3,첫 사료라 고민 많이 하다가 골랐어요. 가격 대비 괜찮아요. 보통이에요. 피부에 발진이 올라와서 놀랐어요. 이갈이 시기라 씹는 걸 좋아해요. 그럭저럭 먹이고 있어요.,1
O01283,C0269,P0359,F0158,간식,미니어처닥스훈트,소형,3.8,퍼피,0.5,,,2024-12-03,2,5,훈련할 때 반응이 확실히 좋아졌어요.,0
O01284,C0269,P0359,F0010,사료,미니어처닥스훈트,소형,3.8,퍼피,0.5,,,2024-12-12,1,4,밥 시간마다 꼬리를 흔들면서 달려와요. 편식하던 아이인데 이건 남김없이 먹어요. 입이 작은 아이라 한 번에 많이는 못 먹어요!!,0
O01285,C0269,P0359,F0078,사료,미니어처닥스훈트,소형,3.8,퍼피,0.5,,,2026-08-08,1,5,예민한 장 때문에 저자극 사료 찾던 중이었어요. 활력이 좋아진 것 같아요. 냄새를 맡자마자 좋아하더라고요. 허리가 약한 아이라 체중 관리에 신경 쓰는데 도움이 되는 것 같아요. 강력 추천해요.,1
O01286,C0269,P0360,F0055,사료,미니어처닥스훈트,소형,6.6,성견,2.8,,,2024-01-18,1,5,활력이 좋아진 것 같아요. 허리가 약한 아이라 체중 관리에 신경 쓰는데 도움이 되는 것 같아요. 재구매 예정입니다.,0
O01287,C0269,P0360,F0088,사료,미니어처닥스훈트,소형,6.6,성견,2.8,,,2024-06-11,1,5,밥 시간마다 꼬리를 흔들면서 달려와요. 이 사료로 계속 갈 것 같아요.,1
O01288,C0270,P0361,F0002,사료,토이푸들,소형,2.1,퍼피,0.4,,치아가 약함,2024-10-10,2,5,동물병원에서 체중 관리용으로 추천받았어요. 가격은 좀 있는데 그만큼 잘 먹어서 만족해요. 이갈이 시기라 씹는 걸 좋아해요. 이 사료로 계속 갈 것 같아요~,0
O01289,C0270,P0361,F0164,간식,토이푸들,소형,2.1,퍼피,0.4,,치아가 약함,2025-05-27,2,1,"장난감 대신 씹을 거리로 골랐어요. 생각보다 딱딱해서 이빨 약한 아이는 힘들어해요. 냄새는 좋아하는데 막상 안 먹어요. 전혀 안 먹어요, 비추합니다.",0
O01290,C0270,P0361,F0195,간식,토이푸들,소형,2.1,퍼피,0.4,,치아가 약함,2026-06-19,3,4,너무 딱딱하지 않아서 노령견도 잘 씹어요. 효과가 좋아서 재구매 의사 있어요ㅜㅜ,0
O01291,C0270,P0361,F0026,사료,토이푸들,소형,2.1,퍼피,0.4,,치아가 약함,2026-07-02,1,3,다른 사료 다 먹여봤는데 이게 제일 잘 맞아서 재구매했어요. 맛은 있나 본데 변 냄새가 너무 독해졌어요. 그럭저럭 먹이고 있어요.,1
O01292,C0271,P0362,F0159,간식,비숑프리제,소형,6.0,시니어,11.0,,치아가 약함,2023-10-18,2,5,여행 갈 때 간식으로 챙기려고 샀어요. 소분하기 좋게 포장돼 있어서 편해요. 편식하는 아이도 이건 잘 먹어요. 입이 작은 아이라 한 번에 많이는 못 먹어요.,0
O01293,C0271,P0362,F0035,사료,비숑프리제,소형,6.0,시니어,11.0,,치아가 약함,2024-04-27,2,1,변이 좀 무르게 나와요. 냄새는 맡는데 잘 안 먹어요. 환불 문의했어요.,0
O01294,C0271,P0362,F0017,사료,비숑프리제,소형,6.0,시니어,11.0,,치아가 약함,2024-05-06,2,5,대형견이라 그런지 사료값이 만만치 않아서 가성비 좋은 걸로 골랐어요. 우리 아이가 정말 잘 먹어요. 소화가 잘 되는지 방귀 냄새도 줄었어요~,0
O01295,C0271,P0362,F0128,간식,비숑프리제,소형,6.0,시니어,11.0,,치아가 약함,2024-05-09,1,4,이빨 약한 노령견용으로 부드러운 걸 찾았어요. 한 개 주면 더 달라고 계속 쳐다봐요. 손에 들자마자 꼬리 흔들며 달려와요. 소형견이라 알갱이(크기)가 딱 맞아요.,0
O01296,C0271,P0362,F0084,사료,비숑프리제,소형,6.0,시니어,11.0,,치아가 약함,2024-05-24,1,4,변 상태가 훨씬 단단해졌어요. 이빨이 약해진 나이라 부드러운 걸 좋아해요. 재구매 예정입니다.,0
O01297,C0271,P0362,F0004,사료,비숑프리제,소형,6.0,시니어,11.0,,치아가 약함,2024-09-30,3,2,리뷰 좋길래 반신반의로 시켜봤어요. 양은 적당한데 곡물이 들어있어서 우리 아이한테는 살짝 안 맞았어요!!,0
O01298,C0271,P0362,F0156,간식,비숑프리제,소형,6.0,시니어,11.0,,치아가 약함,2025-07-09,1,3,훈련용으로 쓰려고 구매했어요. 그냥 그래요. 무난하게 주고 있어요. 무난하게 급여 중입니다.,0
O01299,C0271,P0362,F0090,사료,비숑프리제,소형,6.0,시니어,11.0,,치아가 약함,2026-05-23,1,4,기존 사료 단종돼서 급하게 대체품 찾았어요. 사료 그릇을 핥아먹을 정도로 좋아해요. 편식하던 아이인데 이건 남김없이 먹어요. 강력 추천해요.,1
O01300,C0271,P0363,F0148,간식,요크셔테리어,소형,2.8,시니어,11.2,,,2023-06-22,2,4,냄새 맡자마자 자리에 앉아서 기다려요. 소형견이라 알갱이(크기)가 딱 맞아요.,0
O01301,C0271,P0363,F0116,간식,요크셔테리어,소형,2.8,시니어,11.2,,,2025-05-31,1,4,이빨 약한 노령견용으로 부드러운 걸 찾았어요. 치석 제거 효과가 있는지 이빨이 깨끗해졌어요. 크기가 적당해서 소형견도 먹기 편해요. 강아지들 사이에서 인기템이에요.,0
O01302,C0271,P0363,F0142,간식,요크셔테리어,소형,2.8,시니어,11.2,,,2025-06-10,1,5,잘 씹어 먹긴 하는데 양이 너무 적어서 금방 없어져요. 강아지들 사이에서 인기템이에요.,0
O01303,C0271,P0363,F0092,사료,요크셔테리어,소형,2.8,시니어,11.2,,,2026-02-01,2,3,퍼피 전용으로 바꿔주려고 구매했어요. 그럭저럭 먹고 있어요. 가격 대비 괜찮아요. 무난하게 급여 중입니다ㅜㅜ,1
O01304,C0272,P0364,F0125,간식,코커스패니얼,중형,16.3,성견,6.0,,,2026-03-02,3,5,퍼피용 부드러운 간식 찾던 중이었어요. 많이 먹어도 속이 편한지 컨디션이 좋아요. 냄새 맡자마자 자리에 앉아서 기다려요. 귀가 큰 편이라 먹을 때 귀가 그릇에 빠지곤 해요. 효과가 좋아서 재구매 의사 있어요.,0
O01305,C0272,P0364,F0011,사료,코커스패니얼,중형,16.3,성견,6.0,,,2026-04-18,3,4,수의사 추천으로 바꿔봤어요. 적응 기간엔 잘 먹었는데 점점 흥미를 잃는 것 같아요.,0
O01306,C0272,P0364,F0106,간식,코커스패니얼,중형,16.3,성견,6.0,,,2026-06-01,5,4,여행 갈 때 간식으로 챙기려고 샀어요. 크기가 적당해서 소형견도 먹기 편해요!!,1
O01307,C0273,P0365,F0008,사료,토이푸들,소형,3.3,시니어,13.2,,,2026-05-10,1,4,털에 윤기가 도는 게 눈에 보여요. 주변 강아지 친구들에게도 추천했어요.,0
O01308,C0273,P0365,F0083,사료,토이푸들,소형,3.3,시니어,13.2,,,2026-07-03,1,3,소형견이라 알갱이 작은 걸로 찾다가 발견했어요. 나쁘지 않아요. 그럭저럭 먹이고 있어요.,1
O01309,C0274,P0366,F0010,사료,골든리트리버,대형,39.7,시니어,8.5,,신장 관리식 필요,2025-04-18,2,4,시니어 사료로 갈아탈 시기가 돼서 주문했어요. 장이 편안한지 컨디션이 좋아 보여요. 효과가 좋아서 재구매 의사 있어요.,0
O01310,C0274,P0366,F0181,간식,골든리트리버,대형,39.7,시니어,8.5,,신장 관리식 필요,2025-06-09,1,4,산책 보상용으로 구매했어요. 한 개 주면 더 달라고 계속 쳐다봐요. 편식하는 아이도 이건 잘 먹어요. 훈련용으로 계속 재구매할 것 같아요.,0
O01311,C0274,P0366,F0183,간식,골든리트리버,대형,39.7,시니어,8.5,,신장 관리식 필요,2025-12-21,1,3,미용 보상용으로 하나 사봤어요. 가격 대비 괜찮아요. 보통이에요. 덩치가 커서 그런지 먹는 양도 많아요. 그냥저냥 주고 있어요.,1
O01312,C0275,P0367,F0102,간식,요크셔테리어,소형,2.6,시니어,11.9,,,2024-10-17,3,1,"치석 관리용으로 알아보다 샀어요. 과식했더니 토를 하더라고요. 처음만 좋아하고 그다음부턴 안 먹으려 해요. 전혀 안 먹어요, 비추합니다.",0
O01313,C0275,P0367,F0176,간식,요크셔테리어,소형,2.6,시니어,11.9,,,2025-10-19,1,3,심심할 때 주려고 대용량으로 샀어요. 나쁘지 않아요. 특별한 건 없어요. 입이 작은 아이라 한 번에 많이는 못 먹어요. 무난하게 급여 중입니다.,0
O01314,C0275,P0367,F0006,사료,요크셔테리어,소형,2.6,시니어,11.9,,,2026-03-28,2,4,소형견이라 알갱이 작은 걸로 찾다가 발견했어요. 변 색깔이랑 굳기가 딱 좋아요. 냄새를 맡자마자 좋아하더라고요. 효과가 좋아서 재구매 의사 있어요ㅜㅜ,1
O01315,C0276,P0368,F0175,간식,웰시코기,중형,16.5,성견,3.0,,,2023-06-22,1,4,소형견용 작은 사이즈로 찾다가 발견했어요. 훈련할 때 반응이 확실히 좋아졌어요. 소분하기 좋게 포장돼 있어서 편해요. 다른 맛도 사보려고요.,0
O01316,C0276,P0368,F0123,간식,웰시코기,중형,16.5,성견,3.0,,,2023-11-11,1,3,새로운 맛 궁금해서 시켜봤어요. 특별한 건 없어요. 활동량이 있는 편이라 이 정도는 금방 먹어요. 그냥저냥 주고 있어요.,0
O01317,C0276,P0368,F0060,사료,웰시코기,중형,16.5,성견,3.0,,,2023-12-01,1,5,다른 사료 다 먹여봤는데 이게 제일 잘 맞아서 재구매했어요. 냄새 맡고 좋아하긴 하는데 이상하게 살은 안 쪄요. 중형견이라 적당한 양인 것 같아요. 이 사료로 계속 갈 것 같아요.,0
O01318,C0276,P0368,F0082,사료,웰시코기,중형,16.5,성견,3.0,,,2025-03-07,1,5,예민한 장 때문에 저자극 사료 찾던 중이었어요. 잘 먹기는 하는데 변이 좀 무르게 나와요. 재구매 예정입니다~,1
O01319,C0276,P0369,F0137,간식,코커스패니얼,중형,9.1,성견,3.7,특정 단백질 민감,,2024-05-21,1,4,많이 먹어도 속이 편한지 컨디션이 좋아요. 치석 제거 효과가 있는지 이빨이 깨끗해졌어요. 훈련용으로 계속 재구매할 것 같아요.,0
O01320,C0276,P0369,F0102,간식,코커스패니얼,중형,9.1,성견,3.7,특정 단백질 민감,,2024-10-29,2,2,간식 먹고 나서 변이 물러졌어요. 크기가 너무 커서 소형견은 나눠줘야 해요. 재구매 의사는 없어요.,0
O01321,C0276,P0369,F0182,간식,코커스패니얼,중형,9.1,성견,3.7,특정 단백질 민감,,2026-03-18,1,4,다이어트 중이라 저칼로리 간식으로 골랐어요. 손에 들자마자 꼬리 흔들며 달려와요. 중형견이라 적당한 양인 것 같아요. 다른 맛도 사보려고요.,1
O01322,C0277,P0370,F0068,사료,토이푸들,소형,3.0,성견,1.6,,,2025-09-05,2,4,잘 먹는 편인데 가끔 토를 해서 지켜보고 있어요. 주변 강아지 친구들에게도 추천했어요.,0
O01323,C0277,P0370,F0041,사료,토이푸들,소형,3.0,성견,1.6,,,2025-09-07,2,3,수의사 추천으로 바꿔봤어요. 특별히 좋지도 나쁘지도 않아요. 푸들이라 활동량이 많아서 그런지 잘 먹고 소화도 잘돼요. 무난하게 급여 중입니다ㅜㅜ,0
O01324,C0277,P0370,F0087,사료,토이푸들,소형,3.0,성견,1.6,,,2025-12-25,1,4,물에 불리지 않아도 잘 먹어요. 소형견이라 알갱이(크기)가 딱 맞아요. 강력 추천해요ㅎㅎ,0
O01325,C0277,P0370,F0070,사료,토이푸들,소형,3.0,성견,1.6,,,2026-03-11,5,5,동물병원에서 체중 관리용으로 추천받았어요. 기호성은 최고인데 며칠 먹이니 살짝 가려워하더라고요.,0
O01326,C0277,P0370,F0166,간식,토이푸들,소형,3.0,성견,1.6,,,2026-03-29,1,5,너무 딱딱하지 않아서 노령견도 잘 씹어요. 많이 먹어도 속이 편한지 컨디션이 좋아요. 곱슬곱슬한 털이 더 부드러워진 것 같아요!!,0
O01327,C0277,P0370,F0055,사료,토이푸들,소형,3.0,성견,1.6,,,2026-04-06,3,5,퍼피 전용으로 바꿔주려고 구매했어요. 그릇 비우는 속도가 달라졌어요. 털에 윤기가 도는 게 눈에 보여요. 강력 추천해요.,0
O01328,C0277,P0370,F0104,간식,토이푸들,소형,3.0,성견,1.6,,,2026-04-15,2,3,장난감 대신 씹을 거리로 골랐어요. 맛있게는 먹는데 가격이 좀 부담돼요. 무난하게 급여 중입니다.,0
O01329,C0277,P0370,F0117,간식,토이푸들,소형,3.0,성견,1.6,,,2026-04-22,1,4,좋아하긴 하는데 며칠 먹이니 살짝 가려워하는 것 같아요. 입이 작은 아이라 한 번에 많이는 못 먹어요.,1
O01330,C0278,P0371,F0147,간식,치와와,소형,2.2,성견,6.5,,,2023-07-06,1,5,산책 보상용으로 구매했어요. 잘 먹긴 하는데 너무 딱딱해서 걱정돼요. 강아지들 사이에서 인기템이에요.,0
O01331,C0278,P0371,F0021,사료,치와와,소형,2.2,성견,6.5,,,2024-01-05,1,4,입질 심한 아이라 소화 잘되는 걸로 찾았어요. 소화가 잘 되는지 방귀 냄새도 줄었어요. 물에 불리지 않아도 잘 먹어요. 주변 강아지 친구들에게도 추천했어요.,1
O01332,C0279,P0372,F0099,사료,웰시코기,중형,15.7,성견,3.3,,,2024-04-15,2,2,"리뷰 좋길래 반신반의로 시켜봤어요. 소화가 잘 안 되는지 토를 몇 번 했어요. 설사를 해서 바로 끊었어요. 다리가 짧아도 식욕은 왕성해서 순식간에 먹어치워요. 전혀 안 먹어요, 비추합니다.",0
O01333,C0279,P0372,F0044,사료,웰시코기,중형,15.7,성견,3.3,,,2024-05-12,1,3,기존 사료 단종돼서 급하게 대체품 찾았어요. 잘 먹는데 사료 냄새가 집안에 좀 남아요.,0
O01334,C0279,P0372,F0026,사료,웰시코기,중형,15.7,성견,3.3,,,2025-02-09,1,4,시니어 사료로 갈아탈 시기가 돼서 주문했어요. 편식하던 아이인데 이건 남김없이 먹어요. 밥 시간마다 꼬리를 흔들면서 달려와요. 다리가 짧아도 식욕은 왕성해서 순식간에 먹어치워요~,0
O01335,C0279,P0372,F0068,사료,웰시코기,중형,15.7,성견,3.3,,,2025-06-08,1,4,첫 사료라 고민 많이 하다가 골랐어요. 사료 그릇을 핥아먹을 정도로 좋아해요. 변 색깔이랑 굳기가 딱 좋아요. 재구매 예정입니다.,1
O01336,C0280,P0373,F0093,사료,치와와,소형,4.7,퍼피,0.9,,,2026-03-02,1,4,대용량으로 시켜봤어요. 장이 편안한지 컨디션이 좋아 보여요. 우리 아이가 정말 잘 먹어요. 이갈이 시기라 씹는 걸 좋아해요. 이 사료로 계속 갈 것 같아요.,0
O01337,C0280,P0373,F0050,사료,치와와,소형,4.7,퍼피,0.9,,,2026-04-27,1,5,곡물 알레르기 있어서 곡물프리로 알아보다 구매했어요. 변 상태가 훨씬 단단해졌어요. 이갈이 시기라 씹는 걸 좋아해요. 효과가 좋아서 재구매 의사 있어요.,1
O01338,C0280,P0374,F0105,간식,비글,중형,11.6,시니어,13.3,,,2026-03-04,1,4,좋아하긴 하는데 먹고 나서 변이 좀 물러요. 식탐이 많은 아이라 순식간에 그릇을 비워요. 효과가 좋아서 재구매 의사 있어요.,0
O01339,C0280,P0374,F0168,간식,비글,중형,11.6,시니어,13.3,,,2026-04-01,2,5,심심할 때 주려고 대용량으로 샀어요. 소분하기 좋게 포장돼 있어서 편해요. 편식하는 아이도 이건 잘 먹어요. 나이가 있어서 그런지 예전보다 적게 먹네요. 강아지들 사이에서 인기템이에요.,0
O01340,C0280,P0374,F0150,간식,비글,중형,11.6,시니어,13.3,,,2026-07-03,1,4,소형견용 작은 사이즈로 찾다가 발견했어요. 크기가 적당해서 소형견도 먹기 편해요. 너무 딱딱하지 않아서 노령견도 잘 씹어요. 중형견이라 적당한 양인 것 같아요. 훈련용으로 계속 재구매할 것 같아요.,1
O01341,C0281,P0375,F0192,간식,미니어처닥스훈트,소형,5.6,성견,1.1,,,2025-12-27,1,5,다이어트 중이라 저칼로리 간식으로 골랐어요. 훈련할 때 반응이 확실히 좋아졌어요. 냄새 맡자마자 자리에 앉아서 기다려요. 허리가 약한 아이라 체중 관리에 신경 쓰는데 도움이 되는 것 같아요. 효과가 좋아서 재구매 의사 있어요.,0
O01342,C0281,P0375,F0080,사료,미니어처닥스훈트,소형,5.6,성견,1.1,,,2026-01-20,2,5,대형견이라 그런지 사료값이 만만치 않아서 가성비 좋은 걸로 골랐어요. 냄새를 맡자마자 좋아하더라고요. 활력이 좋아진 것 같아요.,0
O01343,C0281,P0375,F0088,사료,미니어처닥스훈트,소형,5.6,성견,1.1,,,2026-02-15,3,4,대형견이라 그런지 사료값이 만만치 않아서 가성비 좋은 걸로 골랐어요. 그릇 비우는 속도가 달라졌어요. 재구매 예정입니다.,0
O01344,C0281,P0375,F0062,사료,미니어처닥스훈트,소형,5.6,성견,1.1,,,2026-02-26,1,5,리뷰 좋길래 반신반의로 시켜봤어요. 그릇 비우는 속도가 달라졌어요. 이 사료로 계속 갈 것 같아요.,1
O01345,C0282,P0376,F0012,사료,비숑프리제,소형,4.3,시니어,12.5,,,2026-01-19,1,1,가스가 심해진 것 같아요.,0
O01346,C0282,P0376,F0021,사료,비숑프리제,소형,4.3,시니어,12.5,,,2026-04-18,1,3,다른 사료 다 먹여봤는데 이게 제일 잘 맞아서 재구매했어요. 보통이에요. 이빨이 약해진 나이라 부드러운 걸 좋아해요~,1
O01347,C0283,P0377,F0081,사료,비숑프리제,소형,3.0,성견,3.0,곡물 알레르기,,2025-11-12,1,4,물에 불리지 않아도 잘 먹어요. 냄새를 맡자마자 좋아하더라고요. 하얀 털 관리 때문에 저알러지 제품을 찾았는데 잘 맞아요. 효과가 좋아서 재구매 의사 있어요.,0
O01348,C0283,P0377,F0054,사료,비숑프리제,소형,3.0,성견,3.0,곡물 알레르기,,2026-01-09,1,4,변 색깔이랑 굳기가 딱 좋아요. 강력 추천해요.,0
O01349,C0283,P0377,F0100,사료,비숑프리제,소형,3.0,성견,3.0,곡물 알레르기,,2026-03-10,1,3,수의사 추천으로 바꿔봤어요. 그냥 그래요. 그럭저럭 먹고 있어요. 귀를 자꾸 털길래 알레르기인가 싶어요. 하얀 털 관리 때문에 저알러지 제품을 찾았는데 잘 맞아요. 무난하게 급여 중입니다.,0
O01350,C0283,P0377,F0128,간식,비숑프리제,소형,3.0,성견,3.0,곡물 알레르기,,2026-08-04,1,5,퍼피용 부드러운 간식 찾던 중이었어요. 손에 들자마자 꼬리 흔들며 달려와요. 치석 제거 효과가 있는지 이빨이 깨끗해졌어요. 입이 작은 아이라 한 번에 많이는 못 먹어요. 다른 맛도 사보려고요.,1
O01351,C0284,P0378,F0015,사료,토이푸들,소형,5.9,성견,3.9,소고기 알레르기,,2023-07-15,2,3,무난하게 먹입니다. 눈 주위가 붉어져서 급하게 중단했어요. 곱슬곱슬한 털이 더 부드러워진 것 같아요.,0
O01352,C0284,P0378,F0092,사료,토이푸들,소형,5.9,성견,3.9,소고기 알레르기,,2025-01-11,2,2,입맛에 안 맞는지 자꾸 남겨요. 그릇 앞에서 킁킁거리기만 하고 돌아서요. 피부에 발진이 올라와서 놀랐어요. 재구매 의사 없어요.,0
O01353,C0284,P0378,F0084,사료,토이푸들,소형,5.9,성견,3.9,소고기 알레르기,,2025-10-02,1,4,첫 사료라 고민 많이 하다가 골랐어요. 편식하던 아이인데 이건 남김없이 먹어요. 사료 그릇을 핥아먹을 정도로 좋아해요. 주변 강아지 친구들에게도 추천했어요.,0
O01354,C0284,P0378,F0131,간식,토이푸들,소형,5.9,성견,3.9,소고기 알레르기,,2025-11-17,3,2,여행 갈 때 간식으로 챙기려고 샀어요. 잘 먹는데 부스러기가 너무 많이 떨어져요. 소형견이라 알갱이(크기)가 딱 맞아요. 다른 브랜드로 바꿔보려고요.,1
O01355,C0285,P0379,F0192,간식,비숑프리제,소형,6.5,성견,1.6,,,2025-09-27,1,2,미용 보상용으로 하나 사봤어요. 처음엔 잘 먹더니 물려하는지 요즘은 시큰둥해요. 다른 브랜드로 바꿔보려고요.,0
O01356,C0285,P0379,F0022,사료,비숑프리제,소형,6.5,성견,1.6,,,2025-11-20,1,3,시니어 사료로 갈아탈 시기가 돼서 주문했어요. 가격은 좀 있는데 그만큼 잘 먹어서 만족해요. 그럭저럭 먹이고 있어요.,0
O01357,C0285,P0379,F0098,사료,비숑프리제,소형,6.5,성견,1.6,,,2026-03-28,1,4,동물병원에서 체중 관리용으로 추천받았어요. 장이 편안한지 컨디션이 좋아 보여요. 소화가 잘 되는지 방귀 냄새도 줄었어요.,0
O01358,C0285,P0379,F0185,간식,비숑프리제,소형,6.5,성견,1.6,,,2026-06-16,2,2,"새로운 맛 궁금해서 시켜봤어요. 냄새는 좋아하는데 크기가 커서 나눠줘야 해요. 하얀 털 관리 때문에 저알러지 제품을 찾았는데 잘 맞아요. 전혀 안 먹어요, 비추합니다.",1
O01359,C0286,P0380,F0042,사료,치와와,소형,5.4,시니어,12.4,,,2025-12-14,2,3,그냥 그래요. 보통이에요. 노령견이라 소화가 잘 되는지 걱정했는데 다행히 괜찮아요. 그럭저럭 먹이고 있어요ㅎㅎ,1
O01360,C0286,P0381,F0076,사료,비글,중형,12.2,성견,6.6,,,2026-04-27,1,4,퍼피 전용으로 바꿔주려고 구매했어요. 활력이 좋아진 것 같아요. 이 사료로 계속 갈 것 같아요.,0
O01361,C0286,P0381,F0060,사료,비글,중형,12.2,성견,6.6,,,2026-05-20,1,3,"처음엔 잘 먹더니 요즘은 시들해요, 그래도 소화는 잘 되는 것 같아요. 식탐이 많은 아이라 순식간에 그릇을 비워요. 무난하게 급여 중입니다.",0
O01362,C0286,P0381,F0108,간식,비글,중형,12.2,성견,6.6,,,2026-08-02,3,5,훈련용으로 쓰려고 구매했어요. 한 개 주면 더 달라고 계속 쳐다봐요. 소분하기 좋게 포장돼 있어서 편해요. 비글답게 먹는 거라면 다 좋아해요.,1
O01363,C0287,P0382,F0038,사료,시바견,중형,8.6,시니어,9.6,피부 알레르기 체질,,2025-07-12,3,4,입질 심한 아이라 소화 잘되는 걸로 찾았어요. 우리 아이가 정말 잘 먹어요. 재구매 예정입니다.,0
O01364,C0287,P0382,F0141,간식,시바견,중형,8.6,시니어,9.6,피부 알레르기 체질,,2026-04-29,1,4,치석 관리용으로 알아보다 샀어요. 치석 제거 효과가 있는지 이빨이 깨끗해졌어요. 냄새 맡자마자 자리에 앉아서 기다려요.,1
O01365,C0288,P0383,F0054,사료,진돗개,대형,25.2,시니어,9.9,,,2024-04-18,1,4,곡물 알레르기 있어서 곡물프리로 알아보다 구매했어요. 먹는 건 좋아하는데 방귀 냄새가 심해졌어요. 효과가 좋아서 재구매 의사 있어요.,1
O01366,C0288,P0384,F0009,사료,셰퍼드,대형,21.1,퍼피,0.8,,,2024-07-02,1,5,밥 시간마다 꼬리를 흔들면서 달려와요. 털에 윤기가 도는 게 눈에 보여요. 강력 추천해요.,0
O01367,C0288,P0384,F0184,간식,셰퍼드,대형,21.1,퍼피,0.8,,,2024-11-19,1,5,장난감 대신 씹을 거리로 골랐어요. 훈련할 때 반응이 확실히 좋아졌어요. 한 개 주면 더 달라고 계속 쳐다봐요. 성장기라 그런지 잘 먹고 살도 오르는 것 같아요. 다른 맛도 사보려고요.,0
O01368,C0288,P0384,F0039,사료,셰퍼드,대형,21.1,퍼피,0.8,,,2025-01-07,1,5,예민한 장 때문에 저자극 사료 찾던 중이었어요. 변 상태가 훨씬 단단해졌어요. 주변 강아지 친구들에게도 추천했어요.,0
O01369,C0288,P0384,F0135,간식,셰퍼드,대형,21.1,퍼피,0.8,,,2025-01-17,1,5,이빨 약한 노령견용으로 부드러운 걸 찾았어요. 많이 먹어도 속이 편한지 컨디션이 좋아요. 너무 딱딱하지 않아서 노령견도 잘 씹어요. 강아지들 사이에서 인기템이에요.,0
O01370,C0288,P0384,F0013,사료,셰퍼드,대형,21.1,퍼피,0.8,,,2025-04-15,1,5,소형견이라 알갱이 작은 걸로 찾다가 발견했어요. 밥 시간마다 꼬리를 흔들면서 달려와요.,0
O01371,C0288,P0384,F0177,간식,셰퍼드,대형,21.1,퍼피,0.8,,,2025-05-10,1,5,소형견용 작은 사이즈로 찾다가 발견했어요. 크기가 적당해서 소형견도 먹기 편해요. 덩치가 커서 그런지 먹는 양도 많아요. 효과가 좋아서 재구매 의사 있어요.,1
O01372,C0289,P0385,F0112,간식,보더콜리,중형,9.5,시니어,9.8,소고기 알레르기,,2026-02-20,1,1,미용 보상용으로 하나 사봤어요. 너무 딱딱해서 잘 못 씹어요. 부스러기가 많이 떨어져서 청소가 번거로워요. 먹고 나서 몸을 자꾸 긁더라고요. 재구매 의사는 없어요.,0
O01373,C0289,P0385,F0093,사료,보더콜리,중형,9.5,시니어,9.8,소고기 알레르기,,2026-03-12,1,4,기존 사료 단종돼서 급하게 대체품 찾았어요. 기호성은 좋은데 변이 자주 묽게 나와서 고민이에요. 이 사료로 계속 갈 것 같아요.,0
O01374,C0289,P0385,F0029,사료,보더콜리,중형,9.5,시니어,9.8,소고기 알레르기,,2026-03-31,1,1,"대용량으로 시켜봤어요. 다른 간식 섞어줘야 겨우 먹어요. 처음엔 좀 먹더니 며칠 지나니 안 먹으려고 해요. 이 성분이 우리 아이한테는 안 맞나 봐요. 전혀 안 먹어요, 비추합니다.",0
O01375,C0289,P0385,F0006,사료,보더콜리,중형,9.5,시니어,9.8,소고기 알레르기,,2026-06-09,1,4,대용량으로 시켜봤어요. 털에 윤기가 도는 게 눈에 보여요. 변 상태가 훨씬 단단해졌어요. 강력 추천해요.,0
O01376,C0289,P0385,F0122,간식,보더콜리,중형,9.5,시니어,9.8,소고기 알레르기,,2026-07-01,1,5,여행 갈 때 간식으로 챙기려고 샀어요. 손에 들자마자 꼬리 흔들며 달려와요. 편식하는 아이도 이건 잘 먹어요. 훈련용으로 계속 재구매할 것 같아요~,0
O01377,C0289,P0385,F0185,간식,보더콜리,중형,9.5,시니어,9.8,소고기 알레르기,,2026-07-08,1,4,치석 관리용으로 알아보다 샀어요. 크기가 적당해서 소형견도 먹기 편해요. 훈련할 때 반응이 확실히 좋아졌어요. 효과가 좋아서 재구매 의사 있어요.,0
O01378,C0289,P0385,F0146,간식,보더콜리,중형,9.5,시니어,9.8,소고기 알레르기,,2026-07-21,1,5,다이어트 중이라 저칼로리 간식으로 골랐어요. 한 개 주면 더 달라고 계속 쳐다봐요. 활동량이 워낙 많아서 그런지 이 정도 양은 금방 먹어요.,0
O01379,C0289,P0385,F0084,사료,보더콜리,중형,9.5,시니어,9.8,소고기 알레르기,,2026-07-26,1,3,예민한 장 때문에 저자극 사료 찾던 중이었어요. 잘 먹기는 하는데 변이 좀 무르게 나와요. 그럭저럭 먹이고 있어요.,1
O01380,C0290,P0386,F0069,사료,프렌치불독,중형,8.3,성견,2.4,,피부가 예민함,2025-08-12,1,3,다른 사료 다 먹여봤는데 이게 제일 잘 맞아서 재구매했어요. 나쁘지 않아요. 무난하게 급여 중입니다.,1
O01381,C0291,P0387,F0023,사료,요크셔테리어,소형,3.6,퍼피,0.4,,,2024-06-28,2,5,"대형견이라 그런지 사료값이 만만치 않아서 가성비 좋은 걸로 골랐어요. 처음엔 잘 먹더니 요즘은 시들해요, 그래도 소화는 잘 되는 것 같아요. 소형견 특유의 예민한 장인데도 탈 없이 잘 먹어요. 효과가 좋아서 재구매 의사 있어요.",0
O01382,C0291,P0387,F0047,사료,요크셔테리어,소형,3.6,퍼피,0.4,,,2025-05-14,1,3,입질 심한 아이라 소화 잘되는 걸로 찾았어요. 무난하게 먹입니다. 그럭저럭 먹고 있어요. 그럭저럭 먹이고 있어요!!,1
O01383,C0292,P0388,F0153,간식,포메라니안,소형,3.6,시니어,10.3,닭고기 알레르기,,2024-06-03,2,5,새로운 맛 궁금해서 시켜봤어요. 편식하는 아이도 이건 잘 먹어요. 치석 제거 효과가 있는지 이빨이 깨끗해졌어요. 노령견이라 소화가 잘 되는지 걱정했는데 다행히 괜찮아요. 강아지들 사이에서 인기템이에요.,0
O01384,C0292,P0388,F0041,사료,포메라니안,소형,3.6,시니어,10.3,닭고기 알레르기,,2026-07-27,1,4,편식하던 아이인데 이건 남김없이 먹어요. 소화가 잘 되는지 방귀 냄새도 줄었어요. 털이 풍성한 아이라 그런지 피모 개선 효과가 보여요. 주변 강아지 친구들에게도 추천했어요.,1
O01385,C0292,P0389,F0107,간식,미니어처닥스훈트,소형,2.1,성견,3.3,,,2024-10-18,1,4,산책 보상용으로 구매했어요. 처음엔 잘 먹더니 물려하는지 요즘은 시큰둥해요. 허리가 약한 아이라 체중 관리에 신경 쓰는데 도움이 되는 것 같아요. 다른 맛도 사보려고요.,0
O01386,C0292,P0389,F0176,간식,미니어처닥스훈트,소형,2.1,성견,3.3,,,2025-03-23,2,4,이빨 약한 노령견용으로 부드러운 걸 찾았어요. 냄새 맡자마자 자리에 앉아서 기다려요. 많이 먹어도 속이 편한지 컨디션이 좋아요. 입이 작은 아이라 한 번에 많이는 못 먹어요. 훈련용으로 계속 재구매할 것 같아요.,0
O01387,C0292,P0389,F0019,사료,미니어처닥스훈트,소형,2.1,성견,3.3,,,2025-12-16,1,4,적응 기간엔 잘 먹었는데 점점 흥미를 잃는 것 같아요. 입이 작은 아이라 한 번에 많이는 못 먹어요. 재구매 예정입니다.,0
O01388,C0292,P0389,F0040,사료,미니어처닥스훈트,소형,2.1,성견,3.3,,,2026-01-14,1,3,특별히 좋지도 나쁘지도 않아요. 가격 대비 괜찮아요. 무난하게 급여 중입니다.,1
O01389,C0292,P0390,F0187,간식,코커스패니얼,중형,8.7,시니어,8.1,,,2024-05-15,1,4,훈련용으로 쓰려고 구매했어요. 소분하기 좋게 포장돼 있어서 편해요. 활동량이 많은 편이라 잘 먹고 잘 뛰어놀아요. 다른 맛도 사보려고요!!,0
O01390,C0292,P0390,F0140,간식,코커스패니얼,중형,8.7,시니어,8.1,,,2025-06-21,2,5,퍼피용 부드러운 간식 찾던 중이었어요. 손에 들자마자 꼬리 흔들며 달려와요. 너무 딱딱하지 않아서 노령견도 잘 씹어요. 귀가 큰 편이라 먹을 때 귀가 그릇에 빠지곤 해요. 강아지들 사이에서 인기템이에요.,0
O01391,C0292,P0390,F0162,간식,코커스패니얼,중형,8.7,시니어,8.1,,,2025-07-26,1,3,심심할 때 주려고 대용량으로 샀어요. 무난하게 주고 있어요. 그냥저냥 주고 있어요!!,0
O01392,C0292,P0390,F0075,사료,코커스패니얼,중형,8.7,시니어,8.1,,,2025-08-02,1,2,첫 사료라 고민 많이 하다가 골랐어요. 변 냄새가 심해졌어요. 변이 좀 무르게 나와요. 나이가 있어서 그런지 예전보다 적게 먹네요. 환불 문의했어요.,1
O01393,C0293,P0391,F0098,사료,미니어처닥스훈트,소형,6.7,시니어,12.7,,,2025-12-06,1,4,활력이 좋아진 것 같아요. 그릇 비우는 속도가 달라졌어요. 주변 강아지 친구들에게도 추천했어요.,0
O01394,C0293,P0391,F0082,사료,미니어처닥스훈트,소형,6.7,시니어,12.7,,,2026-02-13,1,5,가격은 좀 있는데 그만큼 잘 먹어서 만족해요. 나이가 있어서 그런지 예전보다 적게 먹네요. 효과가 좋아서 재구매 의사 있어요!!,0
O01395,C0293,P0391,F0092,사료,미니어처닥스훈트,소형,6.7,시니어,12.7,,,2026-03-18,1,2,냄새 맡고 좋아하긴 하는데 이상하게 살은 안 쪄요. 다른 사료 알아보려고요.,0
O01396,C0293,P0391,F0069,사료,미니어처닥스훈트,소형,6.7,시니어,12.7,,,2026-05-02,2,5,기존 사료 단종돼서 급하게 대체품 찾았어요. 먹는 건 좋아하는데 방귀 냄새가 심해졌어요. 나이가 있어서 그런지 예전보다 적게 먹네요. 재구매 예정입니다~,0
O01397,C0293,P0391,F0163,간식,미니어처닥스훈트,소형,6.7,시니어,12.7,,,2026-06-19,1,5,장난감 대신 씹을 거리로 골랐어요. 냄새 맡자마자 자리에 앉아서 기다려요. 훈련할 때 반응이 확실히 좋아졌어요. 입이 작은 아이라 한 번에 많이는 못 먹어요. 효과가 좋아서 재구매 의사 있어요.,0
O01398,C0293,P0391,F0096,사료,미니어처닥스훈트,소형,6.7,시니어,12.7,,,2026-06-21,2,3,소형견이라 알갱이 작은 걸로 찾다가 발견했어요. 기호성은 최고인데 며칠 먹이니 살짝 가려워하더라고요. 이빨이 약해진 나이라 부드러운 걸 좋아해요. 그럭저럭 먹이고 있어요~,0
O01399,C0293,P0391,F0037,사료,미니어처닥스훈트,소형,6.7,시니어,12.7,,,2026-07-17,3,3,퍼피 전용으로 바꿔주려고 구매했어요. 무난하게 먹입니다. 그냥 그래요.,0
O01400,C0293,P0391,F0196,간식,미니어처닥스훈트,소형,6.7,시니어,12.7,,,2026-08-06,1,4,산책 보상용으로 구매했어요. 편식하는 아이도 이건 잘 먹어요. 너무 딱딱하지 않아서 노령견도 잘 씹어요. 허리가 약한 아이라 체중 관리에 신경 쓰는데 도움이 되는 것 같아요. 훈련용으로 계속 재구매할 것 같아요.,1
O01401,C0294,P0392,F0087,사료,포메라니안,소형,4.5,시니어,13.3,특정 단백질 민감,,2025-09-30,1,5,우리 아이가 정말 잘 먹어요. 냄새를 맡자마자 좋아하더라고요. 강력 추천해요.,0
O01402,C0294,P0392,F0195,간식,포메라니안,소형,4.5,시니어,13.3,특정 단백질 민감,,2026-01-16,3,4,이빨 약한 노령견용으로 부드러운 걸 찾았어요. 많이 먹어도 속이 편한지 컨디션이 좋아요. 치석 제거 효과가 있는지 이빨이 깨끗해졌어요. 나이가 있어서 그런지 예전보다 적게 먹네요.,0
O01403,C0294,P0392,F0019,사료,포메라니안,소형,4.5,시니어,13.3,특정 단백질 민감,,2026-05-28,1,5,물에 불리지 않아도 잘 먹어요. 사료 그릇을 핥아먹을 정도로 좋아해요. 노령견이라 소화가 잘 되는지 걱정했는데 다행히 괜찮아요. 이 사료로 계속 갈 것 같아요.,1
O01404,C0294,P0393,F0160,간식,미니어처닥스훈트,소형,2.8,성견,2.9,,,2025-09-18,1,5,치석 관리용으로 알아보다 샀어요. 한 개 주면 더 달라고 계속 쳐다봐요. 크기가 적당해서 소형견도 먹기 편해요. 다른 맛도 사보려고요.,0
O01405,C0294,P0393,F0006,사료,미니어처닥스훈트,소형,2.8,성견,2.9,,,2025-09-18,2,5,장이 편안한지 컨디션이 좋아 보여요.,0
O01406,C0294,P0393,F0015,사료,미니어처닥스훈트,소형,2.8,성견,2.9,,,2026-06-07,1,5,변 색깔이랑 굳기가 딱 좋아요. 장이 편안한지 컨디션이 좋아 보여요. 강력 추천해요ㅎㅎ,1
O01407,C0295,P0394,F0128,간식,코커스패니얼,중형,11.3,퍼피,0.7,,,2026-01-18,1,4,여행 갈 때 간식으로 챙기려고 샀어요. 맛있게는 먹는데 가격이 좀 부담돼요. 강아지들 사이에서 인기템이에요.,0
O01408,C0295,P0394,F0087,사료,코커스패니얼,중형,11.3,퍼피,0.7,,,2026-03-22,1,5,시니어 사료로 갈아탈 시기가 돼서 주문했어요. 활력이 좋아진 것 같아요. 변 상태가 훨씬 단단해졌어요. 활동량이 있는 편이라 이 정도는 금방 먹어요. 주변 강아지 친구들에게도 추천했어요.,0
O01409,C0295,P0394,F0091,사료,코커스패니얼,중형,11.3,퍼피,0.7,,,2026-05-02,1,5,리뷰 좋길래 반신반의로 시켜봤어요. 사료 그릇을 핥아먹을 정도로 좋아해요. 물에 불리지 않아도 잘 먹어요. 성장기라 그런지 잘 먹고 살도 오르는 것 같아요.,0
O01410,C0295,P0394,F0184,간식,코커스패니얼,중형,11.3,퍼피,0.7,,,2026-06-05,1,3,장난감 대신 씹을 거리로 골랐어요. 잘 먹는데 부스러기가 너무 많이 떨어져요. 무난하게 급여 중입니다.,1
O01411,C0296,P0395,F0157,간식,말티즈,소형,2.0,성견,1.9,,,2024-12-01,2,2,"소형견용 작은 사이즈로 찾다가 발견했어요. 몇 입 먹다가 흥미를 잃어요. 처음만 좋아하고 그다음부턴 안 먹으려 해요. 입이 작은 아이라 한 번에 많이는 못 먹어요. 전혀 안 먹어요, 비추합니다!!",0
O01412,C0296,P0395,F0021,사료,말티즈,소형,2.0,성견,1.9,,,2025-12-14,1,1,동물병원에서 체중 관리용으로 추천받았어요. 처음엔 좀 먹더니 며칠 지나니 안 먹으려고 해요. 다른 사료 알아보려고요.,0
O01413,C0296,P0395,F0081,사료,말티즈,소형,2.0,성견,1.9,,,2026-03-16,1,1,"수의사 추천으로 바꿔봤어요. 양은 적당한데 곡물이 들어있어서 우리 아이한테는 살짝 안 맞았어요. 전혀 안 먹어요, 비추합니다ㅜㅜ",0
O01414,C0296,P0395,F0010,사료,말티즈,소형,2.0,성견,1.9,,,2026-04-24,3,4,곡물 알레르기 있어서 곡물프리로 알아보다 구매했어요. 잘 먹는데 사료 냄새가 집안에 좀 남아요.,1
O01415,C0297,P0396,F0018,사료,코커스패니얼,중형,14.3,성견,4.8,,,2024-01-24,3,4,기존 사료 단종돼서 급하게 대체품 찾았어요. 소화가 잘 되는지 방귀 냄새도 줄었어요. 변 색깔이랑 굳기가 딱 좋아요. 효과가 좋아서 재구매 의사 있어요.,0
O01416,C0297,P0396,F0170,간식,코커스패니얼,중형,14.3,성견,4.8,,,2024-10-07,1,5,훈련용으로 쓰려고 구매했어요. 좋아하긴 하는데 먹고 나서 변이 좀 물러요. 효과가 좋아서 재구매 의사 있어요.,0
O01417,C0297,P0396,F0049,사료,코커스패니얼,중형,14.3,성견,4.8,,,2025-03-23,3,4,곡물 알레르기 있어서 곡물프리로 알아보다 구매했어요. 잘 먹는 편인데 가끔 토를 해서 지켜보고 있어요. 재구매 예정입니다.,1
O01418,C0297,P0397,F0086,사료,골든리트리버,대형,25.1,시니어,11.6,,,2023-12-28,5,4,입질 심한 아이라 소화 잘되는 걸로 찾았어요. 냄새를 맡자마자 좋아하더라고요. 밥 시간마다 꼬리를 흔들면서 달려와요. 이 사료로 계속 갈 것 같아요.,0
O01419,C0297,P0397,F0048,사료,골든리트리버,대형,25.1,시니어,11.6,,,2025-02-18,1,4,편식하던 아이인데 이건 남김없이 먹어요. 털에 윤기가 도는 게 눈에 보여요. 재구매 예정입니다.,0
O01420,C0297,P0397,F0007,사료,골든리트리버,대형,25.1,시니어,11.6,,,2025-07-01,1,5,첫 사료라 고민 많이 하다가 골랐어요. 기호성은 좋은데 변이 자주 묽게 나와서 고민이에요. 이 사료로 계속 갈 것 같아요.,1
O01421,C0298,P0398,F0184,간식,요크셔테리어,소형,5.3,성견,4.4,,피부가 예민함,2026-02-26,1,4,다이어트 중이라 저칼로리 간식으로 골랐어요. 손에 들자마자 꼬리 흔들며 달려와요.,0
O01422,C0298,P0398,F0027,사료,요크셔테리어,소형,5.3,성견,4.4,,피부가 예민함,2026-07-11,1,5,대용량으로 시켜봤어요. 그릇 비우는 속도가 달라졌어요. 우리 아이가 정말 잘 먹어요.,1
O01423,C0298,P0399,F0086,사료,시츄,소형,3.2,퍼피,0.7,,,2026-02-25,1,2,가스가 심해진 것 같아요. 환불 문의했어요.,0
O01424,C0298,P0399,F0016,사료,시츄,소형,3.2,퍼피,0.7,,,2026-04-17,1,5,예민한 장 때문에 저자극 사료 찾던 중이었어요. 편식하던 아이인데 이건 남김없이 먹어요. 소화가 잘 되는지 방귀 냄새도 줄었어요.,1
O01425,C0298,P0400,F0060,사료,도베르만,대형,36.8,시니어,9.9,,,2026-02-21,1,5,털에 윤기가 도는 게 눈에 보여요.,0
O01426,C0298,P0400,F0058,사료,도베르만,대형,36.8,시니어,9.9,,,2026-08-08,1,4,시니어 사료로 갈아탈 시기가 돼서 주문했어요. 맛은 있나 본데 변 냄새가 너무 독해졌어요. 이빨이 약해진 나이라 부드러운 걸 좋아해요. 효과가 좋아서 재구매 의사 있어요.,1
O01427,C0299,P0401,F0090,사료,코커스패니얼,중형,17.9,성견,1.2,,,2025-05-22,1,4,수의사 추천으로 바꿔봤어요. 변 색깔이랑 굳기가 딱 좋아요. 물에 불리지 않아도 잘 먹어요. 활동량이 많은 편이라 잘 먹고 잘 뛰어놀아요. 주변 강아지 친구들에게도 추천했어요.,0
O01428,C0299,P0401,F0059,사료,코커스패니얼,중형,17.9,성견,1.2,,,2025-11-18,2,4,활력이 좋아진 것 같아요. 냄새를 맡자마자 좋아하더라고요. 중형견이라 적당한 양인 것 같아요. 강력 추천해요.,0
O01429,C0299,P0401,F0136,간식,코커스패니얼,중형,17.9,성견,1.2,,,2026-01-30,1,3,나쁘지 않아요. 그냥 그래요. 중형견이라 적당한 양인 것 같아요ㅜㅜ,0
O01430,C0299,P0401,F0123,간식,코커스패니얼,중형,17.9,성견,1.2,,,2026-08-01,1,4,심심할 때 주려고 대용량으로 샀어요. 소분하기 좋게 포장돼 있어서 편해요. 한 개 주면 더 달라고 계속 쳐다봐요. 활동량이 많은 편이라 잘 먹고 잘 뛰어놀아요. 훈련용으로 계속 재구매할 것 같아요.,1
O01431,C0299,P0402,F0033,사료,비글,중형,9.8,시니어,10.7,,,2024-09-20,1,4,밥 시간마다 꼬리를 흔들면서 달려와요. 그릇 비우는 속도가 달라졌어요. 주변 강아지 친구들에게도 추천했어요.,0
O01432,C0299,P0402,F0095,사료,비글,중형,9.8,시니어,10.7,,,2024-10-24,3,4,소형견이라 알갱이 작은 걸로 찾다가 발견했어요. 우리 아이가 정말 잘 먹어요. 장이 편안한지 컨디션이 좋아 보여요. 이 사료로 계속 갈 것 같아요.,0
O01433,C0299,P0402,F0090,사료,비글,중형,9.8,시니어,10.7,,,2024-12-08,1,4,변 상태가 훨씬 단단해졌어요. 재구매 예정입니다.,0
O01434,C0299,P0402,F0154,간식,비글,중형,9.8,시니어,10.7,,,2025-05-06,1,5,미용 보상용으로 하나 사봤어요. 손에 들자마자 꼬리 흔들며 달려와요. 소분하기 좋게 포장돼 있어서 편해요. 중형견이라 적당한 양인 것 같아요.,0
O01435,C0299,P0402,F0187,간식,비글,중형,9.8,시니어,10.7,,,2025-11-02,5,4,퍼피용 부드러운 간식 찾던 중이었어요. 잘 먹긴 하는데 너무 딱딱해서 걱정돼요. 나이가 있어서 그런지 예전보다 적게 먹네요. 다른 맛도 사보려고요.,0
O01436,C0299,P0402,F0003,사료,비글,중형,9.8,시니어,10.7,,,2025-11-17,1,4,사료 그릇을 핥아먹을 정도로 좋아해요. 활동량이 있는 편이라 이 정도는 금방 먹어요. 강력 추천해요.,1
O01437,C0299,P0403,F0113,간식,시츄,소형,3.4,퍼피,0.4,,,2025-10-29,3,5,새로운 맛 궁금해서 시켜봤어요. 편식하는 아이도 이건 잘 먹어요. 냄새 맡자마자 자리에 앉아서 기다려요. 입이 짧은 시츄인데도 잘 먹어요. 강아지들 사이에서 인기템이에요.,1
O01438,C0300,P0404,F0074,사료,요크셔테리어,소형,3.4,성견,1.5,,,2025-08-20,1,5,다른 사료 다 먹여봤는데 이게 제일 잘 맞아서 재구매했어요. 편식하던 아이인데 이건 남김없이 먹어요. 활력이 좋아진 것 같아요. 효과가 좋아서 재구매 의사 있어요.,0
O01439,C0300,P0404,F0079,사료,요크셔테리어,소형,3.4,성견,1.5,,,2026-03-07,2,5,동물병원에서 체중 관리용으로 추천받았어요. 털에 윤기가 도는 게 눈에 보여요. 입이 작은 아이라 한 번에 많이는 못 먹어요. 재구매 예정입니다ㅎㅎ,1
