purchase_id,customer_id,product_id,category,purchased_at,quantity,rating,review,is_holdout
O0001,C0246,P0570,Healthwear,2022-08-02,1,5,디자인도 예쁘고 어디에 매치해도 잘 어울립니다.,0
O0002,C0254,P0443,Healthwear,2022-08-15,1,5,만족합니다,1
O0003,C0204,P0300,PC_Peripherals,2022-08-25,1,5,그립감 좋고 손목 피로가 확실히 덜합니다. 다음엔 다른 라인도 사보려고요. 👍,0
O0004,C0246,P0259,PC_Peripherals,2022-09-08,3,3,손목피로은 좀 나아졌는데 마감이 아쉽습니다. 택배 박스 안에 완충재가 하나도 없더라고요. 가격 생각하면 좀 아쉽네요.,0
O0005,C0246,P0169,Cosmetics,2022-12-21,1,5,배송 빨라요 👍,0
O0006,C0227,P0578,Healthwear,2022-12-26,1,5,포장 상태 깔끔하게 잘 왔습니다. 발땀 걱정 덜었습니다. 진작 살 걸 그랬어요. ❤️,0
O0007,C0227,P0599,Healthwear,2022-12-30,1,5,가성비 좋네요,0
O0008,C0246,P0254,PC_Peripherals,2022-12-31,1,4,포장 상태 깔끔하게 잘 왔습니다. 사무용 마우스 중에 이 가격대에서 이 정도면 훌륭하죠. 그립감 때문에 바꿨는데 아주 만족합니다. 다 쓰면 또 살 것 같아요.,0
O0009,C0215,P0483,Healthwear,2023-01-03,1,3,가격 대비 아쉬움,0
O0010,C0101,P0085,Cosmetics,2023-03-06,3,5,순하게 잘 맞아서 두 번째 구매입니다. 복합성 피부인데 자극 없이 잘 맞았어요. 다음엔 다른 라인도 사보려고요.,0
O0011,C0246,P0345,PC_Peripherals,2023-03-11,1,4,만족합니다,0
O0012,C0255,P0111,Cosmetics,2023-03-19,1,5,복합성 피부인데 자극 없이 잘 맞았어요.,0
O0013,C0255,P0091,Cosmetics,2023-03-25,2,5,라방에서 싸게 사서 더 만족스러워요. 끈적임 없이 촉촉해서 여름에도 부담 없이 발라요. 건조함 때문에 계속 고민이었는데 확실히 나아진 느낌입니다. 세라마이드 들어간 제품 찾고 있었는데 딱이네요.,0
O0014,C0134,P0461,Healthwear,2023-04-03,1,5,족저근막염 걱정 덜었습니다. 진작 살 걸 그랬어요. 다음엔 다른 라인도 사보려고요.,0
O0015,C0178,P0181,Cosmetics,2023-04-18,3,5,,0
O0016,C0157,P0202,PC_Peripherals,2023-05-26,1,5,적축 체감이 확실하네요. 클릭음이 조용해서 사무실에서 쓰기 딱이에요.,0
O0017,C0009,P0230,PC_Peripherals,2023-05-28,1,3,그냥 그래요,0
O0018,C0274,P0032,Cosmetics,2023-06-05,1,4,안티에이징 제품 여러 개 써봤는데 이게 제일 무난하고 좋네요. 발림성 좋고 흡수도 빨라서 아침에 쓰기 편해요. 🥰,0
O0019,C0178,P0376,PC_Peripherals,2023-06-17,2,5,,0
O0020,C0255,P0066,Cosmetics,2023-07-01,1,3,가격 대비 아쉬움,0
O0021,C0270,P0573,Healthwear,2023-07-07,1,5,배송 빨라요 👍,0
O0022,C0046,P0100,Cosmetics,2023-07-18,2,3,향은 호불호 갈릴 것 같아요. 가격 생각하면 용량이 살짝 아쉽네요.,0
O0023,C0209,P0359,PC_Peripherals,2023-07-19,2,3,무난합니다,0
O0024,C0123,P0376,PC_Peripherals,2023-07-28,1,5,,0
O0025,C0242,P0038,Cosmetics,2023-07-28,2,5,선물용으로도 괜찮을 만큼 포장이 잘 돼서 왔어요. 세라마이드 들어간 제품 찾고 있었는데 딱이네요. 다음엔 다른 라인도 사보려고요. 👍🏻,0
O0026,C0012,P0099,Cosmetics,2023-08-12,1,5,주문하고 다음날 바로 도착했네요. 보습 제품 여러 개 써봤는데 이게 제일 무난하고 좋네요.,0
O0027,C0240,P0529,Healthwear,2023-08-14,1,5,디자인도 예쁘고 어디에 매치해도 잘 어울립니다.,1
O0028,C0016,P0027,Cosmetics,2023-08-17,2,2,쓰고 나서 오히려 트러블이 올라왔습니다. 박스가 찌그러진 채로 도착해서 좀 당황했어요. 가격 생각하면 좀 아쉽네요.,0
O0029,C0227,P0345,PC_Peripherals,2023-08-21,1,4,그립감 좋고 손목 피로가 확실히 덜합니다. 2.4GHz 무선 체감이 확실하네요.,0
O0030,C0151,P0370,PC_Peripherals,2023-08-23,2,4,1600DPI 체감이 확실하네요.,0
O0031,C0102,P0038,Cosmetics,2023-08-26,3,2,발림성이 뻑뻑하고 밀려서 못 쓰겠어요. 지성 피부에는 좀 자극이 있었어요. 향이 너무 강해서 쓰기 힘들었습니다. 다음엔 다른 제품 써보려고요.,0
O0032,C0151,P0327,PC_Peripherals,2023-08-26,1,2,가격 대비 마감이 너무 조악합니다. 다음엔 다른 제품 써보려고요.,0
O0033,C0192,P0397,PC_Peripherals,2023-08-29,1,4,가벼워서 장시간 써도 부담 없습니다. 클릭음이 조용해서 사무실에서 쓰기 딱이에요.,0
O0034,C0188,P0164,Cosmetics,2023-09-08,2,5,끈적임 없이 촉촉해서 여름에도 부담 없이 발라요. 발림성 좋고 흡수도 빨라서 아침에 쓰기 편해요. 트러블 때문에 계속 고민이었는데 확실히 나아진 느낌입니다. 배송 진짜 빨라요.,0
O0035,C0204,P0167,Cosmetics,2023-09-18,1,4,지성 피부인데 자극 없이 잘 맞았어요.,1
O0036,C0292,P0242,PC_Peripherals,2023-09-22,2,5,가벼워서 장시간 써도 부담 없습니다. 무선 이어폰 중에 이 가격대에서 이 정도면 훌륭하죠. 반응속도 빠르고 연결도 안정적이에요. 배송 진짜 빨라요. 🥰,0
O0037,C0274,P0169,Cosmetics,2023-09-27,1,4,끈적임 없이 촉촉해서 여름에도 부담 없이 발라요.,0
O0038,C0280,P0425,Healthwear,2023-09-29,1,4,디자인도 예쁘고 어디에 매치해도 잘 어울립니다.,0
O0039,C0129,P0345,PC_Peripherals,2023-10-13,1,5,,0
O0040,C0121,P0491,Healthwear,2023-10-15,2,5,포장 상태 깔끔하게 잘 왔습니다. 아치통증 걱정 덜었습니다. 진작 살 걸 그랬어요.,0
O0041,C0009,P0350,PC_Peripherals,2023-10-18,1,4,무난하게 좋습니다,0
O0042,C0016,P0046,Cosmetics,2023-10-23,2,2,각질에는 전혀 변화가 없네요. 재구매는 안 할 것 같아요.,0
O0043,C0292,P0147,Cosmetics,2023-10-23,2,5,진정 제품 여러 개 써봤는데 이게 제일 무난하고 좋네요. 순하게 잘 맞아서 두 번째 구매입니다. 다 쓰면 또 살 것 같아요.,1
O0044,C0118,P0038,Cosmetics,2023-10-25,1,4,다크서클 때문에 계속 고민이었는데 확실히 나아진 느낌입니다. 발림성 좋고 흡수도 빨라서 아침에 쓰기 편해요. 재구매 의사 있습니다. 👍🏻,0
O0045,C0188,P0426,Healthwear,2023-10-27,1,5,디자인도 예쁘고 어디에 매치해도 잘 어울립니다. 정사이즈로 딱 맞았어요. 가족한테도 추천했어요.,0
O0046,C0192,P0472,Healthwear,2023-10-29,1,4,배송 빨라요 👍,0
O0047,C0188,P0104,Cosmetics,2023-11-07,1,4,끈적임 없이 촉촉해서 여름에도 부담 없이 발라요. 진정 제품 여러 개 써봤는데 이게 제일 무난하고 좋네요. 라방에서 싸게 사서 더 만족스러워요. 다 쓰면 또 살 것 같아요.,0
O0048,C0025,P0038,Cosmetics,2023-11-10,1,5,건성 피부인데 자극 없이 잘 맞았어요. 가족한테도 추천했어요. ❤️,0
O0049,C0151,P0250,PC_Peripherals,2023-11-14,1,5,반응속도 빠르고 연결도 안정적이에요. 무게부담 때문에 바꿨는데 아주 만족합니다.,0
O0050,C0009,P0230,PC_Peripherals,2023-11-18,2,4,만족합니다,0
O0051,C0154,P0230,PC_Peripherals,2023-11-26,1,4,무난하게 좋습니다,0
O0052,C0009,P0306,PC_Peripherals,2023-12-01,1,2,돈 아까워요,0
O0053,C0183,P0592,Healthwear,2023-12-04,1,4,포장 상태 깔끔하게 잘 왔습니다. 칼발이라 신발 고르기 어려웠는데 이건 정말 편해요. 가볍고 통기성 좋아서 여름에 신기 좋네요. 재구매 의사 있습니다.,0
O0054,C0016,P0038,Cosmetics,2023-12-06,1,4,,0
O0055,C0264,P0164,Cosmetics,2023-12-13,1,4,민감성 피부인데 자극 없이 잘 맞았어요. 다음엔 다른 라인도 사보려고요.,0
O0056,C0154,P0387,PC_Peripherals,2023-12-17,1,3,손 큰 편이라 사이즈가 살짝 작게 느껴져요. 가격 대비 딱 그만큼입니다.,0
O0057,C0009,P0280,PC_Peripherals,2023-12-18,1,5,,0
O0058,C0047,P0029,Cosmetics,2023-12-20,1,1,발림성이 뻑뻑하고 밀려서 못 쓰겠어요. 모공에는 전혀 변화가 없네요.,0
O0059,C0044,P0035,Cosmetics,2023-12-21,5,5,라방에서 싸게 사서 더 만족스러워요. 펩타이드 들어간 제품 찾고 있었는데 딱이네요. 발림성 좋고 흡수도 빨라서 아침에 쓰기 편해요. 안티에이징 제품 여러 개 써봤는데 이게 제일 무난하고 좋네요.,0
O0060,C0154,P0546,Healthwear,2023-12-27,1,4,런닝화로 매일 신고 있는데 발이 안 피곤해요. 쿠션감 좋아서 오래 걸어도 무릎이 편합니다. 재구매 의사 있습니다.,0
O0061,C0130,P0322,PC_Peripherals,2023-12-28,1,5,2.4GHz 무선 체감이 확실하네요.,0
O0062,C0215,P0052,Cosmetics,2023-12-31,3,5,추천합니다,0
O0063,C0255,P0449,Healthwear,2024-01-06,1,3,무난합니다,0
O0064,C0025,P0496,Healthwear,2024-01-11,1,5,라방에서 싸게 사서 더 만족스러워요. 뒤꿈치까짐 걱정 덜었습니다. 진작 살 걸 그랬어요. 런닝화로 매일 신고 있는데 발이 안 피곤해요.,0
O0065,C0047,P0038,Cosmetics,2024-01-17,1,4,끈적임 없이 촉촉해서 여름에도 부담 없이 발라요. EGF 들어간 제품 찾고 있었는데 딱이네요. 발림성 좋고 흡수도 빨라서 아침에 쓰기 편해요. 재구매 의사 있습니다. 👍,0
O0066,C0183,P0345,PC_Peripherals,2024-01-21,2,4,26000DPI 광학센서 체감이 확실하네요. 가벼워서 장시간 써도 부담 없습니다. 가족한테도 추천했어요.,0
O0067,C0009,P0280,PC_Peripherals,2024-01-24,1,4,라방에서 싸게 사서 더 만족스러워요. 클릭음이 조용해서 사무실에서 쓰기 딱이에요.,0
O0068,C0098,P0122,Cosmetics,2024-01-26,1,5,발림성 좋고 흡수도 빨라서 아침에 쓰기 편해요. 배송 빠르고 포장도 꼼꼼해서 좋았어요. 재구매 의사 있습니다.,0
O0069,C0107,P0522,Healthwear,2024-01-28,2,5,정사이즈로 딱 맞았어요. 농구화로 매일 신고 있는데 발이 안 피곤해요. 쟁여두려고 하나 더 담았습니다.,0
O0070,C0012,P0116,Cosmetics,2024-02-01,5,5,무난하게 좋습니다,0
O0071,C0270,P0494,Healthwear,2024-02-03,1,4,일상화로 매일 신고 있는데 발이 안 피곤해요. 가볍고 통기성 좋아서 여름에 신기 좋네요. 평발이라 신발 고르기 어려웠는데 이건 정말 편해요.,0
O0072,C0183,P0076,Cosmetics,2024-02-06,3,5,라방에서 싸게 사서 더 만족스러워요. 지성 피부인데 자극 없이 잘 맞았어요.,0
O0073,C0061,P0198,Cosmetics,2024-02-08,2,5,보습 제품 여러 개 써봤는데 이게 제일 무난하고 좋네요.,0
O0074,C0061,P0037,Cosmetics,2024-02-10,1,5,잘 쓰고 있어요,0
O0075,C0121,P0430,Healthwear,2024-02-10,1,5,가볍고 통기성 좋아서 여름에 신기 좋네요. 쿠션감 좋아서 오래 걸어도 무릎이 편합니다.,0
O0076,C0255,P0129,Cosmetics,2024-02-14,2,4,끈적임 없이 촉촉해서 여름에도 부담 없이 발라요. 보습 제품 여러 개 써봤는데 이게 제일 무난하고 좋네요. 건조함 때문에 계속 고민이었는데 확실히 나아진 느낌입니다. 가족한테도 추천했어요. 🥰,0
O0077,C0029,P0316,PC_Peripherals,2024-02-17,1,2,두 달 만에 채터링 생겼어요. 연결이 자꾸 끊겨서 스트레스입니다. 가격 생각하면 좀 아쉽네요.,0
O0078,C0151,P0472,Healthwear,2024-02-17,1,4,발볼압박 걱정 덜었습니다. 진작 살 걸 그랬어요.,0
O0079,C0270,P0466,Healthwear,2024-02-21,1,1,아치통증 때문에 샀는데 오히려 더 심해졌습니다. 사이즈가 작게 나와서 결국 반품했어요. 뒤꿈치가 까져서 못 신겠어요. 다음엔 다른 제품 써보려고요.,0
O0080,C0074,P0316,PC_Peripherals,2024-02-24,1,5,게이밍 마우스 중에 이 가격대에서 이 정도면 훌륭하죠. 26000DPI 광학센서 체감이 확실하네요. 다 쓰면 또 살 것 같아요.,0
O0081,C0134,P0267,PC_Peripherals,2024-02-25,1,4,만족합니다,0
O0082,C0209,P0070,Cosmetics,2024-02-29,1,5,세라마이드 들어간 제품 찾고 있었는데 딱이네요. 재구매 의사 있습니다. ❣️,0
O0083,C0162,P0316,PC_Peripherals,2024-03-14,2,5,그립감 좋고 손목 피로가 확실히 덜합니다. 클릭음이 조용해서 사무실에서 쓰기 딱이에요.,0
O0084,C0210,P0522,Healthwear,2024-03-15,1,5,디자인도 예쁘고 어디에 매치해도 잘 어울립니다. 정사이즈로 딱 맞았어요. 다 쓰면 또 살 것 같아요. 😊,0
O0085,C0029,P0532,Healthwear,2024-03-16,1,5,선물용으로도 괜찮을 만큼 포장이 잘 돼서 왔어요. 정사이즈로 딱 맞았어요. 발볼넓음이라 신발 고르기 어려웠는데 이건 정말 편해요. 다 쓰면 또 살 것 같아요.,0
O0086,C0108,P0502,Healthwear,2024-03-19,2,5,농구화로 매일 신고 있는데 발이 안 피곤해요. 디자인도 예쁘고 어디에 매치해도 잘 어울립니다.,0
O0087,C0116,P0472,Healthwear,2024-03-23,1,4,칼발이라 신발 고르기 어려웠는데 이건 정말 편해요. 디자인도 예쁘고 어디에 매치해도 잘 어울립니다. 배송 진짜 빨라요.,0
O0088,C0183,P0387,PC_Peripherals,2024-03-25,1,3,손 큰 편이라 사이즈가 살짝 작게 느껴져요. 성능은 괜찮은데 소프트웨어가 좀 불편하네요. 손땀은 좀 나아졌는데 마감이 아쉽습니다.,0
O0089,C0270,P0482,Healthwear,2024-03-25,1,4,디자인도 예쁘고 어디에 매치해도 잘 어울립니다. 쟁여두려고 하나 더 담았습니다. 👍,0
O0090,C0023,P0386,PC_Peripherals,2024-03-27,1,2,돈 아까워요,0
O0091,C0137,P0038,Cosmetics,2024-03-27,1,1,복합성 피부에는 좀 자극이 있었어요. 탄력저하에는 전혀 변화가 없네요.,0
O0092,C0270,P0560,Healthwear,2024-03-29,1,5,쿠션감 좋아서 오래 걸어도 무릎이 편합니다. 가볍고 통기성 좋아서 여름에 신기 좋네요.,0
O0093,C0072,P0578,Healthwear,2024-04-04,1,4,가볍고 통기성 좋아서 여름에 신기 좋네요. 재구매 의사 있습니다.,0
O0094,C0121,P0306,PC_Peripherals,2024-04-05,1,5,그립감 좋고 손목 피로가 확실히 덜합니다. 반응속도 빠르고 연결도 안정적이에요. 👍🏻,0
O0095,C0100,P0573,Healthwear,2024-04-06,1,5,발볼넓음이라 신발 고르기 어려웠는데 이건 정말 편해요.,0
O0096,C0100,P0164,Cosmetics,2024-04-08,2,5,가성비 좋네요,0
O0097,C0140,P0169,Cosmetics,2024-04-09,1,3,택배 박스 안에 완충재가 하나도 없더라고요. 향은 호불호 갈릴 것 같아요. 칙칙함 개선은 아직 잘 모르겠는데 발림성은 좋습니다. 가격 생각하면 용량이 살짝 아쉽네요.,1
O0098,C0270,P0578,Healthwear,2024-04-12,1,4,평발이라 신발 고르기 어려웠는데 이건 정말 편해요. 가볍고 통기성 좋아서 여름에 신기 좋네요. 배송 진짜 빨라요. 다 쓰면 또 살 것 같아요.,0
O0099,C0177,P0551,Healthwear,2024-04-13,1,1,뒤꿈치까짐 때문에 샀는데 오히려 더 심해졌습니다. 발볼이 좁아서 새끼발가락이 너무 아픕니다. 테이프가 다 떨어져서 왔는데 포장에 신경 좀 써주셨으면 해요.,1
O0100,C0239,P0321,PC_Peripherals,2024-04-13,1,3,성능은 괜찮은데 소프트웨어가 좀 불편하네요. 내구성은 좀 나아졌는데 마감이 아쉽습니다.,0
O0101,C0134,P0304,PC_Peripherals,2024-04-16,1,3,포장이 부실해서 아쉬웠습니다. 성능은 괜찮은데 소프트웨어가 좀 불편하네요. 기능은 무난한데 특별할 건 없어요. 재구매는 안 할 것 같아요.,0
O0102,C0129,P0058,Cosmetics,2024-04-17,1,4,배송 빠르고 포장도 꼼꼼해서 좋았어요. 민감 때문에 계속 고민이었는데 확실히 나아진 느낌입니다. 복합성 피부인데 자극 없이 잘 맞았어요.,0
O0103,C0157,P0496,Healthwear,2024-04-19,1,5,가볍고 통기성 좋아서 여름에 신기 좋네요. 쿠션감 좋아서 오래 걸어도 무릎이 편합니다.,0
O0104,C0243,P0230,PC_Peripherals,2024-04-26,1,4,,0
O0105,C0055,P0020,Cosmetics,2024-04-27,5,2,건성 피부에는 좀 자극이 있었어요. 다크서클에는 전혀 변화가 없네요. 향이 너무 강해서 쓰기 힘들었습니다. 택배 박스 안에 완충재가 하나도 없더라고요.,0
O0106,C0100,P0363,PC_Peripherals,2024-04-27,1,4,만족합니다,0
O0107,C0270,P0496,Healthwear,2024-04-27,1,5,디자인도 예쁘고 어디에 매치해도 잘 어울립니다. 주문하고 다음날 바로 도착했네요.,1
O0108,C0227,P0482,Healthwear,2024-04-28,1,5,평발이라 신발 고르기 어려웠는데 이건 정말 편해요. 쿠션감 좋아서 오래 걸어도 무릎이 편합니다. 쟁여두려고 하나 더 담았습니다.,0
O0109,C0128,P0345,PC_Peripherals,2024-04-29,1,5,,0
O0110,C0154,P0387,PC_Peripherals,2024-04-30,1,4,클릭음이 조용해서 사무실에서 쓰기 딱이에요. 배송 빠르고 포장도 꼼꼼해서 좋았어요. 🙂,0
O0111,C0130,P0084,Cosmetics,2024-05-01,1,5,순하게 잘 맞아서 두 번째 구매입니다. 유자추출물 들어간 제품 찾고 있었는데 딱이네요.,0
O0112,C0074,P0345,PC_Peripherals,2024-05-03,1,4,반응속도 빠르고 연결도 안정적이에요. 가벼워서 장시간 써도 부담 없습니다. 선물용으로도 괜찮을 만큼 포장이 잘 돼서 왔어요. 재구매 의사 있습니다.,0
O0113,C0076,P0398,PC_Peripherals,2024-05-05,1,5,키감 때문에 바꿨는데 아주 만족합니다. 재구매 의사 있습니다.,0
O0114,C0246,P0259,PC_Peripherals,2024-05-11,1,4,좋아요,0
O0115,C0227,P0306,PC_Peripherals,2024-05-12,1,3,보통이에요,0
O0116,C0225,P0407,Healthwear,2024-05-13,1,5,발볼넓음이라 신발 고르기 어려웠는데 이건 정말 편해요. 👍🏻,0
O0117,C0023,P0368,PC_Peripherals,2024-05-14,1,4,게이밍 키보드 중에 이 가격대에서 이 정도면 훌륭하죠. 클릭음이 조용해서 사무실에서 쓰기 딱이에요. 👍🏻,1
O0118,C0009,P0221,PC_Peripherals,2024-05-20,1,3,무난합니다,0
O0119,C0189,P0482,Healthwear,2024-05-22,1,5,장시간보행 피로 걱정 덜었습니다. 진작 살 걸 그랬어요. 🙂,0
O0120,C0009,P0230,PC_Peripherals,2024-05-24,1,5,가벼워서 장시간 써도 부담 없습니다. 게이밍 키보드 중에 이 가격대에서 이 정도면 훌륭하죠.,0
O0121,C0130,P0472,Healthwear,2024-05-25,1,5,정사이즈로 딱 맞았어요.,0
O0122,C0282,P0038,Cosmetics,2024-05-25,1,3,탄력저하 개선은 아직 잘 모르겠는데 발림성은 좋습니다. 배송이 생각보다 오래 걸렸네요. 반품 고민 중입니다.,0
O0123,C0154,P0345,PC_Peripherals,2024-05-26,2,5,가성비 좋네요,0
O0124,C0209,P0038,Cosmetics,2024-05-26,3,4,잘 쓰고 있어요,0
O0125,C0255,P0038,Cosmetics,2024-05-26,1,5,콜라겐 들어간 제품 찾고 있었는데 딱이네요. 다음엔 다른 라인도 사보려고요.,0
O0126,C0100,P0526,Healthwear,2024-05-27,1,4,쿠션감 좋아서 오래 걸어도 무릎이 편합니다. 쟁여두려고 하나 더 담았습니다. 🥰,0
O0127,C0121,P0482,Healthwear,2024-05-28,1,4,일상화로 매일 신고 있는데 발이 안 피곤해요. 다음엔 다른 라인도 사보려고요.,0
O0128,C0294,P0345,PC_Peripherals,2024-05-28,1,3,성능은 괜찮은데 소프트웨어가 좀 불편하네요. 손땀은 좀 나아졌는데 마감이 아쉽습니다.,0
O0129,C0074,P0394,PC_Peripherals,2024-05-31,1,3,가격 대비 딱 그만큼입니다.,0
O0130,C0108,P0169,Cosmetics,2024-06-03,1,5,순하게 잘 맞아서 두 번째 구매입니다. ❤️,0
O0131,C0072,P0590,Healthwear,2024-06-05,1,4,만족합니다,0
O0132,C0137,P0504,Healthwear,2024-06-07,1,5,아치통증 걱정 덜었습니다. 진작 살 걸 그랬어요.,0
O0133,C0107,P0462,Healthwear,2024-06-09,1,5,무난하게 좋습니다,0
O0134,C0016,P0038,Cosmetics,2024-06-10,1,5,복합성 피부인데 자극 없이 잘 맞았어요. ❣️,0
O0135,C0008,P0188,Cosmetics,2024-06-11,1,5,세라마이드 들어간 제품 찾고 있었는데 딱이네요. 보습 제품 여러 개 써봤는데 이게 제일 무난하고 좋네요. 다 쓰면 또 살 것 같아요.,0
O0136,C0273,P0116,Cosmetics,2024-06-13,2,5,배송 빠르고 포장도 꼼꼼해서 좋았어요. 미백 제품 여러 개 써봤는데 이게 제일 무난하고 좋네요. 쟁여두려고 하나 더 담았습니다.,0
O0137,C0009,P0345,PC_Peripherals,2024-06-16,1,3,기능은 무난한데 특별할 건 없어요. 가격 대비 딱 그만큼입니다. 성능은 괜찮은데 소프트웨어가 좀 불편하네요.,0
O0138,C0128,P0297,PC_Peripherals,2024-06-21,1,5,그립감 때문에 바꿨는데 아주 만족합니다.,0
O0139,C0079,P0306,PC_Peripherals,2024-06-23,1,5,게이밍 키보드 중에 이 가격대에서 이 정도면 훌륭하죠. 그립감 좋고 손목 피로가 확실히 덜합니다.,0
O0140,C0242,P0345,PC_Peripherals,2024-06-24,1,5,선물용으로도 괜찮을 만큼 포장이 잘 돼서 왔어요. 가벼워서 장시간 써도 부담 없습니다. 🥰,0
O0141,C0130,P0066,Cosmetics,2024-06-25,2,4,만족합니다,0
O0142,C0158,P0585,Healthwear,2024-06-26,1,5,워킹화로 매일 신고 있는데 발이 안 피곤해요. 쿠션감 좋아서 오래 걸어도 무릎이 편합니다. 발볼넓음이라 신발 고르기 어려웠는데 이건 정말 편해요.,0
O0143,C0237,P0581,Healthwear,2024-06-26,1,5,정사이즈로 딱 맞았어요.,0
O0144,C0184,P0369,PC_Peripherals,2024-06-28,1,3,손 큰 편이라 사이즈가 살짝 작게 느껴져요. 성능은 괜찮은데 소프트웨어가 좀 불편하네요.,0
O0145,C0008,P0038,Cosmetics,2024-06-29,1,5,복합성 피부인데 자극 없이 잘 맞았어요.,0
O0146,C0184,P0387,PC_Peripherals,2024-06-29,1,5,지연시간 때문에 바꿨는데 아주 만족합니다. 게이밍 마우스 중에 이 가격대에서 이 정도면 훌륭하죠.,0
O0147,C0209,P0296,PC_Peripherals,2024-06-30,1,5,클릭음이 조용해서 사무실에서 쓰기 딱이에요. 반응속도 빠르고 연결도 안정적이에요. 가벼워서 장시간 써도 부담 없습니다. 가족한테도 추천했어요. ❤️,0
O0148,C0139,P0345,PC_Peripherals,2024-07-01,1,5,26000DPI 광학센서 체감이 확실하네요. 그립감 좋고 손목 피로가 확실히 덜합니다. 쟁여두려고 하나 더 담았습니다.,0
O0149,C0113,P0015,Cosmetics,2024-07-04,2,4,가성비 좋네요,0
O0150,C0137,P0288,PC_Peripherals,2024-07-04,1,5,배송 빠르고 포장도 꼼꼼해서 좋았어요. 그립감 좋고 손목 피로가 확실히 덜합니다. 다음엔 다른 라인도 사보려고요. 🥰,0
O0151,C0008,P0322,PC_Peripherals,2024-07-05,1,5,무소음 클릭 체감이 확실하네요. 👍🏻,0
O0152,C0043,P0430,Healthwear,2024-07-05,1,5,선물용으로도 괜찮을 만큼 포장이 잘 돼서 왔어요. 워킹화로 매일 신고 있는데 발이 안 피곤해요. 디자인도 예쁘고 어디에 매치해도 잘 어울립니다. 다음엔 다른 라인도 사보려고요.,0
O0153,C0012,P0038,Cosmetics,2024-07-07,2,4,만족합니다,0
O0154,C0239,P0397,PC_Peripherals,2024-07-14,1,4,클릭음이 조용해서 사무실에서 쓰기 딱이에요. 배터리부족 때문에 바꿨는데 아주 만족합니다. 가족한테도 추천했어요.,0
O0155,C0274,P0296,PC_Peripherals,2024-07-16,1,5,굿굿,0
O0156,C0076,P0038,Cosmetics,2024-07-17,2,4,콜라겐 들어간 제품 찾고 있었는데 딱이네요. 선물용으로도 괜찮을 만큼 포장이 잘 돼서 왔어요. 다 쓰면 또 살 것 같아요.,0
O0157,C0284,P0022,Cosmetics,2024-07-20,1,5,순하게 잘 맞아서 두 번째 구매입니다. 가족한테도 추천했어요.,0
O0158,C0084,P0027,Cosmetics,2024-07-22,1,5,배송 빨라요 👍,0
O0159,C0129,P0170,Cosmetics,2024-07-23,1,3,각질 개선은 아직 잘 모르겠는데 발림성은 좋습니다. 가격 생각하면 좀 아쉽네요.,0
O0160,C0227,P0539,Healthwear,2024-07-25,1,4,디자인도 예쁘고 어디에 매치해도 잘 어울립니다. 가족한테도 추천했어요.,0
O0161,C0274,P0106,Cosmetics,2024-07-25,2,4,포장 상태 깔끔하게 잘 왔습니다. 끈적임 없이 촉촉해서 여름에도 부담 없이 발라요. 지성 피부인데 자극 없이 잘 맞았어요. 미백 제품 여러 개 써봤는데 이게 제일 무난하고 좋네요. 가족한테도 추천했어요.,0
O0162,C0178,P0329,PC_Peripherals,2024-07-28,1,4,,0
O0163,C0183,P0397,PC_Peripherals,2024-07-28,1,5,반응속도 빠르고 연결도 안정적이에요. 배송 빠르고 포장도 꼼꼼해서 좋았어요. 가족한테도 추천했어요.,0
O0164,C0116,P0548,Healthwear,2024-07-31,1,4,주문하고 다음날 바로 도착했네요. 쿠션감 좋아서 오래 걸어도 무릎이 편합니다. 런닝화로 매일 신고 있는데 발이 안 피곤해요. 다 쓰면 또 살 것 같아요.,0
O0165,C0154,P0230,PC_Peripherals,2024-08-05,2,4,게이밍 키보드 중에 이 가격대에서 이 정도면 훌륭하죠. 배송 빠르고 포장도 꼼꼼해서 좋았어요. 다음엔 다른 라인도 사보려고요.,0
O0166,C0294,P0038,Cosmetics,2024-08-05,1,4,좋아요,0
O0167,C0222,P0345,PC_Peripherals,2024-08-06,2,3,손 큰 편이라 사이즈가 살짝 작게 느껴져요. 성능은 괜찮은데 소프트웨어가 좀 불편하네요.,0
O0168,C0176,P0084,Cosmetics,2024-08-07,2,5,미백 제품 여러 개 써봤는데 이게 제일 무난하고 좋네요. 순하게 잘 맞아서 두 번째 구매입니다. 다 쓰면 또 살 것 같아요.,1
O0169,C0274,P0129,Cosmetics,2024-08-07,2,4,추천합니다,0
O0170,C0282,P0038,Cosmetics,2024-08-10,3,5,배송 빠르고 포장도 꼼꼼해서 좋았어요. 지성 피부인데 자극 없이 잘 맞았어요. 탄력저하 때문에 계속 고민이었는데 확실히 나아진 느낌입니다. 가족한테도 추천했어요.,0
O0171,C0178,P0221,PC_Peripherals,2024-08-11,1,2,생각보다 무거워서 손목이 더 아파요. 키감 문제가 전혀 해결이 안 됩니다. 포장이 부실해서 아쉬웠습니다. 다음엔 다른 제품 써보려고요.,0
O0172,C0274,P0038,Cosmetics,2024-08-12,1,4,콜라겐 들어간 제품 찾고 있었는데 딱이네요. 다 쓰면 또 살 것 같아요.,0
O0173,C0046,P0038,Cosmetics,2024-08-13,1,5,안티에이징 제품 여러 개 써봤는데 이게 제일 무난하고 좋네요. 순하게 잘 맞아서 두 번째 구매입니다. 발림성 좋고 흡수도 빨라서 아침에 쓰기 편해요. 재구매 의사 있습니다. 👍🏻,0
O0174,C0016,P0053,Cosmetics,2024-08-17,1,5,만족합니다,0
O0175,C0282,P0430,Healthwear,2024-08-17,1,5,워킹화로 매일 신고 있는데 발이 안 피곤해요. 칼발이라 신발 고르기 어려웠는데 이건 정말 편해요.,0
O0176,C0007,P0001,Cosmetics,2024-08-19,3,4,복합성 피부인데 자극 없이 잘 맞았어요. 배송 빠르고 포장도 꼼꼼해서 좋았어요.,0
O0177,C0225,P0498,Healthwear,2024-08-19,1,5,워킹화로 매일 신고 있는데 발이 안 피곤해요.,0
O0178,C0229,P0230,PC_Peripherals,2024-08-19,1,3,가격 대비 딱 그만큼입니다. 손 큰 편이라 사이즈가 살짝 작게 느껴져요. 가격 생각하면 좀 아쉽네요.,0
O0179,C0242,P0169,Cosmetics,2024-08-21,1,2,칙칙함에는 전혀 변화가 없네요.,0
O0180,C0085,P0008,Cosmetics,2024-08-22,1,1,다시는 안 살 듯,0
O0181,C0227,P0503,Healthwear,2024-08-22,2,2,배송이 생각보다 오래 걸렸네요. 사이즈가 작게 나와서 결국 반품했어요.,0
O0182,C0274,P0066,Cosmetics,2024-08-22,1,5,기미 때문에 계속 고민이었는데 확실히 나아진 느낌입니다. 발림성 좋고 흡수도 빨라서 아침에 쓰기 편해요. 미백 제품 여러 개 써봤는데 이게 제일 무난하고 좋네요.,0
O0183,C0012,P0028,Cosmetics,2024-08-25,1,2,향이 너무 강해서 쓰기 힘들었습니다. 쓰고 나서 오히려 트러블이 올라왔습니다.,0
O0184,C0121,P0345,PC_Peripherals,2024-08-27,1,5,배송 빨라요 👍,0
O0185,C0279,P0179,Cosmetics,2024-08-27,2,5,포장 상태 깔끔하게 잘 왔습니다. 순하게 잘 맞아서 두 번째 구매입니다.,0
O0186,C0158,P0306,PC_Peripherals,2024-08-29,1,2,두 달 만에 채터링 생겼어요. 택배 박스 안에 완충재가 하나도 없더라고요.,0
O0187,C0183,P0345,PC_Peripherals,2024-08-29,2,5,무난하게 좋습니다,0
O0188,C0147,P0200,Cosmetics,2024-08-30,1,4,끈적임 없이 촉촉해서 여름에도 부담 없이 발라요. 칙칙함 때문에 계속 고민이었는데 확실히 나아진 느낌입니다. 트라넥삼산 들어간 제품 찾고 있었는데 딱이네요. 가족한테도 추천했어요. 😆,0
O0189,C0184,P0345,PC_Peripherals,2024-08-31,1,5,무난하게 좋습니다,0
O0190,C0245,P0345,PC_Peripherals,2024-08-31,1,5,게이밍 마우스 중에 이 가격대에서 이 정도면 훌륭하죠. 2.4GHz 무선 체감이 확실하네요. 가벼워서 장시간 써도 부담 없습니다. 선물용으로도 괜찮을 만큼 포장이 잘 돼서 왔어요. 가족한테도 추천했어요. 👍,1
O0191,C0157,P0128,Cosmetics,2024-09-02,1,5,미백 제품 여러 개 써봤는데 이게 제일 무난하고 좋네요. 발림성 좋고 흡수도 빨라서 아침에 쓰기 편해요.,0
O0192,C0229,P0345,PC_Peripherals,2024-09-02,1,4,무난하게 좋습니다,0
O0193,C0274,P0188,Cosmetics,2024-09-04,3,5,포장 상태 깔끔하게 잘 왔습니다. 순하게 잘 맞아서 두 번째 구매입니다.,0
O0194,C0109,P0382,PC_Peripherals,2024-09-09,1,5,그립감 좋고 손목 피로가 확실히 덜합니다. 키감 때문에 바꿨는데 아주 만족합니다. 반응속도 빠르고 연결도 안정적이에요. 주문하고 다음날 바로 도착했네요.,0
O0195,C0132,P0038,Cosmetics,2024-09-11,2,5,발림성 좋고 흡수도 빨라서 아침에 쓰기 편해요. 콜라겐 들어간 제품 찾고 있었는데 딱이네요. 쟁여두려고 하나 더 담았습니다.,0
O0196,C0174,P0038,Cosmetics,2024-09-14,5,5,추천합니다,0
O0197,C0264,P0114,Cosmetics,2024-09-15,1,2,,0
O0198,C0189,P0465,Healthwear,2024-09-17,1,5,잘 쓰고 있어요,0
O0199,C0163,P0526,Healthwear,2024-09-18,1,4,라방에서 싸게 사서 더 만족스러워요. 발볼넓음이라 신발 고르기 어려웠는데 이건 정말 편해요. 쿠션감 좋아서 오래 걸어도 무릎이 편합니다.,0
O0200,C0203,P0229,PC_Peripherals,2024-09-18,1,5,게이밍 키보드 중에 이 가격대에서 이 정도면 훌륭하죠.,0
O0201,C0242,P0096,Cosmetics,2024-09-18,1,4,복합성 피부인데 자극 없이 잘 맞았어요. 쟁여두려고 하나 더 담았습니다.,0
O0202,C0225,P0517,Healthwear,2024-09-21,1,4,발볼넓음이라 신발 고르기 어려웠는데 이건 정말 편해요. 쿠션감 좋아서 오래 걸어도 무릎이 편합니다. 다 쓰면 또 살 것 같아요.,0
O0203,C0178,P0412,Healthwear,2024-09-24,1,4,발땀 걱정 덜었습니다. 진작 살 걸 그랬어요. 주문하고 다음날 바로 도착했네요.,1
O0204,C0008,P0078,Cosmetics,2024-09-25,5,2,,0
O0205,C0246,P0230,PC_Peripherals,2024-09-26,1,3,가격 대비 딱 그만큼입니다. 재구매는 안 할 것 같아요.,0
O0206,C0139,P0518,Healthwear,2024-09-27,2,2,배송이 생각보다 오래 걸렸네요. 뒤꿈치가 까져서 못 신겠어요. 반품 고민 중입니다.,0
O0207,C0216,P0392,PC_Peripherals,2024-09-29,1,4,,0
O0208,C0278,P0031,Cosmetics,2024-10-04,1,5,배송 빠르고 포장도 꼼꼼해서 좋았어요. 발림성 좋고 흡수도 빨라서 아침에 쓰기 편해요. 잡티 때문에 계속 고민이었는데 확실히 나아진 느낌입니다. 다음엔 다른 라인도 사보려고요.,1
O0209,C0107,P0280,PC_Peripherals,2024-10-07,1,5,그립감 좋고 손목 피로가 확실히 덜합니다. 지연시간 때문에 바꿨는데 아주 만족합니다.,0
O0210,C0210,P0080,Cosmetics,2024-10-08,5,3,향은 호불호 갈릴 것 같아요. 테이프가 다 떨어져서 왔는데 포장에 신경 좀 써주셨으면 해요.,0
O0211,C0034,P0406,Healthwear,2024-10-09,1,3,며칠 신으니 괜찮아졌는데 처음엔 뻣뻣했어요. 재구매는 안 할 것 같아요.,0
O0212,C0135,P0397,PC_Peripherals,2024-10-09,1,1,두 달 만에 채터링 생겼어요. 박스가 찌그러진 채로 도착해서 좀 당황했어요.,0
O0213,C0267,P0403,Healthwear,2024-10-12,2,4,발볼넓음이라 신발 고르기 어려웠는데 이건 정말 편해요. 쿠션감 좋아서 오래 걸어도 무릎이 편합니다. 정사이즈로 딱 맞았어요.,1
O0214,C0258,P0225,PC_Peripherals,2024-10-14,1,1,연결이 자꾸 끊겨서 스트레스입니다. 반품 고민 중입니다.,0
O0215,C0102,P0239,PC_Peripherals,2024-10-15,1,2,포장이 부실해서 아쉬웠습니다. 두 달 만에 채터링 생겼어요. 다음엔 다른 제품 써보려고요.,0
O0216,C0109,P0532,Healthwear,2024-10-17,1,2,쿠션이 두 달 만에 꺼졌네요.,0
O0217,C0189,P0442,Healthwear,2024-10-17,2,4,쿠션감 좋아서 오래 걸어도 무릎이 편합니다. 라방에서 싸게 사서 더 만족스러워요. 쟁여두려고 하나 더 담았습니다.,0
O0218,C0231,P0532,Healthwear,2024-10-19,1,5,발볼넓음이라 신발 고르기 어려웠는데 이건 정말 편해요. 정사이즈로 딱 맞았어요.,0
O0219,C0106,P0038,Cosmetics,2024-10-20,1,4,발림성 좋고 흡수도 빨라서 아침에 쓰기 편해요.,0
O0220,C0162,P0038,Cosmetics,2024-10-21,1,3,민감성 피부라 걱정했는데 트러블은 안 났어요. 딱 그 정도입니다. 향은 호불호 갈릴 것 같아요.,0
O0221,C0030,P0091,Cosmetics,2024-10-25,1,4,만족합니다,0
O0222,C0041,P0078,Cosmetics,2024-10-25,1,5,진정 제품 여러 개 써봤는데 이게 제일 무난하고 좋네요. 끈적임 없이 촉촉해서 여름에도 부담 없이 발라요. 순하게 잘 맞아서 두 번째 구매입니다. 배송 빠르고 포장도 꼼꼼해서 좋았어요. 가족한테도 추천했어요. 🥰,0
O0223,C0139,P0129,Cosmetics,2024-10-26,3,4,민감성 피부인데 자극 없이 잘 맞았어요. 쟁여두려고 하나 더 담았습니다. 👍,0
O0224,C0183,P0345,PC_Peripherals,2024-10-26,1,3,무게부담은 좀 나아졌는데 마감이 아쉽습니다. 다음엔 다른 제품 써보려고요.,0
O0225,C0174,P0070,Cosmetics,2024-10-29,1,5,,0
O0226,C0044,P0042,Cosmetics,2024-11-02,1,5,속당김 때문에 계속 고민이었는데 확실히 나아진 느낌입니다. 복합성 피부인데 자극 없이 잘 맞았어요. ❤️,0
O0227,C0067,P0091,Cosmetics,2024-11-04,5,5,끈적임 없이 촉촉해서 여름에도 부담 없이 발라요. 😆,0
O0228,C0016,P0482,Healthwear,2024-11-05,1,2,다시는 안 살 듯,0
O0229,C0190,P0305,PC_Peripherals,2024-11-05,1,4,클릭음이 조용해서 사무실에서 쓰기 딱이에요.,0
O0230,C0223,P0105,Cosmetics,2024-11-07,1,5,순하게 잘 맞아서 두 번째 구매입니다. 발림성 좋고 흡수도 빨라서 아침에 쓰기 편해요. 🥰,0
O0231,C0141,P0230,PC_Peripherals,2024-11-08,1,5,그립감 좋고 손목 피로가 확실히 덜합니다. 클릭음이 조용해서 사무실에서 쓰기 딱이에요. 반응속도 빠르고 연결도 안정적이에요.,0
O0232,C0183,P0422,Healthwear,2024-11-09,1,5,워킹화로 매일 신고 있는데 발이 안 피곤해요. 선물용으로도 괜찮을 만큼 포장이 잘 돼서 왔어요.,0
O0233,C0184,P0443,Healthwear,2024-11-10,1,5,칼발이라 신발 고르기 어려웠는데 이건 정말 편해요. 다 쓰면 또 살 것 같아요.,0
O0234,C0216,P0375,PC_Peripherals,2024-11-11,1,5,배터리부족 때문에 바꿨는데 아주 만족합니다.,0
O0235,C0260,P0443,Healthwear,2024-11-11,2,5,선물용으로도 괜찮을 만큼 포장이 잘 돼서 왔어요. 농구화로 매일 신고 있는데 발이 안 피곤해요. 다음엔 다른 라인도 사보려고요.,0
O0236,C0223,P0521,Healthwear,2024-11-12,1,4,가볍고 통기성 좋아서 여름에 신기 좋네요. 디자인도 예쁘고 어디에 매치해도 잘 어울립니다. 다 쓰면 또 살 것 같아요.,0
O0237,C0163,P0466,Healthwear,2024-11-16,1,5,주문하고 다음날 바로 도착했네요. 장시간보행 피로 걱정 덜었습니다. 진작 살 걸 그랬어요.,0
O0238,C0076,P0345,PC_Peripherals,2024-11-17,1,4,클릭음이 조용해서 사무실에서 쓰기 딱이에요. 반응속도 빠르고 연결도 안정적이에요.,0
O0239,C0246,P0230,PC_Peripherals,2024-11-17,1,3,가격 대비 딱 그만큼입니다. 가격 생각하면 좀 아쉽네요.,0
O0240,C0236,P0098,Cosmetics,2024-11-18,1,5,복합성 피부인데 자극 없이 잘 맞았어요. 끈적임 없이 촉촉해서 여름에도 부담 없이 발라요. ❣️,0
O0241,C0265,P0070,Cosmetics,2024-11-21,1,5,발림성 좋고 흡수도 빨라서 아침에 쓰기 편해요. 주름 때문에 계속 고민이었는데 확실히 나아진 느낌입니다.,0
O0242,C0242,P0037,Cosmetics,2024-11-22,3,3,그냥 그래요,0
O0243,C0076,P0111,Cosmetics,2024-11-23,2,4,칙칙함 때문에 계속 고민이었는데 확실히 나아진 느낌입니다. 비타민C 들어간 제품 찾고 있었는데 딱이네요. 끈적임 없이 촉촉해서 여름에도 부담 없이 발라요. 👍,0
O0244,C0102,P0263,PC_Peripherals,2024-11-24,1,5,게이밍 마우스 중에 이 가격대에서 이 정도면 훌륭하죠. 무게부담 때문에 바꿨는데 아주 만족합니다. 클릭음이 조용해서 사무실에서 쓰기 딱이에요.,0
O0245,C0184,P0052,Cosmetics,2024-11-25,2,1,포장이 부실해서 아쉬웠습니다. 향이 너무 강해서 쓰기 힘들었습니다. 민감성 피부에는 좀 자극이 있었어요. 반품 고민 중입니다.,0
O0246,C0110,P0250,PC_Peripherals,2024-11-29,2,5,반응속도 빠르고 연결도 안정적이에요.,0
O0247,C0085,P0169,Cosmetics,2024-12-01,1,5,만족합니다,0
O0248,C0282,P0038,Cosmetics,2024-12-01,3,5,라방에서 싸게 사서 더 만족스러워요. 지성 피부인데 자극 없이 잘 맞았어요.,0
O0249,C0210,P0067,Cosmetics,2024-12-03,3,5,추천합니다,0
O0250,C0203,P0038,Cosmetics,2024-12-04,2,4,순하게 잘 맞아서 두 번째 구매입니다.,1
O0251,C0158,P0526,Healthwear,2024-12-05,1,4,무게 걱정 덜었습니다. 진작 살 걸 그랬어요. 선물용으로도 괜찮을 만큼 포장이 잘 돼서 왔어요.,0
O0252,C0215,P0479,Healthwear,2024-12-05,1,5,칼발이라 신발 고르기 어려웠는데 이건 정말 편해요. 다 쓰면 또 살 것 같아요.,0
O0253,C0209,P0080,Cosmetics,2024-12-08,2,5,만족합니다,0
O0254,C0080,P0288,PC_Peripherals,2024-12-09,1,2,생각보다 무거워서 손목이 더 아파요. 가격 대비 마감이 너무 조악합니다. 두 달 만에 채터링 생겼어요. 테이프가 다 떨어져서 왔는데 포장에 신경 좀 써주셨으면 해요.,0
O0255,C0116,P0038,Cosmetics,2024-12-09,3,3,택배 박스 안에 완충재가 하나도 없더라고요. 탄력저하 개선은 아직 잘 모르겠는데 발림성은 좋습니다. 향은 호불호 갈릴 것 같아요.,0
O0256,C0137,P0472,Healthwear,2024-12-09,1,4,추천합니다,0
O0257,C0141,P0546,Healthwear,2024-12-10,1,5,가볍고 통기성 좋아서 여름에 신기 좋네요. 정사이즈로 딱 맞았어요. 쟁여두려고 하나 더 담았습니다.,0
O0258,C0255,P0229,PC_Peripherals,2024-12-12,1,2,박스가 찌그러진 채로 도착해서 좀 당황했어요. 연결이 자꾸 끊겨서 스트레스입니다.,0
O0259,C0064,P0554,Healthwear,2024-12-13,3,5,칼발이라 신발 고르기 어려웠는데 이건 정말 편해요. 주문하고 다음날 바로 도착했네요.,0
O0260,C0132,P0280,PC_Peripherals,2024-12-14,1,5,그립감 좋고 손목 피로가 확실히 덜합니다.,0
O0261,C0162,P0417,Healthwear,2024-12-14,1,5,추천합니다,0
O0262,C0265,P0169,Cosmetics,2024-12-14,1,3,택배 박스 안에 완충재가 하나도 없더라고요. 무난하게 쓰기 좋은데 드라마틱한 변화는 없어요. 칙칙함 개선은 아직 잘 모르겠는데 발림성은 좋습니다.,0
O0263,C0184,P0370,PC_Peripherals,2024-12-16,1,4,그립감 때문에 바꿨는데 아주 만족합니다. 사무용 마우스 중에 이 가격대에서 이 정도면 훌륭하죠. 재구매 의사 있습니다. 😆,0
O0264,C0189,P0592,Healthwear,2024-12-17,1,2,별로예요,0
O0265,C0135,P0188,Cosmetics,2024-12-18,1,4,발림성 좋고 흡수도 빨라서 아침에 쓰기 편해요. 각질 때문에 계속 고민이었는데 확실히 나아진 느낌입니다. 지성 피부인데 자극 없이 잘 맞았어요.,0
O0266,C0207,P0277,PC_Peripherals,2024-12-19,1,5,배송 빨라요 👍,0
O0267,C0083,P0296,PC_Peripherals,2024-12-20,2,5,,0
O0268,C0210,P0065,Cosmetics,2024-12-23,1,3,가격 생각하면 용량이 살짝 아쉽네요. 민감 개선은 아직 잘 모르겠는데 발림성은 좋습니다.,0
O0269,C0019,P0459,Healthwear,2024-12-26,1,5,디자인도 예쁘고 어디에 매치해도 잘 어울립니다.,1
O0270,C0158,P0306,PC_Peripherals,2024-12-27,1,5,그립감 좋고 손목 피로가 확실히 덜합니다. 65% 배열 체감이 확실하네요.,0
O0271,C0274,P0038,Cosmetics,2024-12-27,1,5,포장 상태 깔끔하게 잘 왔습니다. 지성 피부인데 자극 없이 잘 맞았어요. 펩타이드 들어간 제품 찾고 있었는데 딱이네요. 순하게 잘 맞아서 두 번째 구매입니다. 가족한테도 추천했어요.,0
O0272,C0046,P0323,PC_Peripherals,2024-12-28,1,4,그립감 좋고 손목 피로가 확실히 덜합니다. 반응속도 빠르고 연결도 안정적이에요. 쟁여두려고 하나 더 담았습니다.,0
O0273,C0246,P0329,PC_Peripherals,2024-12-28,1,3,그립감은 좀 나아졌는데 마감이 아쉽습니다. 손 큰 편이라 사이즈가 살짝 작게 느껴져요. 성능은 괜찮은데 소프트웨어가 좀 불편하네요. 다음엔 다른 제품 써보려고요.,0
O0274,C0265,P0296,PC_Peripherals,2024-12-30,1,5,잘 쓰고 있어요,0
O0275,C0209,P0261,PC_Peripherals,2024-12-31,1,4,게이밍 키보드 중에 이 가격대에서 이 정도면 훌륭하죠. 클릭음이 조용해서 사무실에서 쓰기 딱이에요.,0
O0276,C0016,P0105,Cosmetics,2025-01-02,3,5,히알루론산 들어간 제품 찾고 있었는데 딱이네요. 보습 제품 여러 개 써봤는데 이게 제일 무난하고 좋네요.,0
O0277,C0162,P0261,PC_Peripherals,2025-01-02,1,1,가격 대비 마감이 너무 조악합니다.,0
O0278,C0255,P0038,Cosmetics,2025-01-02,2,5,잘 쓰고 있어요,0
O0279,C0034,P0230,PC_Peripherals,2025-01-03,1,5,내구성 때문에 바꿨는데 아주 만족합니다.,0
O0280,C0109,P0038,Cosmetics,2025-01-04,2,3,,0
O0281,C0162,P0465,Healthwear,2025-01-04,2,5,가볍고 통기성 좋아서 여름에 신기 좋네요. 쿠션감 좋아서 오래 걸어도 무릎이 편합니다.,0
O0282,C0184,P0295,PC_Peripherals,2025-01-04,1,5,액티브 노이즈캔슬링 체감이 확실하네요. 그립감 좋고 손목 피로가 확실히 덜합니다. 😆,0
O0283,C0237,P0442,Healthwear,2025-01-05,1,4,쿠션감 좋아서 오래 걸어도 무릎이 편합니다. 가볍고 통기성 좋아서 여름에 신기 좋네요. 가족한테도 추천했어요. 👍,0
O0284,C0242,P0100,Cosmetics,2025-01-05,2,3,다크서클 개선은 아직 잘 모르겠는데 발림성은 좋습니다. 향은 호불호 갈릴 것 같아요. 재구매는 안 할 것 같아요.,0
O0285,C0100,P0354,PC_Peripherals,2025-01-07,1,4,굿굿,0
O0286,C0265,P0179,Cosmetics,2025-01-07,1,3,속당김 개선은 아직 잘 모르겠는데 발림성은 좋습니다. 다음엔 다른 제품 써보려고요.,0
O0287,C0237,P0595,Healthwear,2025-01-13,1,5,,0
O0288,C0242,P0370,PC_Peripherals,2025-01-13,3,5,클릭음이 조용해서 사무실에서 쓰기 딱이에요. 클릭소음 때문에 바꿨는데 아주 만족합니다. 가족한테도 추천했어요. 😊,0
O0289,C0071,P0044,Cosmetics,2025-01-14,5,3,박스가 찌그러진 채로 도착해서 좀 당황했어요. 건성 피부라 걱정했는데 트러블은 안 났어요. 딱 그 정도입니다. 재구매는 안 할 것 같아요.,0
O0290,C0109,P0472,Healthwear,2025-01-14,1,5,발볼넓음이라 신발 고르기 어려웠는데 이건 정말 편해요. 정사이즈로 딱 맞았어요.,0
O0291,C0129,P0280,PC_Peripherals,2025-01-15,1,5,포장 상태 깔끔하게 잘 왔습니다. 반응속도 빠르고 연결도 안정적이에요. 가벼워서 장시간 써도 부담 없습니다. ❣️,0
O0292,C0086,P0320,PC_Peripherals,2025-01-16,1,5,게이밍 마우스 중에 이 가격대에서 이 정도면 훌륭하죠. 포장 상태 깔끔하게 잘 왔습니다.,0
O0293,C0282,P0552,Healthwear,2025-01-16,1,5,뒤꿈치까짐 걱정 덜었습니다. 진작 살 걸 그랬어요. 디자인도 예쁘고 어디에 매치해도 잘 어울립니다. 쿠션감 좋아서 오래 걸어도 무릎이 편합니다. 라방에서 싸게 사서 더 만족스러워요. 다 쓰면 또 살 것 같아요. 👍🏻,0
O0294,C0002,P0095,Cosmetics,2025-01-18,1,4,트러블 때문에 계속 고민이었는데 확실히 나아진 느낌입니다.,0
O0295,C0280,P0158,Cosmetics,2025-01-19,2,5,여드름 때문에 계속 고민이었는데 확실히 나아진 느낌입니다. 다음엔 다른 라인도 사보려고요. 🙂,0
O0296,C0105,P0345,PC_Peripherals,2025-01-22,1,5,그립감 좋고 손목 피로가 확실히 덜합니다. 가족한테도 추천했어요.,0
O0297,C0239,P0345,PC_Peripherals,2025-01-22,1,4,가벼워서 장시간 써도 부담 없습니다. 주문하고 다음날 바로 도착했네요. 재구매 의사 있습니다.,0
O0298,C0093,P0230,PC_Peripherals,2025-01-24,1,5,추천합니다,0
O0299,C0053,P0010,Cosmetics,2025-01-27,1,5,발림성 좋고 흡수도 빨라서 아침에 쓰기 편해요. 다음엔 다른 라인도 사보려고요.,0
O0300,C0030,P0594,Healthwear,2025-01-28,1,3,무난한데 이 가격이면 좀 비싼 느낌입니다. 착화감은 괜찮은데 장시간보행 피로은 그대로예요. 사이즈가 살짝 크게 나온 것 같아요. 반 사이즈 작게 사세요. 박스가 찌그러진 채로 도착해서 좀 당황했어요.,0
O0301,C0135,P0256,PC_Peripherals,2025-01-31,1,5,배송 빠르고 포장도 꼼꼼해서 좋았어요. 클릭음이 조용해서 사무실에서 쓰기 딱이에요. 그립감 좋고 손목 피로가 확실히 덜합니다. 무선 이어폰 중에 이 가격대에서 이 정도면 훌륭하죠. 가족한테도 추천했어요.,0
O0302,C0039,P0546,Healthwear,2025-02-01,1,4,디자인도 예쁘고 어디에 매치해도 잘 어울립니다. 가족한테도 추천했어요.,0
O0303,C0073,P0578,Healthwear,2025-02-02,1,4,쿠션감 좋아서 오래 걸어도 무릎이 편합니다. 👍,0
O0304,C0130,P0396,PC_Peripherals,2025-02-04,1,5,손땀 때문에 바꿨는데 아주 만족합니다. 2.4GHz 무선 체감이 확실하네요. 😆,0
O0305,C0299,P0296,PC_Peripherals,2025-02-04,1,3,가격 대비 딱 그만큼입니다. 손 큰 편이라 사이즈가 살짝 작게 느껴져요.,0
O0306,C0213,P0345,PC_Peripherals,2025-02-05,1,5,게이밍 마우스 중에 이 가격대에서 이 정도면 훌륭하죠. 다 쓰면 또 살 것 같아요.,0
O0307,C0274,P0076,Cosmetics,2025-02-05,2,3,택배 박스 안에 완충재가 하나도 없더라고요. 지성 피부라 걱정했는데 트러블은 안 났어요. 딱 그 정도입니다. 향은 호불호 갈릴 것 같아요. 트러블 개선은 아직 잘 모르겠는데 발림성은 좋습니다.,0
O0308,C0079,P0028,Cosmetics,2025-02-06,2,3,테이프가 다 떨어져서 왔는데 포장에 신경 좀 써주셨으면 해요. 복합성 피부라 걱정했는데 트러블은 안 났어요. 딱 그 정도입니다. 가격 생각하면 좀 아쉽네요.,1
O0309,C0106,P0167,Cosmetics,2025-02-08,1,5,프로폴리스 들어간 제품 찾고 있었는데 딱이네요. 끈적임 없이 촉촉해서 여름에도 부담 없이 발라요. 진정 제품 여러 개 써봤는데 이게 제일 무난하고 좋네요. 😆,0
O0310,C0139,P0497,Healthwear,2025-02-09,1,2,발볼이 좁아서 새끼발가락이 너무 아픕니다.,0
O0311,C0165,P0504,Healthwear,2025-02-09,1,5,가볍고 통기성 좋아서 여름에 신기 좋네요.,1
O0312,C0080,P0527,Healthwear,2025-02-12,1,5,디자인도 예쁘고 어디에 매치해도 잘 어울립니다. 가볍고 통기성 좋아서 여름에 신기 좋네요.,0
O0313,C0282,P0200,Cosmetics,2025-02-12,1,4,잘 쓰고 있어요,0
O0314,C0263,P0306,PC_Peripherals,2025-02-13,2,5,무난하게 좋습니다,0
O0315,C0167,P0084,Cosmetics,2025-02-15,1,1,쓰고 나서 오히려 트러블이 올라왔습니다. 포장이 부실해서 아쉬웠습니다. 반품 고민 중입니다.,0
O0316,C0184,P0100,Cosmetics,2025-02-15,1,5,,0
O0317,C0146,P0345,PC_Peripherals,2025-02-16,1,5,그립감 좋고 손목 피로가 확실히 덜합니다.,0
O0318,C0223,P0068,Cosmetics,2025-02-17,2,5,보습 제품 여러 개 써봤는데 이게 제일 무난하고 좋네요. 장벽손상 때문에 계속 고민이었는데 확실히 나아진 느낌입니다.,0
O0319,C0275,P0482,Healthwear,2025-02-17,1,5,발볼압박 걱정 덜었습니다. 진작 살 걸 그랬어요. 포장 상태 깔끔하게 잘 왔습니다.,0
O0320,C0191,P0345,PC_Peripherals,2025-02-18,1,5,,0
O0321,C0199,P0545,Healthwear,2025-02-18,1,4,디자인도 예쁘고 어디에 매치해도 잘 어울립니다. 배송 진짜 빨라요. 쟁여두려고 하나 더 담았습니다. ❤️,1
O0322,C0294,P0024,Cosmetics,2025-02-18,2,1,발림성이 뻑뻑하고 밀려서 못 쓰겠어요. 향이 너무 강해서 쓰기 힘들었습니다. 쓰고 나서 오히려 트러블이 올라왔습니다.,0
O0323,C0085,P0575,Healthwear,2025-02-21,1,5,가볍고 통기성 좋아서 여름에 신기 좋네요.,0
O0324,C0093,P0587,Healthwear,2025-02-23,2,1,뒤꿈치가 까져서 못 신겠어요.,0
O0325,C0118,P0485,Healthwear,2025-02-23,1,4,일상화로 매일 신고 있는데 발이 안 피곤해요. 쿠션감 좋아서 오래 걸어도 무릎이 편합니다. 가족한테도 추천했어요.,0
O0326,C0135,P0038,Cosmetics,2025-02-23,5,5,주문하고 다음날 바로 도착했네요. 발림성 좋고 흡수도 빨라서 아침에 쓰기 편해요. 지성 피부인데 자극 없이 잘 맞았어요. EGF 들어간 제품 찾고 있었는데 딱이네요. 재구매 의사 있습니다.,0
O0327,C0071,P0190,Cosmetics,2025-02-24,1,4,발림성 좋고 흡수도 빨라서 아침에 쓰기 편해요. 끈적임 없이 촉촉해서 여름에도 부담 없이 발라요. 포장 상태 깔끔하게 잘 왔습니다.,1
O0328,C0004,P0327,PC_Peripherals,2025-02-26,1,4,가성비 좋네요,1
O0329,C0053,P0018,Cosmetics,2025-02-26,1,4,발림성 좋고 흡수도 빨라서 아침에 쓰기 편해요.,0
O0330,C0242,P0296,PC_Peripherals,2025-02-26,1,2,두 달 만에 채터링 생겼어요. 반품 고민 중입니다.,0
O0331,C0032,P0345,PC_Peripherals,2025-02-28,1,5,26000DPI 광학센서 체감이 확실하네요. 가벼워서 장시간 써도 부담 없습니다. 반응속도 빠르고 연결도 안정적이에요.,0
O0332,C0037,P0051,Cosmetics,2025-02-28,2,5,민감 때문에 계속 고민이었는데 확실히 나아진 느낌입니다. 민감성 피부인데 자극 없이 잘 맞았어요.,0
O0333,C0090,P0345,PC_Peripherals,2025-03-02,1,5,반응속도 빠르고 연결도 안정적이에요. 무게부담 때문에 바꿨는데 아주 만족합니다.,0
O0334,C0162,P0527,Healthwear,2025-03-03,2,5,쿠션감 좋아서 오래 걸어도 무릎이 편합니다. 디자인도 예쁘고 어디에 매치해도 잘 어울립니다.,0
O0335,C0294,P0154,Cosmetics,2025-03-04,2,5,배송 빨라요 👍,0
O0336,C0102,P0345,PC_Peripherals,2025-03-06,1,2,실망입니다,0
O0337,C0162,P0230,PC_Peripherals,2025-03-06,1,5,타건소음 때문에 바꿨는데 아주 만족합니다.,0
O0338,C0253,P0346,PC_Peripherals,2025-03-06,1,5,1600DPI 체감이 확실하네요. 가벼워서 장시간 써도 부담 없습니다. 그립감 좋고 손목 피로가 확실히 덜합니다. 가족한테도 추천했어요.,0
O0339,C0049,P0578,Healthwear,2025-03-07,1,5,발땀 걱정 덜었습니다. 진작 살 걸 그랬어요. 일상화로 매일 신고 있는데 발이 안 피곤해요.,0
O0340,C0229,P0095,Cosmetics,2025-03-07,2,5,트러블 때문에 계속 고민이었는데 확실히 나아진 느낌입니다. 순하게 잘 맞아서 두 번째 구매입니다. 배송 빠르고 포장도 꼼꼼해서 좋았어요.,0
O0341,C0157,P0548,Healthwear,2025-03-08,1,5,선물용으로도 괜찮을 만큼 포장이 잘 돼서 왔어요. 발땀 걱정 덜었습니다. 진작 살 걸 그랬어요. 디자인도 예쁘고 어디에 매치해도 잘 어울립니다. 다음엔 다른 라인도 사보려고요. 👍,0
O0342,C0279,P0230,PC_Peripherals,2025-03-08,1,5,게이밍 키보드 중에 이 가격대에서 이 정도면 훌륭하죠. 포장 상태 깔끔하게 잘 왔습니다. 재구매 의사 있습니다.,0
O0343,C0284,P0306,PC_Peripherals,2025-03-08,1,3,가격 대비 딱 그만큼입니다. 채터링은 좀 나아졌는데 마감이 아쉽습니다. 손 큰 편이라 사이즈가 살짝 작게 느껴져요. 재구매는 안 할 것 같아요.,0
O0344,C0105,P0145,Cosmetics,2025-03-09,2,2,,0
O0345,C0141,P0526,Healthwear,2025-03-11,1,5,배송 진짜 빨라요. 착지충격 걱정 덜었습니다. 진작 살 걸 그랬어요. 😊,0
O0346,C0282,P0580,Healthwear,2025-03-11,1,4,잘 쓰고 있어요,0
O0347,C0252,P0037,Cosmetics,2025-03-12,1,3,가격 생각하면 용량이 살짝 아쉽네요.,0
O0348,C0191,P0097,Cosmetics,2025-03-14,1,4,잘 쓰고 있어요,0
O0349,C0039,P0297,PC_Peripherals,2025-03-15,1,4,,0
O0350,C0073,P0526,Healthwear,2025-03-15,1,3,사이즈가 살짝 크게 나온 것 같아요. 반 사이즈 작게 사세요. 무난한데 이 가격이면 좀 비싼 느낌입니다. 며칠 신으니 괜찮아졌는데 처음엔 뻣뻣했어요. 재구매는 안 할 것 같아요.,0
O0351,C0125,P0106,Cosmetics,2025-03-16,2,5,발림성 좋고 흡수도 빨라서 아침에 쓰기 편해요. 순하게 잘 맞아서 두 번째 구매입니다. ❣️,0
O0352,C0159,P0382,PC_Peripherals,2025-03-16,1,2,두 달 만에 채터링 생겼어요. 생각보다 무거워서 손목이 더 아파요. 택배 박스 안에 완충재가 하나도 없더라고요.,0
O0353,C0106,P0252,PC_Peripherals,2025-03-17,1,2,가격 대비 마감이 너무 조악합니다. 다음엔 다른 제품 써보려고요.,0
O0354,C0159,P0466,Healthwear,2025-03-17,1,5,라방에서 싸게 사서 더 만족스러워요. 정사이즈로 딱 맞았어요. 칼발이라 신발 고르기 어려웠는데 이건 정말 편해요.,0
O0355,C0012,P0345,PC_Peripherals,2025-03-18,2,5,가벼워서 장시간 써도 부담 없습니다. 게이밍 마우스 중에 이 가격대에서 이 정도면 훌륭하죠. 주문하고 다음날 바로 도착했네요. ❣️,0
O0356,C0194,P0242,PC_Peripherals,2025-03-21,1,4,블루투스 5.3 체감이 확실하네요.,0
O0357,C0080,P0316,PC_Peripherals,2025-03-22,1,4,무난하게 좋습니다,0
O0358,C0116,P0497,Healthwear,2025-03-23,1,5,런닝화로 매일 신고 있는데 발이 안 피곤해요. 배송 빠르고 포장도 꼼꼼해서 좋았어요.,0
O0359,C0098,P0266,PC_Peripherals,2025-03-24,3,4,만족합니다,0
O0360,C0124,P0425,Healthwear,2025-03-24,1,1,사이즈가 작게 나와서 결국 반품했어요. 반품 고민 중입니다.,0
O0361,C0155,P0558,Healthwear,2025-03-24,1,5,쿠션감 좋아서 오래 걸어도 무릎이 편합니다. 워킹화로 매일 신고 있는데 발이 안 피곤해요. 다 쓰면 또 살 것 같아요.,0
O0362,C0231,P0038,Cosmetics,2025-03-24,3,5,배송 진짜 빨라요. 끈적임 없이 촉촉해서 여름에도 부담 없이 발라요. EGF 들어간 제품 찾고 있었는데 딱이네요.,0
O0363,C0167,P0022,Cosmetics,2025-03-25,3,3,트러블 개선은 아직 잘 모르겠는데 발림성은 좋습니다. 가격 생각하면 용량이 살짝 아쉽네요. 향은 호불호 갈릴 것 같아요.,0
O0364,C0162,P0198,Cosmetics,2025-03-26,2,4,콜라겐 들어간 제품 찾고 있었는데 딱이네요. 가족한테도 추천했어요. 🥰,0
O0365,C0188,P0403,Healthwear,2025-03-27,1,5,라방에서 싸게 사서 더 만족스러워요. 정사이즈로 딱 맞았어요. 쿠션감 좋아서 오래 걸어도 무릎이 편합니다. 다음엔 다른 라인도 사보려고요.,0
O0366,C0047,P0497,Healthwear,2025-03-29,1,5,정사이즈로 딱 맞았어요. 발땀 걱정 덜었습니다. 진작 살 걸 그랬어요. 재구매 의사 있습니다.,0
O0367,C0052,P0037,Cosmetics,2025-03-29,2,5,진정 제품 여러 개 써봤는데 이게 제일 무난하고 좋네요. 다 쓰면 또 살 것 같아요. 😊,0
O0368,C0073,P0095,Cosmetics,2025-03-29,3,3,배송이 생각보다 오래 걸렸네요. 가격 생각하면 용량이 살짝 아쉽네요.,0
O0369,C0163,P0414,Healthwear,2025-03-29,1,4,굿굿,0
O0370,C0263,P0038,Cosmetics,2025-03-30,3,4,안티에이징 제품 여러 개 써봤는데 이게 제일 무난하고 좋네요.,0
O0371,C0080,P0296,PC_Peripherals,2025-04-02,1,5,포장 상태 깔끔하게 잘 왔습니다. 그립감 좋고 손목 피로가 확실히 덜합니다. 반응속도 빠르고 연결도 안정적이에요. 사무용 마우스 중에 이 가격대에서 이 정도면 훌륭하죠. 재구매 의사 있습니다.,0
O0372,C0125,P0111,Cosmetics,2025-04-03,1,5,칙칙함 때문에 계속 고민이었는데 확실히 나아진 느낌입니다. 다음엔 다른 라인도 사보려고요. ❣️,0
O0373,C0169,P0301,PC_Peripherals,2025-04-03,1,4,클릭음이 조용해서 사무실에서 쓰기 딱이에요. 1600DPI 체감이 확실하네요. 쟁여두려고 하나 더 담았습니다. 👍,0
O0374,C0043,P0423,Healthwear,2025-04-04,1,2,돈 아까워요,0
O0375,C0129,P0285,PC_Peripherals,2025-04-06,1,5,그립감 좋고 손목 피로가 확실히 덜합니다.,1
O0376,C0156,P0230,PC_Peripherals,2025-04-06,1,5,배송 빠르고 포장도 꼼꼼해서 좋았어요. 가벼워서 장시간 써도 부담 없습니다. 재구매 의사 있습니다.,0
O0377,C0169,P0296,PC_Peripherals,2025-04-06,1,5,반응속도 빠르고 연결도 안정적이에요. 사무용 마우스 중에 이 가격대에서 이 정도면 훌륭하죠. 다 쓰면 또 살 것 같아요.,0
O0378,C0063,P0161,Cosmetics,2025-04-07,1,5,각질 때문에 계속 고민이었는데 확실히 나아진 느낌입니다. 주문하고 다음날 바로 도착했네요. 🥰,0
O0379,C0242,P0134,Cosmetics,2025-04-07,3,5,다크서클 때문에 계속 고민이었는데 확실히 나아진 느낌입니다. 순하게 잘 맞아서 두 번째 구매입니다. 라방에서 싸게 사서 더 만족스러워요. 가족한테도 추천했어요. 🥰,0
O0380,C0153,P0037,Cosmetics,2025-04-08,1,4,배송 빨라요 👍,1
O0381,C0242,P0038,Cosmetics,2025-04-08,2,5,발림성 좋고 흡수도 빨라서 아침에 쓰기 편해요.,0
O0382,C0164,P0053,Cosmetics,2025-04-09,5,3,주름 개선은 아직 잘 모르겠는데 발림성은 좋습니다. 다음엔 다른 제품 써보려고요.,0
O0383,C0239,P0169,Cosmetics,2025-04-09,2,4,순하게 잘 맞아서 두 번째 구매입니다. 나이아신아마이드 들어간 제품 찾고 있었는데 딱이네요. 선물용으로도 괜찮을 만큼 포장이 잘 돼서 왔어요.,0
O0384,C0242,P0038,Cosmetics,2025-04-09,1,5,배송 빨라요 👍,0
O0385,C0074,P0508,Healthwear,2025-04-10,1,5,무릎충격 걱정 덜었습니다. 진작 살 걸 그랬어요. 선물용으로도 괜찮을 만큼 포장이 잘 돼서 왔어요. 재구매 의사 있습니다.,1
O0386,C0190,P0050,Cosmetics,2025-04-10,1,5,복합성 피부인데 자극 없이 잘 맞았어요. 칙칙함 때문에 계속 고민이었는데 확실히 나아진 느낌입니다. 순하게 잘 맞아서 두 번째 구매입니다.,0
O0387,C0061,P0230,PC_Peripherals,2025-04-11,1,4,배송 빨라요 👍,1
O0388,C0258,P0261,PC_Peripherals,2025-04-11,1,4,반응속도 빠르고 연결도 안정적이에요. 재구매 의사 있습니다.,0
O0389,C0030,P0145,Cosmetics,2025-04-12,3,5,,1
O0390,C0051,P0038,Cosmetics,2025-04-12,2,5,안티에이징 제품 여러 개 써봤는데 이게 제일 무난하고 좋네요. 다음엔 다른 라인도 사보려고요.,0
O0391,C0179,P0345,PC_Peripherals,2025-04-14,1,4,포장 상태 깔끔하게 잘 왔습니다. 반응속도 빠르고 연결도 안정적이에요. 클릭음이 조용해서 사무실에서 쓰기 딱이에요. 🙂,0
O0392,C0016,P0080,Cosmetics,2025-04-15,2,4,발림성 좋고 흡수도 빨라서 아침에 쓰기 편해요. 재구매 의사 있습니다.,0
O0393,C0230,P0266,PC_Peripherals,2025-04-17,1,5,좋아요,0
O0394,C0242,P0599,Healthwear,2025-04-18,1,5,추천합니다,0
O0395,C0294,P0180,Cosmetics,2025-04-18,3,2,지성 피부에는 좀 자극이 있었어요. 칙칙함에는 전혀 변화가 없네요.,0
O0396,C0008,P0482,Healthwear,2025-04-19,1,3,박스가 찌그러진 채로 도착해서 좀 당황했어요. 사이즈가 살짝 크게 나온 것 같아요. 반 사이즈 작게 사세요. 재구매는 안 할 것 같아요.,1
O0397,C0009,P0230,PC_Peripherals,2025-04-19,2,5,무선 3모드 체감이 확실하네요. 재구매 의사 있습니다.,0
O0398,C0229,P0261,PC_Peripherals,2025-04-20,2,4,잘 쓰고 있어요,0
O0399,C0263,P0163,Cosmetics,2025-04-21,1,5,건성 피부인데 자극 없이 잘 맞았어요. 미백 제품 여러 개 써봤는데 이게 제일 무난하고 좋네요. 가족한테도 추천했어요.,0
O0400,C0182,P0230,PC_Peripherals,2025-04-22,1,3,보통이에요,0
O0401,C0237,P0474,Healthwear,2025-04-22,1,5,디자인도 예쁘고 어디에 매치해도 잘 어울립니다. 배송 진짜 빨라요. 다음엔 다른 라인도 사보려고요.,0
O0402,C0225,P0591,Healthwear,2025-04-23,1,2,발볼이 좁아서 새끼발가락이 너무 아픕니다. 발볼압박 때문에 샀는데 오히려 더 심해졌습니다. 박스가 찌그러진 채로 도착해서 좀 당황했어요.,0
O0403,C0260,P0015,Cosmetics,2025-04-25,2,5,발림성 좋고 흡수도 빨라서 아침에 쓰기 편해요. 쟁여두려고 하나 더 담았습니다.,0
O0404,C0057,P0202,PC_Peripherals,2025-04-26,1,4,라방에서 싸게 사서 더 만족스러워요. 그립감 좋고 손목 피로가 확실히 덜합니다. 🙂,0
O0405,C0205,P0565,Healthwear,2025-04-27,1,5,가볍고 통기성 좋아서 여름에 신기 좋네요.,1
O0406,C0075,P0096,Cosmetics,2025-04-28,3,4,가성비 좋네요,0
O0407,C0092,P0038,Cosmetics,2025-04-29,2,5,끈적임 없이 촉촉해서 여름에도 부담 없이 발라요. 가족한테도 추천했어요.,0
O0408,C0150,P0408,Healthwear,2025-04-29,1,2,사이즈가 작게 나와서 결국 반품했어요.,0
O0409,C0054,P0504,Healthwear,2025-04-30,1,3,무난한데 이 가격이면 좀 비싼 느낌입니다. 박스가 찌그러진 채로 도착해서 좀 당황했어요.,0
O0410,C0282,P0345,PC_Peripherals,2025-04-30,1,5,반응속도 빠르고 연결도 안정적이에요. 게이밍 마우스 중에 이 가격대에서 이 정도면 훌륭하죠.,0
O0411,C0163,P0472,Healthwear,2025-05-01,1,5,정사이즈로 딱 맞았어요. 쿠션감 좋아서 오래 걸어도 무릎이 편합니다. 가볍고 통기성 좋아서 여름에 신기 좋네요. 👍🏻,0
O0412,C0260,P0502,Healthwear,2025-05-02,1,5,,0
O0413,C0169,P0396,PC_Peripherals,2025-05-03,2,2,생각보다 무거워서 손목이 더 아파요. 가격 대비 마감이 너무 조악합니다.,1
O0414,C0171,P0430,Healthwear,2025-05-03,1,5,가볍고 통기성 좋아서 여름에 신기 좋네요.,0
O0415,C0284,P0032,Cosmetics,2025-05-03,1,2,돈 아까워요,0
O0416,C0238,P0552,Healthwear,2025-05-04,1,1,별로예요,0
O0417,C0242,P0048,Cosmetics,2025-05-04,2,4,끈적임 없이 촉촉해서 여름에도 부담 없이 발라요. 라방에서 싸게 사서 더 만족스러워요. 쟁여두려고 하나 더 담았습니다.,0
O0418,C0179,P0229,PC_Peripherals,2025-05-06,2,4,핫스왑 소켓 체감이 확실하네요. 게이밍 키보드 중에 이 가격대에서 이 정도면 훌륭하죠. 내구성 때문에 바꿨는데 아주 만족합니다. 재구매 의사 있습니다.,0
O0419,C0006,P0430,Healthwear,2025-05-07,2,3,실물이 사진보다 좀 투박해요. 착화감은 괜찮은데 미끄럼은 그대로예요. 사이즈가 살짝 크게 나온 것 같아요. 반 사이즈 작게 사세요. 택배 박스 안에 완충재가 하나도 없더라고요.,0
O0420,C0167,P0086,Cosmetics,2025-05-07,1,5,순하게 잘 맞아서 두 번째 구매입니다. 진정 제품 여러 개 써봤는데 이게 제일 무난하고 좋네요. 끈적임 없이 촉촉해서 여름에도 부담 없이 발라요. 배송 빠르고 포장도 꼼꼼해서 좋았어요. 재구매 의사 있습니다. 🙂,0
O0421,C0063,P0551,Healthwear,2025-05-08,1,3,실물이 사진보다 좀 투박해요. 무난한데 이 가격이면 좀 비싼 느낌입니다. 착화감은 괜찮은데 뒤꿈치까짐은 그대로예요. 가격 생각하면 좀 아쉽네요.,0
O0422,C0109,P0472,Healthwear,2025-05-08,1,5,발볼넓음이라 신발 고르기 어려웠는데 이건 정말 편해요. 디자인도 예쁘고 어디에 매치해도 잘 어울립니다.,0
O0423,C0110,P0126,Cosmetics,2025-05-08,2,3,테이프가 다 떨어져서 왔는데 포장에 신경 좀 써주셨으면 해요. 홍조 개선은 아직 잘 모르겠는데 발림성은 좋습니다.,0
O0424,C0137,P0412,Healthwear,2025-05-08,1,5,추천합니다,0
O0425,C0284,P0134,Cosmetics,2025-05-08,1,5,끈적임 없이 촉촉해서 여름에도 부담 없이 발라요. 쟁여두려고 하나 더 담았습니다.,0
O0426,C0080,P0186,Cosmetics,2025-05-09,1,3,향은 호불호 갈릴 것 같아요. 포장이 부실해서 아쉬웠습니다. 다음엔 다른 제품 써보려고요.,0
O0427,C0179,P0291,PC_Peripherals,2025-05-10,1,4,굿굿,0
O0428,C0207,P0387,PC_Peripherals,2025-05-10,1,4,그립감 좋고 손목 피로가 확실히 덜합니다. 클릭음이 조용해서 사무실에서 쓰기 딱이에요. 반응속도 빠르고 연결도 안정적이에요.,1
O0429,C0011,P0011,Cosmetics,2025-05-12,1,2,쓰고 나서 오히려 트러블이 올라왔습니다. 발림성이 뻑뻑하고 밀려서 못 쓰겠어요.,0
O0430,C0223,P0009,Cosmetics,2025-05-12,3,5,무난하게 좋습니다,0
O0431,C0193,P0292,PC_Peripherals,2025-05-13,2,5,가벼워서 장시간 써도 부담 없습니다. 배송 진짜 빨라요.,0
O0432,C0109,P0345,PC_Peripherals,2025-05-16,1,3,손땀은 좀 나아졌는데 마감이 아쉽습니다. 손 큰 편이라 사이즈가 살짝 작게 느껴져요. 재구매는 안 할 것 같아요.,0
O0433,C0231,P0452,Healthwear,2025-05-16,1,5,배송 진짜 빨라요. 디자인도 예쁘고 어디에 매치해도 잘 어울립니다. 워킹화로 매일 신고 있는데 발이 안 피곤해요. 다 쓰면 또 살 것 같아요.,0
O0434,C0073,P0068,Cosmetics,2025-05-17,1,4,판테놀 들어간 제품 찾고 있었는데 딱이네요. 😆,0
O0435,C0100,P0592,Healthwear,2025-05-17,1,5,배송 빨라요 👍,0
O0436,C0182,P0345,PC_Peripherals,2025-05-17,3,4,26000DPI 광학센서 체감이 확실하네요.,0
O0437,C0109,P0403,Healthwear,2025-05-18,1,5,가성비 좋네요,0
O0438,C0137,P0463,Healthwear,2025-05-19,1,4,굿굿,0
O0439,C0266,P0495,Healthwear,2025-05-19,1,2,쿠션이 두 달 만에 꺼졌네요. 미끄럼 때문에 샀는데 오히려 더 심해졌습니다. 뒤꿈치가 까져서 못 신겠어요.,0
O0440,C0010,P0246,PC_Peripherals,2025-05-20,1,5,주문하고 다음날 바로 도착했네요. 가벼워서 장시간 써도 부담 없습니다. 재구매 의사 있습니다.,0
O0441,C0077,P0423,Healthwear,2025-05-20,1,5,평발이라 신발 고르기 어려웠는데 이건 정말 편해요. 라방에서 싸게 사서 더 만족스러워요. 😆,1
O0442,C0263,P0100,Cosmetics,2025-05-20,1,4,굿굿,0
O0443,C0294,P0070,Cosmetics,2025-05-20,3,5,선물용으로도 괜찮을 만큼 포장이 잘 돼서 왔어요. 순하게 잘 맞아서 두 번째 구매입니다. 안티에이징 제품 여러 개 써봤는데 이게 제일 무난하고 좋네요. 가족한테도 추천했어요. 😊,0
O0444,C0191,P0515,Healthwear,2025-05-21,1,5,배송 빠르고 포장도 꼼꼼해서 좋았어요. 정사이즈로 딱 맞았어요. 디자인도 예쁘고 어디에 매치해도 잘 어울립니다. 쿠션감 좋아서 오래 걸어도 무릎이 편합니다. 다 쓰면 또 살 것 같아요.,0
O0445,C0051,P0038,Cosmetics,2025-05-23,2,4,선물용으로도 괜찮을 만큼 포장이 잘 돼서 왔어요. 세라마이드 들어간 제품 찾고 있었는데 딱이네요. 다크서클 때문에 계속 고민이었는데 확실히 나아진 느낌입니다.,0
O0446,C0257,P0399,PC_Peripherals,2025-05-24,1,5,배송 진짜 빨라요. 그립감 좋고 손목 피로가 확실히 덜합니다. 게이밍 키보드 중에 이 가격대에서 이 정도면 훌륭하죠.,0
O0447,C0280,P0558,Healthwear,2025-05-24,1,5,워킹화로 매일 신고 있는데 발이 안 피곤해요. 재구매 의사 있습니다.,0
O0448,C0135,P0038,Cosmetics,2025-05-25,3,3,지성 피부라 걱정했는데 트러블은 안 났어요. 딱 그 정도입니다. 가격 생각하면 용량이 살짝 아쉽네요. 박스가 찌그러진 채로 도착해서 좀 당황했어요.,0
O0449,C0011,P0069,Cosmetics,2025-05-26,2,1,다시는 안 살 듯,0
O0450,C0100,P0452,Healthwear,2025-05-26,2,5,좋아요,0
O0451,C0128,P0280,PC_Peripherals,2025-05-27,1,3,가격 대비 아쉬움,0
O0452,C0295,P0074,Cosmetics,2025-05-27,5,4,지성 피부인데 자극 없이 잘 맞았어요. 끈적임 없이 촉촉해서 여름에도 부담 없이 발라요. 👍🏻,0
O0453,C0041,P0555,Healthwear,2025-05-28,1,5,디자인도 예쁘고 어디에 매치해도 잘 어울립니다. 선물용으로도 괜찮을 만큼 포장이 잘 돼서 왔어요.,0
O0454,C0191,P0128,Cosmetics,2025-05-28,2,3,기미 개선은 아직 잘 모르겠는데 발림성은 좋습니다.,0
O0455,C0041,P0403,Healthwear,2025-05-30,1,5,디자인도 예쁘고 어디에 매치해도 잘 어울립니다. 가볍고 통기성 좋아서 여름에 신기 좋네요. 쟁여두려고 하나 더 담았습니다.,0
O0456,C0132,P0345,PC_Peripherals,2025-05-30,2,5,클릭음이 조용해서 사무실에서 쓰기 딱이에요. 배송 진짜 빨라요.,0
O0457,C0051,P0182,Cosmetics,2025-05-31,2,1,발림성이 뻑뻑하고 밀려서 못 쓰겠어요. 모공에는 전혀 변화가 없네요. 지성 피부에는 좀 자극이 있었어요.,0
O0458,C0193,P0345,PC_Peripherals,2025-05-31,1,5,손땀 때문에 바꿨는데 아주 만족합니다. 가벼워서 장시간 써도 부담 없습니다. 가족한테도 추천했어요.,0
O0459,C0258,P0132,Cosmetics,2025-06-01,1,5,발림성 좋고 흡수도 빨라서 아침에 쓰기 편해요. 복합성 피부인데 자극 없이 잘 맞았어요. 쟁여두려고 하나 더 담았습니다.,1
O0460,C0179,P0038,Cosmetics,2025-06-02,2,2,민감성 피부에는 좀 자극이 있었어요. 발림성이 뻑뻑하고 밀려서 못 쓰겠어요. 재구매는 안 할 것 같아요.,0
O0461,C0251,P0374,PC_Peripherals,2025-06-03,1,5,채터링 때문에 바꿨는데 아주 만족합니다. 가벼워서 장시간 써도 부담 없습니다.,0
O0462,C0106,P0038,Cosmetics,2025-06-04,2,5,다크서클 때문에 계속 고민이었는데 확실히 나아진 느낌입니다. 안티에이징 제품 여러 개 써봤는데 이게 제일 무난하고 좋네요. 가족한테도 추천했어요.,1
O0463,C0111,P0306,PC_Peripherals,2025-06-04,1,5,내구성 때문에 바꿨는데 아주 만족합니다. 게이밍 키보드 중에 이 가격대에서 이 정도면 훌륭하죠. 다음엔 다른 라인도 사보려고요.,0
O0464,C0025,P0066,Cosmetics,2025-06-05,1,2,발림성이 뻑뻑하고 밀려서 못 쓰겠어요.,0
O0465,C0096,P0474,Healthwear,2025-06-05,1,2,뒤꿈치가 까져서 못 신겠어요. 가격 생각하면 좀 아쉽네요.,0
O0466,C0260,P0523,Healthwear,2025-06-05,1,5,배송 진짜 빨라요. 디자인도 예쁘고 어디에 매치해도 잘 어울립니다. 다 쓰면 또 살 것 같아요. 👍🏻,0
O0467,C0164,P0015,Cosmetics,2025-06-06,1,3,잡티 개선은 아직 잘 모르겠는데 발림성은 좋습니다. 가격 생각하면 용량이 살짝 아쉽네요. 무난하게 쓰기 좋은데 드라마틱한 변화는 없어요.,0
O0468,C0193,P0185,Cosmetics,2025-06-06,3,2,발림성이 뻑뻑하고 밀려서 못 쓰겠어요. 민감성 피부에는 좀 자극이 있었어요.,0
O0469,C0230,P0306,PC_Peripherals,2025-06-06,1,5,무난하게 좋습니다,1
O0470,C0171,P0345,PC_Peripherals,2025-06-07,1,5,가벼워서 장시간 써도 부담 없습니다. 라방에서 싸게 사서 더 만족스러워요.,0
O0471,C0229,P0169,Cosmetics,2025-06-10,2,2,별로예요,0
O0472,C0275,P0521,Healthwear,2025-06-10,1,4,장시간보행 피로 걱정 덜었습니다. 진작 살 걸 그랬어요. 쿠션감 좋아서 오래 걸어도 무릎이 편합니다. 배송 빠르고 포장도 꼼꼼해서 좋았어요. 가족한테도 추천했어요. ❣️,0
O0473,C0236,P0023,Cosmetics,2025-06-12,1,1,발림성이 뻑뻑하고 밀려서 못 쓰겠어요. 다음엔 다른 제품 써보려고요.,0
O0474,C0179,P0119,Cosmetics,2025-06-13,1,4,발림성 좋고 흡수도 빨라서 아침에 쓰기 편해요. 순하게 잘 맞아서 두 번째 구매입니다. 다 쓰면 또 살 것 같아요.,0
O0475,C0191,P0154,Cosmetics,2025-06-13,1,5,포장 상태 깔끔하게 잘 왔습니다. 복합성 피부인데 자극 없이 잘 맞았어요. 보습 제품 여러 개 써봤는데 이게 제일 무난하고 좋네요. 순하게 잘 맞아서 두 번째 구매입니다. 다 쓰면 또 살 것 같아요. ❣️,0
O0476,C0011,P0345,PC_Peripherals,2025-06-14,1,4,클릭음이 조용해서 사무실에서 쓰기 딱이에요. 가벼워서 장시간 써도 부담 없습니다. 쟁여두려고 하나 더 담았습니다.,0
O0477,C0087,P0129,Cosmetics,2025-06-15,1,3,택배 박스 안에 완충재가 하나도 없더라고요. 가격 생각하면 용량이 살짝 아쉽네요. 각질 개선은 아직 잘 모르겠는데 발림성은 좋습니다.,0
O0478,C0118,P0274,PC_Peripherals,2025-06-15,1,4,클릭음이 조용해서 사무실에서 쓰기 딱이에요. 선물용으로도 괜찮을 만큼 포장이 잘 돼서 왔어요.,0
O0479,C0280,P0345,PC_Peripherals,2025-06-15,1,5,2.4GHz 무선 체감이 확실하네요. 게이밍 마우스 중에 이 가격대에서 이 정도면 훌륭하죠. 재구매 의사 있습니다.,0
O0480,C0229,P0100,Cosmetics,2025-06-16,2,5,다크서클 때문에 계속 고민이었는데 확실히 나아진 느낌입니다. 발림성 좋고 흡수도 빨라서 아침에 쓰기 편해요. 순하게 잘 맞아서 두 번째 구매입니다.,0
O0481,C0290,P0277,PC_Peripherals,2025-06-16,2,5,클릭음이 조용해서 사무실에서 쓰기 딱이에요. 🙂,0
O0482,C0011,P0181,Cosmetics,2025-06-17,5,4,좋아요,0
O0483,C0151,P0250,PC_Peripherals,2025-06-17,1,5,,0
O0484,C0057,P0471,Healthwear,2025-06-18,1,5,일상화로 매일 신고 있는데 발이 안 피곤해요.,0
O0485,C0183,P0306,PC_Peripherals,2025-06-18,1,5,무선 3모드 체감이 확실하네요. 가벼워서 장시간 써도 부담 없습니다. 클릭음이 조용해서 사무실에서 쓰기 딱이에요.,0
O0486,C0213,P0466,Healthwear,2025-06-18,1,2,쿠션이 두 달 만에 꺼졌네요. 가격 생각하면 좀 아쉽네요.,0
O0487,C0064,P0593,Healthwear,2025-06-22,1,4,무릎충격 걱정 덜었습니다. 진작 살 걸 그랬어요. 런닝화로 매일 신고 있는데 발이 안 피곤해요. 가족한테도 추천했어요.,0
O0488,C0263,P0038,Cosmetics,2025-06-22,2,5,배송 빨라요 👍,0
O0489,C0080,P0125,Cosmetics,2025-06-23,1,5,배송 빨라요 👍,0
O0490,C0171,P0345,PC_Peripherals,2025-06-23,1,5,반응속도 빠르고 연결도 안정적이에요. 라방에서 싸게 사서 더 만족스러워요. 👍,0
O0491,C0159,P0551,Healthwear,2025-06-24,1,5,가성비 좋네요,0
O0492,C0110,P0230,PC_Peripherals,2025-06-25,2,5,게이밍 키보드 중에 이 가격대에서 이 정도면 훌륭하죠. 주문하고 다음날 바로 도착했네요.,0
O0493,C0111,P0289,PC_Peripherals,2025-06-25,1,5,배송 빨라요 👍,1
O0494,C0279,P0343,PC_Peripherals,2025-06-26,1,3,손 큰 편이라 사이즈가 살짝 작게 느껴져요. 그립감은 좀 나아졌는데 마감이 아쉽습니다.,0
O0495,C0290,P0221,PC_Peripherals,2025-06-27,1,4,좋아요,0
O0496,C0097,P0578,Healthwear,2025-06-28,2,5,발땀 걱정 덜었습니다. 진작 살 걸 그랬어요. 쿠션감 좋아서 오래 걸어도 무릎이 편합니다.,0
O0497,C0275,P0251,PC_Peripherals,2025-06-28,1,4,굿굿,0
O0498,C0141,P0489,Healthwear,2025-06-29,1,5,배송 진짜 빨라요. 정사이즈로 딱 맞았어요. 😆,0
O0499,C0183,P0587,Healthwear,2025-06-29,1,4,농구화로 매일 신고 있는데 발이 안 피곤해요. 다 쓰면 또 살 것 같아요.,0
O0500,C0198,P0599,Healthwear,2025-06-29,1,4,디자인도 예쁘고 어디에 매치해도 잘 어울립니다. 발볼압박 걱정 덜었습니다. 진작 살 걸 그랬어요. 주문하고 다음날 바로 도착했네요. 다음엔 다른 라인도 사보려고요.,0
O0501,C0132,P0296,PC_Peripherals,2025-07-01,1,3,성능은 괜찮은데 소프트웨어가 좀 불편하네요. 기능은 무난한데 특별할 건 없어요. 배송이 생각보다 오래 걸렸네요. 반품 고민 중입니다.,0
O0502,C0265,P0169,Cosmetics,2025-07-04,1,1,택배 박스 안에 완충재가 하나도 없더라고요. 발림성이 뻑뻑하고 밀려서 못 쓰겠어요. 향이 너무 강해서 쓰기 힘들었습니다.,0
O0503,C0101,P0531,Healthwear,2025-07-05,1,4,가성비 좋네요,0
O0504,C0087,P0074,Cosmetics,2025-07-06,1,1,쓰고 나서 오히려 트러블이 올라왔습니다. 향이 너무 강해서 쓰기 힘들었습니다.,1
O0505,C0011,P0099,Cosmetics,2025-07-07,1,2,발림성이 뻑뻑하고 밀려서 못 쓰겠어요. 다음엔 다른 제품 써보려고요.,0
O0506,C0032,P0295,PC_Peripherals,2025-07-07,1,4,잘 쓰고 있어요,0
O0507,C0263,P0166,Cosmetics,2025-07-07,1,4,발림성 좋고 흡수도 빨라서 아침에 쓰기 편해요.,0
O0508,C0186,P0028,Cosmetics,2025-07-08,2,4,잘 쓰고 있어요,0
O0509,C0012,P0038,Cosmetics,2025-07-09,3,4,안티에이징 제품 여러 개 써봤는데 이게 제일 무난하고 좋네요. 복합성 피부인데 자극 없이 잘 맞았어요. 배송 진짜 빨라요.,0
O0510,C0050,P0306,PC_Peripherals,2025-07-10,1,5,텐키리스 체감이 확실하네요. 재구매 의사 있습니다. 😆,0
O0511,C0147,P0038,Cosmetics,2025-07-10,2,1,민감성 피부에는 좀 자극이 있었어요. 반품 고민 중입니다.,0
O0512,C0184,P0398,PC_Peripherals,2025-07-10,1,2,돈 아까워요,0
O0513,C0137,P0449,Healthwear,2025-07-11,1,5,정사이즈로 딱 맞았어요. 가족한테도 추천했어요.,0
O0514,C0161,P0150,Cosmetics,2025-07-11,3,3,포장이 부실해서 아쉬웠습니다. 향은 호불호 갈릴 것 같아요.,0
O0515,C0062,P0008,Cosmetics,2025-07-12,3,5,배송 빠르고 포장도 꼼꼼해서 좋았어요. 코엔자임Q10 들어간 제품 찾고 있었는데 딱이네요.,0
O0516,C0113,P0015,Cosmetics,2025-07-13,1,4,좋아요,0
O0517,C0281,P0345,PC_Peripherals,2025-07-13,1,5,26000DPI 광학센서 체감이 확실하네요. 그립감 좋고 손목 피로가 확실히 덜합니다. 다 쓰면 또 살 것 같아요. 🥰,0
O0518,C0050,P0038,Cosmetics,2025-07-14,1,4,다크서클 때문에 계속 고민이었는데 확실히 나아진 느낌입니다. 세라마이드 들어간 제품 찾고 있었는데 딱이네요. 배송 빠르고 포장도 꼼꼼해서 좋았어요. 재구매 의사 있습니다.,0
O0519,C0128,P0095,Cosmetics,2025-07-14,2,1,,0
O0520,C0135,P0027,Cosmetics,2025-07-14,1,2,향이 너무 강해서 쓰기 힘들었습니다. 지성 피부에는 좀 자극이 있었어요. 민감에는 전혀 변화가 없네요. 재구매는 안 할 것 같아요.,0
O0521,C0167,P0171,Cosmetics,2025-07-14,3,4,배송 빠르고 포장도 꼼꼼해서 좋았어요. 색소침착 때문에 계속 고민이었는데 확실히 나아진 느낌입니다. 끈적임 없이 촉촉해서 여름에도 부담 없이 발라요. 알부틴 들어간 제품 찾고 있었는데 딱이네요.,0
O0522,C0056,P0554,Healthwear,2025-07-15,1,5,디자인도 예쁘고 어디에 매치해도 잘 어울립니다. 평발이라 신발 고르기 어려웠는데 이건 정말 편해요. 쿠션감 좋아서 오래 걸어도 무릎이 편합니다. 재구매 의사 있습니다. ❣️,0
O0523,C0228,P0038,Cosmetics,2025-07-15,2,2,향이 너무 강해서 쓰기 힘들었습니다. 택배 박스 안에 완충재가 하나도 없더라고요. 재구매는 안 할 것 같아요.,0
O0524,C0298,P0435,Healthwear,2025-07-15,1,5,잘 쓰고 있어요,0
O0525,C0062,P0037,Cosmetics,2025-07-16,1,4,끈적임 없이 촉촉해서 여름에도 부담 없이 발라요.,0
O0526,C0261,P0100,Cosmetics,2025-07-16,2,3,박스가 찌그러진 채로 도착해서 좀 당황했어요. 가격 생각하면 용량이 살짝 아쉽네요. 향은 호불호 갈릴 것 같아요. 모공 개선은 아직 잘 모르겠는데 발림성은 좋습니다.,0
O0527,C0055,P0599,Healthwear,2025-07-18,2,4,추천합니다,0
O0528,C0063,P0309,PC_Peripherals,2025-07-18,1,4,그립감 좋고 손목 피로가 확실히 덜합니다. 반응속도 빠르고 연결도 안정적이에요. 라방에서 싸게 사서 더 만족스러워요. ❣️,0
O0529,C0135,P0038,Cosmetics,2025-07-18,2,4,안티에이징 제품 여러 개 써봤는데 이게 제일 무난하고 좋네요. 끈적임 없이 촉촉해서 여름에도 부담 없이 발라요. 가족한테도 추천했어요.,1
O0530,C0138,P0027,Cosmetics,2025-07-18,1,4,발림성 좋고 흡수도 빨라서 아침에 쓰기 편해요. 순하게 잘 맞아서 두 번째 구매입니다. 진정 제품 여러 개 써봤는데 이게 제일 무난하고 좋네요. 라방에서 싸게 사서 더 만족스러워요. 가족한테도 추천했어요.,0
O0531,C0011,P0306,PC_Peripherals,2025-07-20,1,5,그립감 좋고 손목 피로가 확실히 덜합니다. 배송 진짜 빨라요. 다 쓰면 또 살 것 같아요.,0
O0532,C0126,P0169,Cosmetics,2025-07-20,1,4,순하게 잘 맞아서 두 번째 구매입니다. 쟁여두려고 하나 더 담았습니다.,0
O0533,C0128,P0345,PC_Peripherals,2025-07-20,1,5,그립감 좋고 손목 피로가 확실히 덜합니다. 반응속도 빠르고 연결도 안정적이에요.,0
O0534,C0206,P0451,Healthwear,2025-07-21,1,3,사이즈가 살짝 크게 나온 것 같아요. 반 사이즈 작게 사세요.,0
O0535,C0275,P0458,Healthwear,2025-07-21,1,4,디자인도 예쁘고 어디에 매치해도 잘 어울립니다. 선물용으로도 괜찮을 만큼 포장이 잘 돼서 왔어요. 재구매 의사 있습니다.,0
O0536,C0191,P0345,PC_Peripherals,2025-07-22,1,3,가격 대비 아쉬움,0
O0537,C0235,P0345,PC_Peripherals,2025-07-22,1,2,생각보다 무거워서 손목이 더 아파요.,0
O0538,C0299,P0230,PC_Peripherals,2025-07-22,2,4,무선 3모드 체감이 확실하네요.,0
O0539,C0133,P0230,PC_Peripherals,2025-07-23,1,5,선물용으로도 괜찮을 만큼 포장이 잘 돼서 왔어요. 그립감 좋고 손목 피로가 확실히 덜합니다. 키감 때문에 바꿨는데 아주 만족합니다. 핫스왑 소켓 체감이 확실하네요. 가족한테도 추천했어요. 😊,0
O0540,C0155,P0549,Healthwear,2025-07-23,1,2,발땀 때문에 샀는데 오히려 더 심해졌습니다. 발볼이 좁아서 새끼발가락이 너무 아픕니다.,0
O0541,C0201,P0074,Cosmetics,2025-07-23,1,5,발림성 좋고 흡수도 빨라서 아침에 쓰기 편해요. 배송 진짜 빨라요.,0
O0542,C0249,P0067,Cosmetics,2025-07-26,1,4,복합성 피부인데 자극 없이 잘 맞았어요. 발림성 좋고 흡수도 빨라서 아침에 쓰기 편해요.,0
O0543,C0139,P0250,PC_Peripherals,2025-07-28,1,5,라방에서 싸게 사서 더 만족스러워요. 무게부담 때문에 바꿨는데 아주 만족합니다.,0
O0544,C0184,P0210,PC_Peripherals,2025-07-30,1,5,배송 빠르고 포장도 꼼꼼해서 좋았어요. 내구성 때문에 바꿨는데 아주 만족합니다.,0
O0545,C0201,P0053,Cosmetics,2025-08-01,1,5,끈적임 없이 촉촉해서 여름에도 부담 없이 발라요.,0
O0546,C0249,P0038,Cosmetics,2025-08-01,1,4,펩타이드 들어간 제품 찾고 있었는데 딱이네요. 순하게 잘 맞아서 두 번째 구매입니다.,0
O0547,C0218,P0046,Cosmetics,2025-08-02,1,5,순하게 잘 맞아서 두 번째 구매입니다. 재구매 의사 있습니다.,0
O0548,C0056,P0339,PC_Peripherals,2025-08-04,1,3,가격 대비 아쉬움,0
O0549,C0094,P0526,Healthwear,2025-08-04,1,3,무난한데 이 가격이면 좀 비싼 느낌입니다. 사이즈가 살짝 크게 나온 것 같아요. 반 사이즈 작게 사세요. 다음엔 다른 제품 써보려고요.,0
O0550,C0299,P0534,Healthwear,2025-08-04,1,4,쿠션감 좋아서 오래 걸어도 무릎이 편합니다. 재구매 의사 있습니다.,0
O0551,C0042,P0008,Cosmetics,2025-08-05,3,2,쓰고 나서 오히려 트러블이 올라왔습니다. 포장이 부실해서 아쉬웠습니다.,0
O0552,C0275,P0403,Healthwear,2025-08-07,1,4,쿠션감 좋아서 오래 걸어도 무릎이 편합니다. 정사이즈로 딱 맞았어요. ❣️,0
O0553,C0294,P0257,PC_Peripherals,2025-08-07,2,4,좋아요,0
O0554,C0231,P0528,Healthwear,2025-08-08,2,5,뒤꿈치까짐 걱정 덜었습니다. 진작 살 걸 그랬어요. 쿠션감 좋아서 오래 걸어도 무릎이 편합니다. 다 쓰면 또 살 것 같아요.,0
O0555,C0069,P0311,PC_Peripherals,2025-08-09,2,5,그립감 좋고 손목 피로가 확실히 덜합니다. 배송 빠르고 포장도 꼼꼼해서 좋았어요.,0
O0556,C0115,P0460,Healthwear,2025-08-09,2,2,뒤꿈치가 까져서 못 신겠어요.,0
O0557,C0094,P0230,PC_Peripherals,2025-08-10,1,2,두 달 만에 채터링 생겼어요. 키감 문제가 전혀 해결이 안 됩니다. 테이프가 다 떨어져서 왔는데 포장에 신경 좀 써주셨으면 해요.,0
O0558,C0150,P0038,Cosmetics,2025-08-11,3,3,향은 호불호 갈릴 것 같아요. 무난하게 쓰기 좋은데 드라마틱한 변화는 없어요. 재구매는 안 할 것 같아요.,0
O0559,C0105,P0471,Healthwear,2025-08-14,1,3,그냥 그래요,0
O0560,C0134,P0592,Healthwear,2025-08-14,1,4,정사이즈로 딱 맞았어요.,0
O0561,C0218,P0034,Cosmetics,2025-08-14,1,4,추천합니다,0
O0562,C0215,P0016,Cosmetics,2025-08-15,1,4,끈적임 없이 촉촉해서 여름에도 부담 없이 발라요. 👍🏻,0
O0563,C0163,P0007,Cosmetics,2025-08-16,1,5,배송 빨라요 👍,0
O0564,C0206,P0091,Cosmetics,2025-08-16,1,4,굿굿,0
O0565,C0272,P0306,PC_Peripherals,2025-08-16,1,5,그립감 좋고 손목 피로가 확실히 덜합니다. 채터링 때문에 바꿨는데 아주 만족합니다. 라방에서 싸게 사서 더 만족스러워요. 가족한테도 추천했어요. 👍🏻,0
O0566,C0050,P0435,Healthwear,2025-08-17,1,5,배송 빨라요 👍,0
O0567,C0109,P0472,Healthwear,2025-08-17,1,4,발볼넓음이라 신발 고르기 어려웠는데 이건 정말 편해요.,0
O0568,C0190,P0330,PC_Peripherals,2025-08-17,1,5,반응속도 빠르고 연결도 안정적이에요. 다음엔 다른 라인도 사보려고요.,0
O0569,C0193,P0153,Cosmetics,2025-08-17,1,5,끈적임 없이 촉촉해서 여름에도 부담 없이 발라요. 민감성 피부인데 자극 없이 잘 맞았어요.,0
O0570,C0064,P0134,Cosmetics,2025-08-18,2,3,가격 생각하면 용량이 살짝 아쉽네요.,1
O0571,C0011,P0199,Cosmetics,2025-08-19,1,3,향은 호불호 갈릴 것 같아요.,0
O0572,C0294,P0516,Healthwear,2025-08-22,2,4,농구화로 매일 신고 있는데 발이 안 피곤해요. 가볍고 통기성 좋아서 여름에 신기 좋네요. 다 쓰면 또 살 것 같아요.,1
O0573,C0186,P0193,Cosmetics,2025-08-23,1,1,실망입니다,0
O0574,C0201,P0444,Healthwear,2025-08-24,1,4,정사이즈로 딱 맞았어요. 디자인도 예쁘고 어디에 매치해도 잘 어울립니다. 주문하고 다음날 바로 도착했네요. 가족한테도 추천했어요. 🥰,0
O0575,C0003,P0578,Healthwear,2025-08-25,1,4,가볍고 통기성 좋아서 여름에 신기 좋네요. 발땀 걱정 덜었습니다. 진작 살 걸 그랬어요. 배송 진짜 빨라요. 😊,0
O0576,C0050,P0397,PC_Peripherals,2025-08-25,1,5,사무용 마우스 중에 이 가격대에서 이 정도면 훌륭하죠. 클릭음이 조용해서 사무실에서 쓰기 딱이에요. 클릭소음 때문에 바꿨는데 아주 만족합니다.,0
O0577,C0032,P0306,PC_Peripherals,2025-08-26,1,4,손목피로 때문에 바꿨는데 아주 만족합니다. 게이밍 키보드 중에 이 가격대에서 이 정도면 훌륭하죠.,0
O0578,C0081,P0129,Cosmetics,2025-08-26,1,4,발림성 좋고 흡수도 빨라서 아침에 쓰기 편해요.,0
O0579,C0190,P0528,Healthwear,2025-08-26,1,4,잘 쓰고 있어요,0
O0580,C0072,P0571,Healthwear,2025-08-27,1,5,가볍고 통기성 좋아서 여름에 신기 좋네요. 평발이라 신발 고르기 어려웠는데 이건 정말 편해요. 주문하고 다음날 바로 도착했네요.,0
O0581,C0257,P0387,PC_Peripherals,2025-08-29,1,5,클릭음이 조용해서 사무실에서 쓰기 딱이에요. 그립감 좋고 손목 피로가 확실히 덜합니다. 재구매 의사 있습니다.,1
O0582,C0295,P0038,Cosmetics,2025-08-29,1,4,탄력저하 때문에 계속 고민이었는데 확실히 나아진 느낌입니다. 🥰,0
O0583,C0188,P0169,Cosmetics,2025-08-30,1,4,기미 때문에 계속 고민이었는데 확실히 나아진 느낌입니다. 트라넥삼산 들어간 제품 찾고 있었는데 딱이네요. 민감성 피부인데 자극 없이 잘 맞았어요.,1
O0584,C0218,P0038,Cosmetics,2025-08-30,2,5,끈적임 없이 촉촉해서 여름에도 부담 없이 발라요. 안티에이징 제품 여러 개 써봤는데 이게 제일 무난하고 좋네요.,0
O0585,C0099,P0554,Healthwear,2025-08-31,1,1,발볼이 좁아서 새끼발가락이 너무 아픕니다. 쿠션이 두 달 만에 꺼졌네요.,0
O0586,C0109,P0421,Healthwear,2025-08-31,1,5,굿굿,0
O0587,C0216,P0295,PC_Peripherals,2025-08-31,1,4,포장 상태 깔끔하게 잘 왔습니다. 반응속도 빠르고 연결도 안정적이에요. 가벼워서 장시간 써도 부담 없습니다. 착용압박 때문에 바꿨는데 아주 만족합니다. 다음엔 다른 라인도 사보려고요. 🥰,0
O0588,C0128,P0548,Healthwear,2025-09-02,1,4,가볍고 통기성 좋아서 여름에 신기 좋네요. 다 쓰면 또 살 것 같아요.,0
O0589,C0136,P0345,PC_Peripherals,2025-09-02,1,5,손땀 때문에 바꿨는데 아주 만족합니다. 재구매 의사 있습니다.,0
O0590,C0051,P0173,Cosmetics,2025-09-03,1,4,미백 제품 여러 개 써봤는데 이게 제일 무난하고 좋네요. 다음엔 다른 라인도 사보려고요.,0
O0591,C0263,P0015,Cosmetics,2025-09-03,2,5,,0
O0592,C0265,P0181,Cosmetics,2025-09-03,1,4,배송 빠르고 포장도 꼼꼼해서 좋았어요. 발림성 좋고 흡수도 빨라서 아침에 쓰기 편해요. 유자추출물 들어간 제품 찾고 있었는데 딱이네요.,0
O0593,C0218,P0316,PC_Peripherals,2025-09-04,1,4,배송 빠르고 포장도 꼼꼼해서 좋았어요. 반응속도 빠르고 연결도 안정적이에요. 가족한테도 추천했어요.,0
O0594,C0162,P0364,PC_Peripherals,2025-09-05,1,5,가벼워서 장시간 써도 부담 없습니다. 무게부담 때문에 바꿨는데 아주 만족합니다.,0
O0595,C0167,P0455,Healthwear,2025-09-05,1,4,,0
O0596,C0281,P0307,PC_Peripherals,2025-09-07,2,5,반응속도 빠르고 연결도 안정적이에요. 그립감 때문에 바꿨는데 아주 만족합니다.,0
O0597,C0062,P0091,Cosmetics,2025-09-08,2,5,추천합니다,0
O0598,C0164,P0169,Cosmetics,2025-09-08,1,5,민감성 피부인데 자극 없이 잘 맞았어요.,0
O0599,C0234,P0169,Cosmetics,2025-09-08,1,5,포장 상태 깔끔하게 잘 왔습니다. 끈적임 없이 촉촉해서 여름에도 부담 없이 발라요. 순하게 잘 맞아서 두 번째 구매입니다. 미백 제품 여러 개 써봤는데 이게 제일 무난하고 좋네요. 쟁여두려고 하나 더 담았습니다.,0
O0600,C0047,P0387,PC_Peripherals,2025-09-10,2,4,가벼워서 장시간 써도 부담 없습니다.,0
O0601,C0052,P0022,Cosmetics,2025-09-10,3,1,쓰고 나서 오히려 트러블이 올라왔습니다. 향이 너무 강해서 쓰기 힘들었습니다. 발림성이 뻑뻑하고 밀려서 못 쓰겠어요.,1
O0602,C0115,P0297,PC_Peripherals,2025-09-10,1,5,사무용 마우스 중에 이 가격대에서 이 정도면 훌륭하죠. 반응속도 빠르고 연결도 안정적이에요. 인체공학 그립 체감이 확실하네요.,0
O0603,C0149,P0426,Healthwear,2025-09-10,1,4,선물용으로도 괜찮을 만큼 포장이 잘 돼서 왔어요. 디자인도 예쁘고 어디에 매치해도 잘 어울립니다. 다 쓰면 또 살 것 같아요.,0
O0604,C0249,P0110,Cosmetics,2025-09-10,2,3,무난하게 쓰기 좋은데 드라마틱한 변화는 없어요. 재구매는 안 할 것 같아요.,0
O0605,C0108,P0015,Cosmetics,2025-09-12,1,4,끈적임 없이 촉촉해서 여름에도 부담 없이 발라요. 순하게 잘 맞아서 두 번째 구매입니다. 건성 피부인데 자극 없이 잘 맞았어요.,0
O0606,C0014,P0403,Healthwear,2025-09-13,1,5,일상화로 매일 신고 있는데 발이 안 피곤해요.,0
O0607,C0056,P0297,PC_Peripherals,2025-09-13,1,5,인체공학 그립 체감이 확실하네요.,0
O0608,C0162,P0296,PC_Peripherals,2025-09-13,1,5,잘 쓰고 있어요,0
O0609,C0208,P0534,Healthwear,2025-09-13,2,5,디자인도 예쁘고 어디에 매치해도 잘 어울립니다. 뒤꿈치까짐 걱정 덜었습니다. 진작 살 걸 그랬어요. 가족한테도 추천했어요.,0
O0610,C0265,P0566,Healthwear,2025-09-13,1,3,테이프가 다 떨어져서 왔는데 포장에 신경 좀 써주셨으면 해요. 착화감은 괜찮은데 무릎충격은 그대로예요. 무난한데 이 가격이면 좀 비싼 느낌입니다. 실물이 사진보다 좀 투박해요.,0
O0611,C0186,P0038,Cosmetics,2025-09-14,1,5,순하게 잘 맞아서 두 번째 구매입니다.,0
O0612,C0020,P0202,PC_Peripherals,2025-09-16,1,5,그립감 좋고 손목 피로가 확실히 덜합니다. 반응속도 빠르고 연결도 안정적이에요.,0
O0613,C0076,P0230,PC_Peripherals,2025-09-16,2,5,클릭음이 조용해서 사무실에서 쓰기 딱이에요. 재구매 의사 있습니다.,1
O0614,C0062,P0472,Healthwear,2025-09-17,1,5,정사이즈로 딱 맞았어요. 쿠션감 좋아서 오래 걸어도 무릎이 편합니다. 주문하고 다음날 바로 도착했네요. 다 쓰면 또 살 것 같아요.,0
O0615,C0295,P0038,Cosmetics,2025-09-17,2,5,콜라겐 들어간 제품 찾고 있었는데 딱이네요. 가족한테도 추천했어요.,0
O0616,C0251,P0345,PC_Peripherals,2025-09-18,1,3,가격 대비 딱 그만큼입니다.,0
O0617,C0069,P0387,PC_Peripherals,2025-09-19,2,3,무난합니다,0
O0618,C0228,P0081,Cosmetics,2025-09-19,5,4,홍조 때문에 계속 고민이었는데 확실히 나아진 느낌입니다. 순하게 잘 맞아서 두 번째 구매입니다. 다 쓰면 또 살 것 같아요.,0
O0619,C0249,P0088,Cosmetics,2025-09-19,1,2,발림성이 뻑뻑하고 밀려서 못 쓰겠어요. 건조함에는 전혀 변화가 없네요. 향이 너무 강해서 쓰기 힘들었습니다.,0
O0620,C0050,P0038,Cosmetics,2025-09-20,5,5,발림성 좋고 흡수도 빨라서 아침에 쓰기 편해요. 👍,0
O0621,C0109,P0515,Healthwear,2025-09-20,1,5,농구화로 매일 신고 있는데 발이 안 피곤해요. 가족한테도 추천했어요.,0
O0622,C0067,P0134,Cosmetics,2025-09-21,1,5,콜라겐 들어간 제품 찾고 있었는데 딱이네요.,0
O0623,C0208,P0096,Cosmetics,2025-09-21,1,5,추천합니다,0
O0624,C0263,P0016,Cosmetics,2025-09-21,1,5,속당김 때문에 계속 고민이었는데 확실히 나아진 느낌입니다. 선물용으로도 괜찮을 만큼 포장이 잘 돼서 왔어요.,0
O0625,C0158,P0336,PC_Peripherals,2025-09-22,1,4,,0
O0626,C0179,P0268,PC_Peripherals,2025-09-22,1,4,손목피로 때문에 바꿨는데 아주 만족합니다. 쟁여두려고 하나 더 담았습니다.,0
O0627,C0249,P0127,Cosmetics,2025-09-22,1,2,발림성이 뻑뻑하고 밀려서 못 쓰겠어요. 홍조에는 전혀 변화가 없네요.,0
O0628,C0085,P0430,Healthwear,2025-09-23,1,5,디자인도 예쁘고 어디에 매치해도 잘 어울립니다. 쟁여두려고 하나 더 담았습니다.,1
O0629,C0117,P0038,Cosmetics,2025-09-23,5,5,끈적임 없이 촉촉해서 여름에도 부담 없이 발라요.,0
O0630,C0159,P0553,Healthwear,2025-09-23,1,3,착화감은 괜찮은데 발땀은 그대로예요. 사이즈가 살짝 크게 나온 것 같아요. 반 사이즈 작게 사세요.,0
O0631,C0227,P0345,PC_Peripherals,2025-09-24,1,5,반응속도 빠르고 연결도 안정적이에요. 지연시간 때문에 바꿨는데 아주 만족합니다. 라방에서 싸게 사서 더 만족스러워요. 😆,0
O0632,C0171,P0296,PC_Peripherals,2025-09-25,1,5,반응속도 빠르고 연결도 안정적이에요. 가벼워서 장시간 써도 부담 없습니다. 배터리부족 때문에 바꿨는데 아주 만족합니다.,0
O0633,C0197,P0027,Cosmetics,2025-09-25,3,2,발림성이 뻑뻑하고 밀려서 못 쓰겠어요. 향이 너무 강해서 쓰기 힘들었습니다.,0
O0634,C0236,P0063,Cosmetics,2025-09-25,1,5,기미 때문에 계속 고민이었는데 확실히 나아진 느낌입니다. 🥰,0
O0635,C0042,P0006,Cosmetics,2025-09-26,2,4,가성비 좋네요,0
O0636,C0179,P0472,Healthwear,2025-09-26,1,1,포장이 부실해서 아쉬웠습니다. 발볼이 좁아서 새끼발가락이 너무 아픕니다. 쿠션이 두 달 만에 꺼졌네요. 발볼압박 때문에 샀는데 오히려 더 심해졌습니다.,0
O0637,C0246,P0319,PC_Peripherals,2025-09-26,1,5,배송 진짜 빨라요. 착용압박 때문에 바꿨는데 아주 만족합니다. 그립감 좋고 손목 피로가 확실히 덜합니다. 쟁여두려고 하나 더 담았습니다.,0
O0638,C0020,P0442,Healthwear,2025-09-27,1,4,가볍고 통기성 좋아서 여름에 신기 좋네요. 발볼넓음이라 신발 고르기 어려웠는데 이건 정말 편해요.,0
O0639,C0024,P0038,Cosmetics,2025-09-27,1,3,보통이에요,0
O0640,C0147,P0171,Cosmetics,2025-09-27,2,5,배송 빨라요 👍,0
O0641,C0228,P0040,Cosmetics,2025-09-27,2,5,스쿠알란 들어간 제품 찾고 있었는데 딱이네요. 순하게 잘 맞아서 두 번째 구매입니다. 재구매 의사 있습니다.,1
O0642,C0231,P0253,PC_Peripherals,2025-09-27,1,5,가벼워서 장시간 써도 부담 없습니다. 배송 빠르고 포장도 꼼꼼해서 좋았어요.,0
O0643,C0242,P0296,PC_Peripherals,2025-09-27,1,3,클릭소음은 좀 나아졌는데 마감이 아쉽습니다. 가격 대비 딱 그만큼입니다. 기능은 무난한데 특별할 건 없어요. 박스가 찌그러진 채로 도착해서 좀 당황했어요. 가격 생각하면 좀 아쉽네요.,0
O0644,C0223,P0038,Cosmetics,2025-09-28,1,3,가격 생각하면 용량이 살짝 아쉽네요.,0
O0645,C0226,P0296,PC_Peripherals,2025-09-28,1,4,사무용 마우스 중에 이 가격대에서 이 정도면 훌륭하죠. 클릭음이 조용해서 사무실에서 쓰기 딱이에요. 배터리부족 때문에 바꿨는데 아주 만족합니다. 재구매 의사 있습니다. 😆,0
O0646,C0051,P0316,PC_Peripherals,2025-09-29,1,5,무난하게 좋습니다,0
O0647,C0062,P0068,Cosmetics,2025-09-29,1,4,순하게 잘 맞아서 두 번째 구매입니다. 복합성 피부인데 자극 없이 잘 맞았어요. 주문하고 다음날 바로 도착했네요.,0
O0648,C0121,P0531,Healthwear,2025-09-29,1,4,디자인도 예쁘고 어디에 매치해도 잘 어울립니다. 일상화로 매일 신고 있는데 발이 안 피곤해요.,0
O0649,C0191,P0037,Cosmetics,2025-09-30,1,3,무난하게 쓰기 좋은데 드라마틱한 변화는 없어요. 트러블 개선은 아직 잘 모르겠는데 발림성은 좋습니다.,0
O0650,C0183,P0038,Cosmetics,2025-10-01,2,5,탄력저하 때문에 계속 고민이었는데 확실히 나아진 느낌입니다. 끈적임 없이 촉촉해서 여름에도 부담 없이 발라요. 발림성 좋고 흡수도 빨라서 아침에 쓰기 편해요. 가족한테도 추천했어요. 🙂,0
O0651,C0262,P0466,Healthwear,2025-10-01,1,5,칼발이라 신발 고르기 어려웠는데 이건 정말 편해요. 정사이즈로 딱 맞았어요.,0
O0652,C0263,P0349,PC_Peripherals,2025-10-02,1,5,클릭소음 때문에 바꿨는데 아주 만족합니다. AA 배터리 12개월 체감이 확실하네요. 그립감 좋고 손목 피로가 확실히 덜합니다. 다음엔 다른 라인도 사보려고요.,0
O0653,C0287,P0433,Healthwear,2025-10-02,1,5,평발이라 신발 고르기 어려웠는데 이건 정말 편해요. 런닝화로 매일 신고 있는데 발이 안 피곤해요. 쿠션감 좋아서 오래 걸어도 무릎이 편합니다. 쟁여두려고 하나 더 담았습니다. ❣️,0
O0654,C0160,P0459,Healthwear,2025-10-03,1,5,굿굿,0
O0655,C0190,P0115,Cosmetics,2025-10-04,1,5,주문하고 다음날 바로 도착했네요. 복합성 피부인데 자극 없이 잘 맞았어요. 발림성 좋고 흡수도 빨라서 아침에 쓰기 편해요. 재구매 의사 있습니다. 👍,0
O0656,C0043,P0528,Healthwear,2025-10-05,1,5,가볍고 통기성 좋아서 여름에 신기 좋네요. 포장 상태 깔끔하게 잘 왔습니다. 재구매 의사 있습니다. ❣️,0
O0657,C0279,P0368,PC_Peripherals,2025-10-05,2,4,잘 쓰고 있어요,0
O0658,C0003,P0266,PC_Peripherals,2025-10-06,1,1,생각보다 무거워서 손목이 더 아파요.,0
O0659,C0070,P0387,PC_Peripherals,2025-10-06,1,4,가벼워서 장시간 써도 부담 없습니다.,1
O0660,C0099,P0578,Healthwear,2025-10-06,1,5,일상화로 매일 신고 있는데 발이 안 피곤해요. 쿠션감 좋아서 오래 걸어도 무릎이 편합니다. 다 쓰면 또 살 것 같아요. 🙂,0
O0661,C0183,P0265,PC_Peripherals,2025-10-06,1,5,포장 상태 깔끔하게 잘 왔습니다. 클릭음이 조용해서 사무실에서 쓰기 딱이에요. 다음엔 다른 라인도 사보려고요.,0
O0662,C0247,P0345,PC_Peripherals,2025-10-06,1,5,지연시간 때문에 바꿨는데 아주 만족합니다. 반응속도 빠르고 연결도 안정적이에요. 재구매 의사 있습니다.,0
O0663,C0260,P0067,Cosmetics,2025-10-06,1,3,박스가 찌그러진 채로 도착해서 좀 당황했어요. 가격 생각하면 용량이 살짝 아쉽네요.,0
O0664,C0113,P0134,Cosmetics,2025-10-07,3,1,실망입니다,0
O0665,C0124,P0071,Cosmetics,2025-10-07,1,2,다시는 안 살 듯,0
O0666,C0158,P0313,PC_Peripherals,2025-10-08,1,5,만족합니다,0
O0667,C0184,P0567,Healthwear,2025-10-08,2,4,굿굿,0
O0668,C0229,P0145,Cosmetics,2025-10-08,2,5,민감성 피부인데 자극 없이 잘 맞았어요.,0
O0669,C0246,P0425,Healthwear,2025-10-08,1,5,발땀 걱정 덜었습니다. 진작 살 걸 그랬어요. 디자인도 예쁘고 어디에 매치해도 잘 어울립니다. 라방에서 싸게 사서 더 만족스러워요. 재구매 의사 있습니다.,0
O0670,C0069,P0465,Healthwear,2025-10-09,1,4,칼발이라 신발 고르기 어려웠는데 이건 정말 편해요. 쿠션감 좋아서 오래 걸어도 무릎이 편합니다.,0
O0671,C0099,P0174,Cosmetics,2025-10-09,2,4,끈적임 없이 촉촉해서 여름에도 부담 없이 발라요. 다음엔 다른 라인도 사보려고요.,0
O0672,C0141,P0452,Healthwear,2025-10-09,1,5,가성비 좋네요,0
O0673,C0225,P0407,Healthwear,2025-10-09,1,5,농구화로 매일 신고 있는데 발이 안 피곤해요. 발볼넓음이라 신발 고르기 어려웠는데 이건 정말 편해요. 재구매 의사 있습니다. 🥰,0
O0674,C0124,P0044,Cosmetics,2025-10-10,1,3,그냥 그래요,0
O0675,C0050,P0260,PC_Peripherals,2025-10-11,1,4,클릭음이 조용해서 사무실에서 쓰기 딱이에요. 인체공학 그립 체감이 확실하네요. 다 쓰면 또 살 것 같아요.,0
O0676,C0090,P0546,Healthwear,2025-10-11,1,3,가격 대비 아쉬움,1
O0677,C0289,P0230,PC_Peripherals,2025-10-11,1,4,게이밍 키보드 중에 이 가격대에서 이 정도면 훌륭하죠. 라방에서 싸게 사서 더 만족스러워요. 가족한테도 추천했어요.,0
O0678,C0020,P0476,Healthwear,2025-10-13,1,5,농구화로 매일 신고 있는데 발이 안 피곤해요. 미끄럼 걱정 덜었습니다. 진작 살 걸 그랬어요. 쟁여두려고 하나 더 담았습니다.,0
O0679,C0075,P0166,Cosmetics,2025-10-13,3,4,기미 때문에 계속 고민이었는데 확실히 나아진 느낌입니다. 순하게 잘 맞아서 두 번째 구매입니다.,0
O0680,C0092,P0518,Healthwear,2025-10-13,1,4,배송 빠르고 포장도 꼼꼼해서 좋았어요. 뒤꿈치까짐 걱정 덜었습니다. 진작 살 걸 그랬어요. 디자인도 예쁘고 어디에 매치해도 잘 어울립니다. 런닝화로 매일 신고 있는데 발이 안 피곤해요. 쟁여두려고 하나 더 담았습니다.,0
O0681,C0099,P0308,PC_Peripherals,2025-10-13,2,5,클릭음이 조용해서 사무실에서 쓰기 딱이에요. 클릭소음 때문에 바꿨는데 아주 만족합니다. 라방에서 싸게 사서 더 만족스러워요. 😊,0
O0682,C0217,P0482,Healthwear,2025-10-13,1,5,가성비 좋네요,0
O0683,C0249,P0198,Cosmetics,2025-10-13,2,3,가격 생각하면 용량이 살짝 아쉽네요.,0
O0684,C0299,P0430,Healthwear,2025-10-13,2,5,정사이즈로 딱 맞았어요. 가볍고 통기성 좋아서 여름에 신기 좋네요. ❣️,0
O0685,C0104,P0512,Healthwear,2025-10-14,1,4,칼발이라 신발 고르기 어려웠는데 이건 정말 편해요. 👍,0
O0686,C0161,P0060,Cosmetics,2025-10-14,1,5,무난하게 좋습니다,0
O0687,C0249,P0085,Cosmetics,2025-10-14,1,3,향은 호불호 갈릴 것 같아요.,0
O0688,C0116,P0464,Healthwear,2025-10-15,1,3,택배 박스 안에 완충재가 하나도 없더라고요. 실물이 사진보다 좀 투박해요. 무난한데 이 가격이면 좀 비싼 느낌입니다.,0
O0689,C0300,P0430,Healthwear,2025-10-15,1,5,워킹화로 매일 신고 있는데 발이 안 피곤해요. 가볍고 통기성 좋아서 여름에 신기 좋네요. 다음엔 다른 라인도 사보려고요.,0
O0690,C0062,P0037,Cosmetics,2025-10-16,2,5,,0
O0691,C0136,P0091,Cosmetics,2025-10-16,2,3,향은 호불호 갈릴 것 같아요. 재구매는 안 할 것 같아요.,0
O0692,C0234,P0466,Healthwear,2025-10-16,1,1,발볼이 좁아서 새끼발가락이 너무 아픕니다. 사이즈가 작게 나와서 결국 반품했어요. 반품 고민 중입니다.,0
O0693,C0300,P0229,PC_Peripherals,2025-10-16,1,4,그립감 좋고 손목 피로가 확실히 덜합니다. 가벼워서 장시간 써도 부담 없습니다. 배송 진짜 빨라요. 가족한테도 추천했어요.,0
O0694,C0022,P0465,Healthwear,2025-10-17,1,5,디자인도 예쁘고 어디에 매치해도 잘 어울립니다. 쿠션감 좋아서 오래 걸어도 무릎이 편합니다. 쟁여두려고 하나 더 담았습니다.,0
O0695,C0099,P0345,PC_Peripherals,2025-10-17,1,4,배송 빨라요 👍,0
O0696,C0020,P0552,Healthwear,2025-10-18,1,5,배송 진짜 빨라요. 쿠션감 좋아서 오래 걸어도 무릎이 편합니다.,0
O0697,C0057,P0235,PC_Peripherals,2025-10-18,1,5,좋아요,0
O0698,C0099,P0435,Healthwear,2025-10-18,1,2,뒤꿈치가 까져서 못 신겠어요. 쿠션이 두 달 만에 꺼졌네요. 발볼이 좁아서 새끼발가락이 너무 아픕니다.,0
O0699,C0066,P0513,Healthwear,2025-10-20,1,3,실물이 사진보다 좀 투박해요. 착화감은 괜찮은데 장시간보행 피로은 그대로예요. 사이즈가 살짝 크게 나온 것 같아요. 반 사이즈 작게 사세요.,0
O0700,C0167,P0038,Cosmetics,2025-10-20,1,5,복합성 피부인데 자극 없이 잘 맞았어요.,0
O0701,C0249,P0154,Cosmetics,2025-10-21,1,4,스쿠알란 들어간 제품 찾고 있었는데 딱이네요. 발림성 좋고 흡수도 빨라서 아침에 쓰기 편해요. 복합성 피부인데 자극 없이 잘 맞았어요.,0
O0702,C0020,P0472,Healthwear,2025-10-24,1,3,무난한데 이 가격이면 좀 비싼 느낌입니다.,0
O0703,C0273,P0406,Healthwear,2025-10-24,1,5,착지충격 걱정 덜었습니다. 진작 살 걸 그랬어요. 가족한테도 추천했어요.,0
O0704,C0299,P0483,Healthwear,2025-10-24,1,4,디자인도 예쁘고 어디에 매치해도 잘 어울립니다. 정사이즈로 딱 맞았어요. 가족한테도 추천했어요. 👍🏻,1
O0705,C0160,P0466,Healthwear,2025-10-25,1,3,착화감은 괜찮은데 아치통증은 그대로예요. 무난한데 이 가격이면 좀 비싼 느낌입니다.,0
O0706,C0222,P0028,Cosmetics,2025-10-25,1,3,향은 호불호 갈릴 것 같아요.,1
O0707,C0249,P0003,Cosmetics,2025-10-25,3,5,포장 상태 깔끔하게 잘 왔습니다. 순하게 잘 맞아서 두 번째 구매입니다.,0
O0708,C0063,P0169,Cosmetics,2025-10-26,1,5,나이아신아마이드 들어간 제품 찾고 있었는데 딱이네요.,0
O0709,C0050,P0020,Cosmetics,2025-10-27,1,4,배송 빨라요 👍,0
O0710,C0050,P0263,PC_Peripherals,2025-10-28,1,1,두 달 만에 채터링 생겼어요.,0
O0711,C0271,P0345,PC_Peripherals,2025-10-28,1,5,,0
O0712,C0287,P0382,PC_Peripherals,2025-10-28,1,5,게이밍 키보드 중에 이 가격대에서 이 정도면 훌륭하죠. 재구매 의사 있습니다.,0
O0713,C0022,P0169,Cosmetics,2025-10-29,1,4,배송 진짜 빨라요. 건성 피부인데 자극 없이 잘 맞았어요. 미백 제품 여러 개 써봤는데 이게 제일 무난하고 좋네요. 다음엔 다른 라인도 사보려고요.,0
O0714,C0057,P0100,Cosmetics,2025-10-29,3,5,펩타이드 들어간 제품 찾고 있었는데 딱이네요. 다크서클 때문에 계속 고민이었는데 확실히 나아진 느낌입니다. 순하게 잘 맞아서 두 번째 구매입니다. ❣️,0
O0715,C0107,P0169,Cosmetics,2025-11-01,2,4,순하게 잘 맞아서 두 번째 구매입니다. 칙칙함 때문에 계속 고민이었는데 확실히 나아진 느낌입니다. 다 쓰면 또 살 것 같아요.,0
O0716,C0260,P0038,Cosmetics,2025-11-01,1,5,발림성 좋고 흡수도 빨라서 아침에 쓰기 편해요. 안티에이징 제품 여러 개 써봤는데 이게 제일 무난하고 좋네요. 지성 피부인데 자극 없이 잘 맞았어요. 다음엔 다른 라인도 사보려고요.,0
O0717,C0010,P0518,Healthwear,2025-11-02,2,4,발땀 걱정 덜었습니다. 진작 살 걸 그랬어요. 다 쓰면 또 살 것 같아요. 🙂,0
O0718,C0056,P0564,Healthwear,2025-11-02,1,3,무난한데 이 가격이면 좀 비싼 느낌입니다.,0
O0719,C0082,P0465,Healthwear,2025-11-02,1,5,쿠션감 좋아서 오래 걸어도 무릎이 편합니다. 다 쓰면 또 살 것 같아요. 🙂,0
O0720,C0300,P0491,Healthwear,2025-11-02,2,5,선물용으로도 괜찮을 만큼 포장이 잘 돼서 왔어요. 쿠션감 좋아서 오래 걸어도 무릎이 편합니다. ❣️,0
O0721,C0016,P0345,PC_Peripherals,2025-11-03,1,5,손땀 때문에 바꿨는데 아주 만족합니다. 클릭음이 조용해서 사무실에서 쓰기 딱이에요. 가벼워서 장시간 써도 부담 없습니다. 포장 상태 깔끔하게 잘 왔습니다. 재구매 의사 있습니다.,0
O0722,C0161,P0345,PC_Peripherals,2025-11-03,1,4,배송 진짜 빨라요. 반응속도 빠르고 연결도 안정적이에요. 가벼워서 장시간 써도 부담 없습니다. 다 쓰면 또 살 것 같아요.,0
O0723,C0261,P0553,Healthwear,2025-11-03,1,4,가볍고 통기성 좋아서 여름에 신기 좋네요. 라방에서 싸게 사서 더 만족스러워요.,0
O0724,C0020,P0526,Healthwear,2025-11-04,1,5,발볼넓음이라 신발 고르기 어려웠는데 이건 정말 편해요. 재구매 의사 있습니다. 😆,0
O0725,C0127,P0345,PC_Peripherals,2025-11-04,1,5,무게부담 때문에 바꿨는데 아주 만족합니다. 가벼워서 장시간 써도 부담 없습니다. 배송 진짜 빨라요.,0
O0726,C0115,P0533,Healthwear,2025-11-05,1,5,디자인도 예쁘고 어디에 매치해도 잘 어울립니다. 농구화로 매일 신고 있는데 발이 안 피곤해요.,0
O0727,C0265,P0558,Healthwear,2025-11-05,3,5,워킹화로 매일 신고 있는데 발이 안 피곤해요. 디자인도 예쁘고 어디에 매치해도 잘 어울립니다.,0
O0728,C0033,P0345,PC_Peripherals,2025-11-06,1,2,,0
O0729,C0168,P0403,Healthwear,2025-11-06,1,5,정사이즈로 딱 맞았어요. 😆,0
O0730,C0174,P0141,Cosmetics,2025-11-07,1,5,선물용으로도 괜찮을 만큼 포장이 잘 돼서 왔어요. 순하게 잘 맞아서 두 번째 구매입니다. 가족한테도 추천했어요.,1
O0731,C0266,P0028,Cosmetics,2025-11-07,3,5,진정 제품 여러 개 써봤는데 이게 제일 무난하고 좋네요. 가족한테도 추천했어요. 🙂,1
O0732,C0223,P0013,Cosmetics,2025-11-08,1,5,미백 제품 여러 개 써봤는데 이게 제일 무난하고 좋네요. ❤️,0
O0733,C0273,P0434,Healthwear,2025-11-09,1,4,가성비 좋네요,1
O0734,C0300,P0553,Healthwear,2025-11-09,1,1,발볼이 좁아서 새끼발가락이 너무 아픕니다. 사이즈가 작게 나와서 결국 반품했어요.,0
O0735,C0024,P0239,PC_Peripherals,2025-11-10,1,4,가벼워서 장시간 써도 부담 없습니다. 쟁여두려고 하나 더 담았습니다.,0
O0736,C0145,P0585,Healthwear,2025-11-10,1,5,배송 빨라요 👍,0
O0737,C0249,P0099,Cosmetics,2025-11-10,1,4,잘 쓰고 있어요,0
O0738,C0102,P0378,PC_Peripherals,2025-11-11,1,5,굿굿,0
O0739,C0122,P0143,Cosmetics,2025-11-11,2,4,발림성 좋고 흡수도 빨라서 아침에 쓰기 편해요. 끈적임 없이 촉촉해서 여름에도 부담 없이 발라요. 순하게 잘 맞아서 두 번째 구매입니다.,1
O0740,C0021,P0449,Healthwear,2025-11-12,2,4,런닝화로 매일 신고 있는데 발이 안 피곤해요.,0
O0741,C0092,P0129,Cosmetics,2025-11-12,1,2,발림성이 뻑뻑하고 밀려서 못 쓰겠어요.,0
O0742,C0281,P0466,Healthwear,2025-11-12,1,5,발볼넓음이라 신발 고르기 어려웠는데 이건 정말 편해요.,0
O0743,C0037,P0015,Cosmetics,2025-11-14,1,4,포장 상태 깔끔하게 잘 왔습니다. 끈적임 없이 촉촉해서 여름에도 부담 없이 발라요. 순하게 잘 맞아서 두 번째 구매입니다.,0
O0744,C0272,P0210,PC_Peripherals,2025-11-14,1,5,,1
O0745,C0276,P0230,PC_Peripherals,2025-11-14,1,4,반응속도 빠르고 연결도 안정적이에요.,1
O0746,C0024,P0029,Cosmetics,2025-11-15,1,2,모공에는 전혀 변화가 없네요. 민감성 피부에는 좀 자극이 있었어요. 쓰고 나서 오히려 트러블이 올라왔습니다.,0
O0747,C0040,P0230,PC_Peripherals,2025-11-15,1,5,가벼워서 장시간 써도 부담 없습니다. 타건소음 때문에 바꿨는데 아주 만족합니다. 반응속도 빠르고 연결도 안정적이에요.,0
O0748,C0255,P0084,Cosmetics,2025-11-15,2,4,미백 제품 여러 개 써봤는데 이게 제일 무난하고 좋네요. 포장 상태 깔끔하게 잘 왔습니다. 😆,0
O0749,C0089,P0345,PC_Peripherals,2025-11-16,1,4,반응속도 빠르고 연결도 안정적이에요. 포장 상태 깔끔하게 잘 왔습니다. 다음엔 다른 라인도 사보려고요.,0
O0750,C0128,P0345,PC_Peripherals,2025-11-16,1,3,손땀은 좀 나아졌는데 마감이 아쉽습니다. 기능은 무난한데 특별할 건 없어요. 테이프가 다 떨어져서 왔는데 포장에 신경 좀 써주셨으면 해요.,0
O0751,C0159,P0430,Healthwear,2025-11-16,1,4,워킹화로 매일 신고 있는데 발이 안 피곤해요. 재구매 의사 있습니다.,0
O0752,C0047,P0038,Cosmetics,2025-11-17,2,4,발림성 좋고 흡수도 빨라서 아침에 쓰기 편해요. 끈적임 없이 촉촉해서 여름에도 부담 없이 발라요. 다음엔 다른 라인도 사보려고요.,0
O0753,C0096,P0172,Cosmetics,2025-11-17,2,3,잡티 개선은 아직 잘 모르겠는데 발림성은 좋습니다.,0
O0754,C0115,P0128,Cosmetics,2025-11-17,2,4,순하게 잘 맞아서 두 번째 구매입니다. 알부틴 들어간 제품 찾고 있었는데 딱이네요. 끈적임 없이 촉촉해서 여름에도 부담 없이 발라요. 🥰,0
O0755,C0263,P0173,Cosmetics,2025-11-17,1,5,순하게 잘 맞아서 두 번째 구매입니다.,0
O0756,C0283,P0037,Cosmetics,2025-11-17,2,5,순하게 잘 맞아서 두 번째 구매입니다. 복합성 피부인데 자극 없이 잘 맞았어요.,0
O0757,C0089,P0066,Cosmetics,2025-11-18,1,4,배송 빠르고 포장도 꼼꼼해서 좋았어요. 발림성 좋고 흡수도 빨라서 아침에 쓰기 편해요. 미백 제품 여러 개 써봤는데 이게 제일 무난하고 좋네요.,0
O0758,C0275,P0578,Healthwear,2025-11-18,1,5,,0
O0759,C0003,P0006,Cosmetics,2025-11-20,1,5,탄력저하 때문에 계속 고민이었는데 확실히 나아진 느낌입니다. 순하게 잘 맞아서 두 번째 구매입니다. 발림성 좋고 흡수도 빨라서 아침에 쓰기 편해요.,0
O0760,C0124,P0082,Cosmetics,2025-11-20,1,4,순하게 잘 맞아서 두 번째 구매입니다. 판테놀 들어간 제품 찾고 있었는데 딱이네요. 다음엔 다른 라인도 사보려고요.,0
O0761,C0229,P0489,Healthwear,2025-11-20,1,1,발볼이 좁아서 새끼발가락이 너무 아픕니다. 사이즈가 작게 나와서 결국 반품했어요. 다음엔 다른 제품 써보려고요.,0
O0762,C0044,P0145,Cosmetics,2025-11-21,2,2,테이프가 다 떨어져서 왔는데 포장에 신경 좀 써주셨으면 해요. 복합성 피부에는 좀 자극이 있었어요. 다음엔 다른 제품 써보려고요.,1
O0763,C0055,P0384,PC_Peripherals,2025-11-21,2,5,반응속도 빠르고 연결도 안정적이에요. 가벼워서 장시간 써도 부담 없습니다. 클릭음이 조용해서 사무실에서 쓰기 딱이에요.,1
O0764,C0082,P0115,Cosmetics,2025-11-21,5,5,배송 빠르고 포장도 꼼꼼해서 좋았어요. 지성 피부인데 자극 없이 잘 맞았어요.,0
O0765,C0126,P0481,Healthwear,2025-11-21,1,3,무난한데 이 가격이면 좀 비싼 느낌입니다. 착화감은 괜찮은데 발볼압박은 그대로예요. 테이프가 다 떨어져서 왔는데 포장에 신경 좀 써주셨으면 해요.,0
O0766,C0145,P0038,Cosmetics,2025-11-21,2,2,실망입니다,0
O0767,C0189,P0595,Healthwear,2025-11-21,1,1,쿠션이 두 달 만에 꺼졌네요. 아치통증 때문에 샀는데 오히려 더 심해졌습니다. 박스가 찌그러진 채로 도착해서 좀 당황했어요.,0
O0768,C0201,P0169,Cosmetics,2025-11-21,2,5,지성 피부인데 자극 없이 잘 맞았어요.,0
O0769,C0014,P0581,Healthwear,2025-11-22,1,5,배송 빠르고 포장도 꼼꼼해서 좋았어요. 디자인도 예쁘고 어디에 매치해도 잘 어울립니다. 가족한테도 추천했어요.,0
O0770,C0117,P0584,Healthwear,2025-11-22,2,5,평발이라 신발 고르기 어려웠는데 이건 정말 편해요. 런닝화로 매일 신고 있는데 발이 안 피곤해요. 다 쓰면 또 살 것 같아요.,0
O0771,C0127,P0186,Cosmetics,2025-11-22,3,5,복합성 피부인데 자극 없이 잘 맞았어요.,0
O0772,C0206,P0169,Cosmetics,2025-11-22,1,5,발림성 좋고 흡수도 빨라서 아침에 쓰기 편해요. 기미 때문에 계속 고민이었는데 확실히 나아진 느낌입니다. 🙂,0
O0773,C0293,P0526,Healthwear,2025-11-22,2,3,착화감은 괜찮은데 착지충격은 그대로예요.,1
O0774,C0109,P0345,PC_Peripherals,2025-11-23,1,5,게이밍 마우스 중에 이 가격대에서 이 정도면 훌륭하죠.,0
O0775,C0168,P0038,Cosmetics,2025-11-23,3,3,무난하게 쓰기 좋은데 드라마틱한 변화는 없어요. 지성 피부라 걱정했는데 트러블은 안 났어요. 딱 그 정도입니다.,0
O0776,C0200,P0094,Cosmetics,2025-11-24,5,5,건성 피부인데 자극 없이 잘 맞았어요. 발림성 좋고 흡수도 빨라서 아침에 쓰기 편해요. 선물용으로도 괜찮을 만큼 포장이 잘 돼서 왔어요. 재구매 의사 있습니다.,0
O0777,C0238,P0154,Cosmetics,2025-11-24,3,5,순하게 잘 맞아서 두 번째 구매입니다. 각질 때문에 계속 고민이었는데 확실히 나아진 느낌입니다. 세라마이드 들어간 제품 찾고 있었는데 딱이네요. ❤️,1
O0778,C0049,P0500,Healthwear,2025-11-27,2,4,가볍고 통기성 좋아서 여름에 신기 좋네요. 평발이라 신발 고르기 어려웠는데 이건 정말 편해요.,0
O0779,C0191,P0092,Cosmetics,2025-11-27,1,5,순하게 잘 맞아서 두 번째 구매입니다. 발림성 좋고 흡수도 빨라서 아침에 쓰기 편해요. 라방에서 싸게 사서 더 만족스러워요. 😆,0
O0780,C0206,P0038,Cosmetics,2025-11-27,1,2,쓰고 나서 오히려 트러블이 올라왔습니다.,0
O0781,C0003,P0482,Healthwear,2025-11-28,1,5,발볼압박 걱정 덜었습니다. 진작 살 걸 그랬어요. 배송 진짜 빨라요. 쟁여두려고 하나 더 담았습니다.,0
O0782,C0020,P0345,PC_Peripherals,2025-11-28,1,2,배송이 생각보다 오래 걸렸네요. 가격 대비 마감이 너무 조악합니다.,0
O0783,C0049,P0498,Healthwear,2025-11-30,1,5,라방에서 싸게 사서 더 만족스러워요. 정사이즈로 딱 맞았어요. 다 쓰면 또 살 것 같아요.,0
O0784,C0298,P0353,PC_Peripherals,2025-11-30,1,3,성능은 괜찮은데 소프트웨어가 좀 불편하네요. 기능은 무난한데 특별할 건 없어요. 클릭소음은 좀 나아졌는데 마감이 아쉽습니다.,0
O0785,C0027,P0255,PC_Peripherals,2025-12-01,1,5,배송 빨라요 👍,0
O0786,C0145,P0472,Healthwear,2025-12-02,2,4,만족합니다,0
O0787,C0024,P0558,Healthwear,2025-12-04,1,2,발볼압박 때문에 샀는데 오히려 더 심해졌습니다. 사이즈가 작게 나와서 결국 반품했어요. 반품 고민 중입니다.,0
O0788,C0136,P0095,Cosmetics,2025-12-04,1,4,,0
O0789,C0232,P0250,PC_Peripherals,2025-12-04,1,5,좋아요,0
O0790,C0253,P0297,PC_Peripherals,2025-12-04,2,5,사무용 마우스 중에 이 가격대에서 이 정도면 훌륭하죠. 그립감 좋고 손목 피로가 확실히 덜합니다.,1
O0791,C0009,P0221,PC_Peripherals,2025-12-07,1,5,반응속도 빠르고 연결도 안정적이에요.,0
O0792,C0086,P0504,Healthwear,2025-12-07,1,5,가볍고 통기성 좋아서 여름에 신기 좋네요. 워킹화로 매일 신고 있는데 발이 안 피곤해요.,0
O0793,C0260,P0166,Cosmetics,2025-12-07,3,4,비타민C 들어간 제품 찾고 있었는데 딱이네요. 미백 제품 여러 개 써봤는데 이게 제일 무난하고 좋네요. 다 쓰면 또 살 것 같아요.,0
O0794,C0198,P0322,PC_Peripherals,2025-12-08,1,1,배터리부족 문제가 전혀 해결이 안 됩니다. 두 달 만에 채터링 생겼어요.,1
O0795,C0211,P0503,Healthwear,2025-12-08,1,4,디자인도 예쁘고 어디에 매치해도 잘 어울립니다. 다 쓰면 또 살 것 같아요.,0
O0796,C0217,P0595,Healthwear,2025-12-08,1,5,만족합니다,0
O0797,C0099,P0515,Healthwear,2025-12-09,1,2,실망입니다,1
O0798,C0136,P0028,Cosmetics,2025-12-09,1,5,배송 빠르고 포장도 꼼꼼해서 좋았어요. 트러블 때문에 계속 고민이었는데 확실히 나아진 느낌입니다. 프로폴리스 들어간 제품 찾고 있었는데 딱이네요. 순하게 잘 맞아서 두 번째 구매입니다.,0
O0799,C0161,P0038,Cosmetics,2025-12-09,1,3,,0
O0800,C0037,P0230,PC_Peripherals,2025-12-10,1,4,클릭음이 조용해서 사무실에서 쓰기 딱이에요. 👍,1
O0801,C0271,P0599,Healthwear,2025-12-10,1,5,가볍고 통기성 좋아서 여름에 신기 좋네요. 쿠션감 좋아서 오래 걸어도 무릎이 편합니다. 뒤꿈치까짐 걱정 덜었습니다. 진작 살 걸 그랬어요. 라방에서 싸게 사서 더 만족스러워요. 가족한테도 추천했어요. 🙂,0
O0802,C0066,P0403,Healthwear,2025-12-11,1,5,쿠션감 좋아서 오래 걸어도 무릎이 편합니다.,1
O0803,C0148,P0436,Healthwear,2025-12-11,2,4,런닝화로 매일 신고 있는데 발이 안 피곤해요. 칼발이라 신발 고르기 어려웠는데 이건 정말 편해요. 쿠션감 좋아서 오래 걸어도 무릎이 편합니다.,0
O0804,C0251,P0245,PC_Peripherals,2025-12-11,1,3,가격 대비 딱 그만큼입니다.,0
O0805,C0145,P0482,Healthwear,2025-12-12,1,5,평발이라 신발 고르기 어려웠는데 이건 정말 편해요.,0
O0806,C0175,P0551,Healthwear,2025-12-12,1,5,추천합니다,0
O0807,C0236,P0364,PC_Peripherals,2025-12-12,1,4,2.4GHz 무선 체감이 확실하네요. 가벼워서 장시간 써도 부담 없습니다. 쟁여두려고 하나 더 담았습니다.,0
O0808,C0062,P0103,Cosmetics,2025-12-13,3,2,쓰고 나서 오히려 트러블이 올라왔습니다. 발림성이 뻑뻑하고 밀려서 못 쓰겠어요. 배송이 생각보다 오래 걸렸네요.,0
O0809,C0255,P0345,PC_Peripherals,2025-12-13,1,5,배송 빨라요 👍,0
O0810,C0281,P0202,PC_Peripherals,2025-12-13,1,5,게이밍 키보드 중에 이 가격대에서 이 정도면 훌륭하죠. 클릭음이 조용해서 사무실에서 쓰기 딱이에요. 다음엔 다른 라인도 사보려고요. 😊,0
O0811,C0162,P0221,PC_Peripherals,2025-12-14,2,4,반응속도 빠르고 연결도 안정적이에요. 키감 때문에 바꿨는데 아주 만족합니다. 유선 연결 체감이 확실하네요. 포장 상태 깔끔하게 잘 왔습니다. 다음엔 다른 라인도 사보려고요.,0
O0812,C0251,P0397,PC_Peripherals,2025-12-14,1,4,클릭음이 조용해서 사무실에서 쓰기 딱이에요. 반응속도 빠르고 연결도 안정적이에요. 쟁여두려고 하나 더 담았습니다. 🥰,0
O0813,C0274,P0499,Healthwear,2025-12-14,1,4,추천합니다,1
O0814,C0281,P0038,Cosmetics,2025-12-14,1,5,추천합니다,0
O0815,C0101,P0345,PC_Peripherals,2025-12-15,1,3,포장이 부실해서 아쉬웠습니다. 손 큰 편이라 사이즈가 살짝 작게 느껴져요.,1
O0816,C0223,P0166,Cosmetics,2025-12-15,2,4,미백 제품 여러 개 써봤는데 이게 제일 무난하고 좋네요.,0
O0817,C0244,P0419,Healthwear,2025-12-16,1,4,잘 쓰고 있어요,0
O0818,C0109,P0549,Healthwear,2025-12-17,1,5,쿠션감 좋아서 오래 걸어도 무릎이 편합니다.,0
O0819,C0124,P0503,Healthwear,2025-12-17,1,1,사이즈가 작게 나와서 결국 반품했어요.,0
O0820,C0136,P0332,PC_Peripherals,2025-12-17,1,5,반응속도 빠르고 연결도 안정적이에요. 지연시간 때문에 바꿨는데 아주 만족합니다. 다 쓰면 또 살 것 같아요. 👍,0
O0821,C0187,P0319,PC_Peripherals,2025-12-17,1,4,반응속도 빠르고 연결도 안정적이에요. 무선충전 지원 체감이 확실하네요. 라방에서 싸게 사서 더 만족스러워요. 가족한테도 추천했어요.,0
O0822,C0041,P0541,Healthwear,2025-12-18,1,3,실물이 사진보다 좀 투박해요. 테이프가 다 떨어져서 왔는데 포장에 신경 좀 써주셨으면 해요. 반품 고민 중입니다.,1
O0823,C0081,P0345,PC_Peripherals,2025-12-18,2,4,지연시간 때문에 바꿨는데 아주 만족합니다. 가벼워서 장시간 써도 부담 없습니다. 🙂,0
O0824,C0226,P0034,Cosmetics,2025-12-18,1,5,가성비 좋네요,0
O0825,C0283,P0296,PC_Peripherals,2025-12-18,1,4,선물용으로도 괜찮을 만큼 포장이 잘 돼서 왔어요. 그립감 좋고 손목 피로가 확실히 덜합니다. 배터리부족 때문에 바꿨는데 아주 만족합니다. 1600DPI 체감이 확실하네요.,0
O0826,C0080,P0271,PC_Peripherals,2025-12-19,1,4,그립감 좋고 손목 피로가 확실히 덜합니다. 가벼워서 장시간 써도 부담 없습니다. 클릭음이 조용해서 사무실에서 쓰기 딱이에요.,0
O0827,C0161,P0038,Cosmetics,2025-12-19,1,1,쓰고 나서 오히려 트러블이 올라왔습니다. 향이 너무 강해서 쓰기 힘들었습니다. 건성 피부에는 좀 자극이 있었어요. 테이프가 다 떨어져서 왔는데 포장에 신경 좀 써주셨으면 해요.,0
O0828,C0281,P0306,PC_Peripherals,2025-12-19,1,1,채터링 문제가 전혀 해결이 안 됩니다. 두 달 만에 채터링 생겼어요.,0
O0829,C0063,P0052,Cosmetics,2025-12-20,1,3,무난하게 쓰기 좋은데 드라마틱한 변화는 없어요. 테이프가 다 떨어져서 왔는데 포장에 신경 좀 써주셨으면 해요. 가격 생각하면 좀 아쉽네요.,0
O0830,C0107,P0414,Healthwear,2025-12-20,2,5,쿠션감 좋아서 오래 걸어도 무릎이 편합니다. 일상화로 매일 신고 있는데 발이 안 피곤해요. 다 쓰면 또 살 것 같아요.,0
O0831,C0300,P0594,Healthwear,2025-12-20,1,4,가볍고 통기성 좋아서 여름에 신기 좋네요. 배송 진짜 빨라요.,0
O0832,C0206,P0038,Cosmetics,2025-12-22,1,5,끈적임 없이 촉촉해서 여름에도 부담 없이 발라요. 안티에이징 제품 여러 개 써봤는데 이게 제일 무난하고 좋네요. 복합성 피부인데 자극 없이 잘 맞았어요. 쟁여두려고 하나 더 담았습니다. 👍🏻,0
O0833,C0252,P0566,Healthwear,2025-12-22,3,4,,0
O0834,C0059,P0433,Healthwear,2025-12-23,1,5,디자인도 예쁘고 어디에 매치해도 잘 어울립니다. 배송 진짜 빨라요. 🥰,1
O0835,C0020,P0403,Healthwear,2025-12-24,1,4,만족합니다,0
O0836,C0150,P0561,Healthwear,2025-12-24,2,5,잘 쓰고 있어요,1
O0837,C0216,P0345,PC_Peripherals,2025-12-24,1,4,잘 쓰고 있어요,0
O0838,C0231,P0411,Healthwear,2025-12-24,1,5,발볼압박 걱정 덜었습니다. 진작 살 걸 그랬어요. 워킹화로 매일 신고 있는데 발이 안 피곤해요. 다음엔 다른 라인도 사보려고요.,0
O0839,C0281,P0129,Cosmetics,2025-12-24,1,5,,0
O0840,C0219,P0519,Healthwear,2025-12-25,2,4,아치통증 걱정 덜었습니다. 진작 살 걸 그랬어요.,0
O0841,C0225,P0526,Healthwear,2025-12-25,1,5,정사이즈로 딱 맞았어요. 디자인도 예쁘고 어디에 매치해도 잘 어울립니다. 쟁여두려고 하나 더 담았습니다.,0
O0842,C0223,P0178,Cosmetics,2025-12-26,1,5,끈적임 없이 촉촉해서 여름에도 부담 없이 발라요. 순하게 잘 맞아서 두 번째 구매입니다. 다 쓰면 또 살 것 같아요.,0
O0843,C0241,P0539,Healthwear,2025-12-26,1,5,발볼압박 걱정 덜었습니다. 진작 살 걸 그랬어요.,0
O0844,C0194,P0230,PC_Peripherals,2025-12-27,2,4,내구성 때문에 바꿨는데 아주 만족합니다. 가벼워서 장시간 써도 부담 없습니다. 클릭음이 조용해서 사무실에서 쓰기 딱이에요. 재구매 의사 있습니다.,1
O0845,C0040,P0230,PC_Peripherals,2025-12-28,2,1,돈 아까워요,0
O0846,C0056,P0216,PC_Peripherals,2025-12-28,1,4,배터리부족 때문에 바꿨는데 아주 만족합니다. 반응속도 빠르고 연결도 안정적이에요. 🥰,0
O0847,C0227,P0230,PC_Peripherals,2025-12-28,1,4,반응속도 빠르고 연결도 안정적이에요. 무선 3모드 체감이 확실하네요.,0
O0848,C0298,P0345,PC_Peripherals,2025-12-28,1,5,배송 빨라요 👍,0
O0849,C0021,P0469,Healthwear,2025-12-30,1,5,디자인도 예쁘고 어디에 매치해도 잘 어울립니다. 족저근막염 걱정 덜었습니다. 진작 살 걸 그랬어요. 쟁여두려고 하나 더 담았습니다.,0
O0850,C0223,P0150,Cosmetics,2025-12-30,2,3,보통이에요,0
O0851,C0283,P0397,PC_Peripherals,2025-12-30,1,3,무난합니다,0
O0852,C0040,P0467,Healthwear,2026-01-01,1,5,배송 빨라요 👍,0
O0853,C0009,P0230,PC_Peripherals,2026-01-02,1,4,만족합니다,1
O0854,C0082,P0345,PC_Peripherals,2026-01-02,2,5,게이밍 마우스 중에 이 가격대에서 이 정도면 훌륭하죠. 가족한테도 추천했어요.,0
O0855,C0154,P0293,PC_Peripherals,2026-01-02,1,5,잘 쓰고 있어요,0
O0856,C0001,P0019,Cosmetics,2026-01-03,1,5,끈적임 없이 촉촉해서 여름에도 부담 없이 발라요. 복합성 피부인데 자극 없이 잘 맞았어요. 라방에서 싸게 사서 더 만족스러워요. 쟁여두려고 하나 더 담았습니다.,1
O0857,C0091,P0303,PC_Peripherals,2026-01-03,1,5,만족합니다,0
O0858,C0117,P0027,Cosmetics,2026-01-03,1,5,끈적임 없이 촉촉해서 여름에도 부담 없이 발라요. 다음엔 다른 라인도 사보려고요. 😆,0
O0859,C0269,P0587,Healthwear,2026-01-03,1,4,정사이즈로 딱 맞았어요.,0
O0860,C0073,P0242,PC_Peripherals,2026-01-04,1,5,반응속도 빠르고 연결도 안정적이에요. 주문하고 다음날 바로 도착했네요.,0
O0861,C0104,P0129,Cosmetics,2026-01-04,1,4,복합성 피부인데 자극 없이 잘 맞았어요. 건조함 때문에 계속 고민이었는데 확실히 나아진 느낌입니다.,0
O0862,C0062,P0091,Cosmetics,2026-01-05,2,5,속당김 때문에 계속 고민이었는데 확실히 나아진 느낌입니다. 라방에서 싸게 사서 더 만족스러워요.,0
O0863,C0206,P0110,Cosmetics,2026-01-05,1,3,무난하게 쓰기 좋은데 드라마틱한 변화는 없어요. 복합성 피부라 걱정했는데 트러블은 안 났어요. 딱 그 정도입니다. 향은 호불호 갈릴 것 같아요.,0
O0864,C0277,P0261,PC_Peripherals,2026-01-05,1,5,주문하고 다음날 바로 도착했네요. 반응속도 빠르고 연결도 안정적이에요. 키감 때문에 바꿨는데 아주 만족합니다. 가벼워서 장시간 써도 부담 없습니다. 다 쓰면 또 살 것 같아요.,0
O0865,C0086,P0221,PC_Peripherals,2026-01-06,1,5,그립감 좋고 손목 피로가 확실히 덜합니다. ❤️,1
O0866,C0104,P0150,Cosmetics,2026-01-06,1,5,끈적임 없이 촉촉해서 여름에도 부담 없이 발라요.,0
O0867,C0191,P0300,PC_Peripherals,2026-01-06,2,5,굿굿,0
O0868,C0263,P0085,Cosmetics,2026-01-07,2,5,기미 때문에 계속 고민이었는데 확실히 나아진 느낌입니다. ❤️,0
O0869,C0005,P0581,Healthwear,2026-01-08,1,4,런닝화로 매일 신고 있는데 발이 안 피곤해요. 칼발이라 신발 고르기 어려웠는데 이건 정말 편해요. 쿠션감 좋아서 오래 걸어도 무릎이 편합니다. 주문하고 다음날 바로 도착했네요. 다 쓰면 또 살 것 같아요.,0
O0870,C0056,P0345,PC_Peripherals,2026-01-08,1,4,26000DPI 광학센서 체감이 확실하네요.,0
O0871,C0097,P0534,Healthwear,2026-01-08,1,4,,0
O0872,C0183,P0496,Healthwear,2026-01-08,1,4,가성비 좋네요,0
O0873,C0069,P0289,PC_Peripherals,2026-01-09,1,5,가성비 좋네요,0
O0874,C0121,P0472,Healthwear,2026-01-09,1,3,테이프가 다 떨어져서 왔는데 포장에 신경 좀 써주셨으면 해요. 사이즈가 살짝 크게 나온 것 같아요. 반 사이즈 작게 사세요. 며칠 신으니 괜찮아졌는데 처음엔 뻣뻣했어요.,0
O0875,C0265,P0015,Cosmetics,2026-01-09,1,5,가성비 좋네요,0
O0876,C0014,P0482,Healthwear,2026-01-10,1,1,쿠션이 두 달 만에 꺼졌네요. 사이즈가 작게 나와서 결국 반품했어요.,0
O0877,C0109,P0510,Healthwear,2026-01-10,1,4,정사이즈로 딱 맞았어요. 쿠션감 좋아서 오래 걸어도 무릎이 편합니다. 🙂,0
O0878,C0155,P0476,Healthwear,2026-01-10,1,4,칼발이라 신발 고르기 어려웠는데 이건 정말 편해요. 😊,1
O0879,C0139,P0083,Cosmetics,2026-01-11,2,5,민감성 피부인데 자극 없이 잘 맞았어요. 끈적임 없이 촉촉해서 여름에도 부담 없이 발라요. 선물용으로도 괜찮을 만큼 포장이 잘 돼서 왔어요.,0
O0880,C0206,P0430,Healthwear,2026-01-12,1,2,사이즈가 작게 나와서 결국 반품했어요. 미끄럼 때문에 샀는데 오히려 더 심해졌습니다.,0
O0881,C0053,P0038,Cosmetics,2026-01-13,1,4,안티에이징 제품 여러 개 써봤는데 이게 제일 무난하고 좋네요. 다크서클 때문에 계속 고민이었는데 확실히 나아진 느낌입니다. 다 쓰면 또 살 것 같아요.,1
O0882,C0142,P0073,Cosmetics,2026-01-13,2,5,미백 제품 여러 개 써봤는데 이게 제일 무난하고 좋네요. 발림성 좋고 흡수도 빨라서 아침에 쓰기 편해요. 민감성 피부인데 자극 없이 잘 맞았어요. 주문하고 다음날 바로 도착했네요. 다 쓰면 또 살 것 같아요.,0
O0883,C0011,P0402,Healthwear,2026-01-14,1,4,무난하게 좋습니다,0
O0884,C0094,P0095,Cosmetics,2026-01-14,2,4,가성비 좋네요,0
O0885,C0096,P0337,PC_Peripherals,2026-01-14,2,5,손땀 때문에 바꿨는데 아주 만족합니다.,0
O0886,C0141,P0546,Healthwear,2026-01-14,1,5,정사이즈로 딱 맞았어요. 쿠션감 좋아서 오래 걸어도 무릎이 편합니다. 재구매 의사 있습니다.,1
O0887,C0193,P0526,Healthwear,2026-01-14,1,5,가볍고 통기성 좋아서 여름에 신기 좋네요. 정사이즈로 딱 맞았어요.,0
O0888,C0237,P0094,Cosmetics,2026-01-14,1,3,테이프가 다 떨어져서 왔는데 포장에 신경 좀 써주셨으면 해요. 향은 호불호 갈릴 것 같아요. 다음엔 다른 제품 써보려고요.,1
O0889,C0263,P0105,Cosmetics,2026-01-14,2,4,배송 빠르고 포장도 꼼꼼해서 좋았어요. 시어버터 들어간 제품 찾고 있었는데 딱이네요. 속당김 때문에 계속 고민이었는데 확실히 나아진 느낌입니다. 😊,0
O0890,C0096,P0110,Cosmetics,2026-01-16,2,5,,0
O0891,C0049,P0551,Healthwear,2026-01-17,1,3,테이프가 다 떨어져서 왔는데 포장에 신경 좀 써주셨으면 해요. 며칠 신으니 괜찮아졌는데 처음엔 뻣뻣했어요.,1
O0892,C0095,P0230,PC_Peripherals,2026-01-17,1,5,무선 3모드 체감이 확실하네요.,1
O0893,C0249,P0345,PC_Peripherals,2026-01-18,1,5,가벼워서 장시간 써도 부담 없습니다. 게이밍 마우스 중에 이 가격대에서 이 정도면 훌륭하죠. 다 쓰면 또 살 것 같아요.,0
O0894,C0260,P0052,Cosmetics,2026-01-19,1,5,안티에이징 제품 여러 개 써봤는데 이게 제일 무난하고 좋네요. 다 쓰면 또 살 것 같아요. 🙂,0
O0895,C0032,P0387,PC_Peripherals,2026-01-20,1,5,가벼워서 장시간 써도 부담 없습니다. 클릭음이 조용해서 사무실에서 쓰기 딱이에요. 다 쓰면 또 살 것 같아요.,0
O0896,C0097,P0038,Cosmetics,2026-01-20,1,4,좋아요,0
O0897,C0107,P0497,Healthwear,2026-01-20,1,5,무난하게 좋습니다,0
O0898,C0168,P0316,PC_Peripherals,2026-01-20,1,5,배송 빠르고 포장도 꼼꼼해서 좋았어요. 26000DPI 광학센서 체감이 확실하네요.,0
O0899,C0218,P0397,PC_Peripherals,2026-01-20,2,5,추천합니다,0
O0900,C0233,P0230,PC_Peripherals,2026-01-20,1,4,무선 3모드 체감이 확실하네요.,1
O0901,C0241,P0038,Cosmetics,2026-01-20,1,4,발림성 좋고 흡수도 빨라서 아침에 쓰기 편해요. 끈적임 없이 촉촉해서 여름에도 부담 없이 발라요. 순하게 잘 맞아서 두 번째 구매입니다.,0
O0902,C0282,P0600,Healthwear,2026-01-20,1,5,칼발이라 신발 고르기 어려웠는데 이건 정말 편해요. 발목불안 걱정 덜었습니다. 진작 살 걸 그랬어요. 배송 진짜 빨라요.,0
O0903,C0011,P0169,Cosmetics,2026-01-21,2,5,발림성 좋고 흡수도 빨라서 아침에 쓰기 편해요. 다음엔 다른 라인도 사보려고요. 🥰,0
O0904,C0138,P0169,Cosmetics,2026-01-21,1,5,순하게 잘 맞아서 두 번째 구매입니다. 다 쓰면 또 살 것 같아요.,0
O0905,C0208,P0449,Healthwear,2026-01-21,1,5,평발이라 신발 고르기 어려웠는데 이건 정말 편해요. 라방에서 싸게 사서 더 만족스러워요. 다 쓰면 또 살 것 같아요.,0
O0906,C0063,P0476,Healthwear,2026-01-22,1,3,,0
O0907,C0116,P0403,Healthwear,2026-01-22,1,3,실물이 사진보다 좀 투박해요. 무난한데 이 가격이면 좀 비싼 느낌입니다.,0
O0908,C0241,P0027,Cosmetics,2026-01-23,1,5,추천합니다,0
O0909,C0028,P0127,Cosmetics,2026-01-24,1,3,무난합니다,0
O0910,C0134,P0397,PC_Peripherals,2026-01-24,1,5,클릭음이 조용해서 사무실에서 쓰기 딱이에요. 다 쓰면 또 살 것 같아요.,0
O0911,C0022,P0497,Healthwear,2026-01-25,1,5,디자인도 예쁘고 어디에 매치해도 잘 어울립니다. 칼발이라 신발 고르기 어려웠는데 이건 정말 편해요. 다음엔 다른 라인도 사보려고요. 😆,0
O0912,C0080,P0312,PC_Peripherals,2026-01-25,1,5,정숙 스크롤 체감이 확실하네요. 반응속도 빠르고 연결도 안정적이에요. 주문하고 다음날 바로 도착했네요.,1
O0913,C0144,P0406,Healthwear,2026-01-25,1,4,만족합니다,0
O0914,C0181,P0129,Cosmetics,2026-01-25,2,5,추천합니다,0
O0915,C0175,P0252,PC_Peripherals,2026-01-26,1,5,선물용으로도 괜찮을 만큼 포장이 잘 돼서 왔어요. 반응속도 빠르고 연결도 안정적이에요. 무선충전 지원 체감이 확실하네요. 🥰,0
O0916,C0167,P0068,Cosmetics,2026-01-27,1,5,복합성 피부인데 자극 없이 잘 맞았어요.,0
O0917,C0016,P0038,Cosmetics,2026-01-28,2,5,좋아요,0
O0918,C0117,P0038,Cosmetics,2026-01-29,1,3,무난하게 쓰기 좋은데 드라마틱한 변화는 없어요. 향은 호불호 갈릴 것 같아요. 다음엔 다른 제품 써보려고요.,0
O0919,C0127,P0345,PC_Peripherals,2026-01-29,1,5,26000DPI 광학센서 체감이 확실하네요. 그립감 좋고 손목 피로가 확실히 덜합니다. 🥰,1
O0920,C0192,P0042,Cosmetics,2026-01-29,1,3,향은 호불호 갈릴 것 같아요. 각질 개선은 아직 잘 모르겠는데 발림성은 좋습니다. 가격 생각하면 용량이 살짝 아쉽네요. 배송이 생각보다 오래 걸렸네요.,1
O0921,C0219,P0031,Cosmetics,2026-01-29,3,5,좋아요,0
O0922,C0026,P0347,PC_Peripherals,2026-01-30,1,2,생각보다 무거워서 손목이 더 아파요. 그립감 문제가 전혀 해결이 안 됩니다.,1
O0923,C0170,P0382,PC_Peripherals,2026-01-30,1,5,반응속도 빠르고 연결도 안정적이에요. 가벼워서 장시간 써도 부담 없습니다. 게이밍 키보드 중에 이 가격대에서 이 정도면 훌륭하죠. 쟁여두려고 하나 더 담았습니다.,0
O0924,C0197,P0497,Healthwear,2026-01-30,1,4,잘 쓰고 있어요,0
O0925,C0271,P0090,Cosmetics,2026-01-30,1,5,순하게 잘 맞아서 두 번째 구매입니다. 다음엔 다른 라인도 사보려고요. 😊,0
O0926,C0277,P0230,PC_Peripherals,2026-01-30,1,3,손 큰 편이라 사이즈가 살짝 작게 느껴져요. 가격 생각하면 좀 아쉽네요.,0
O0927,C0131,P0447,Healthwear,2026-02-01,1,2,다시는 안 살 듯,0
O0928,C0147,P0078,Cosmetics,2026-02-01,1,4,추천합니다,0
O0929,C0201,P0100,Cosmetics,2026-02-01,1,5,무난하게 좋습니다,0
O0930,C0038,P0500,Healthwear,2026-02-02,1,5,만족합니다,0
O0931,C0183,P0408,Healthwear,2026-02-02,1,3,보통이에요,0
O0932,C0159,P0345,PC_Peripherals,2026-02-03,1,1,두 달 만에 채터링 생겼어요. 연결이 자꾸 끊겨서 스트레스입니다. 생각보다 무거워서 손목이 더 아파요.,1
O0933,C0175,P0582,Healthwear,2026-02-03,1,5,정사이즈로 딱 맞았어요. 뒤꿈치까짐 걱정 덜었습니다. 진작 살 걸 그랬어요. 주문하고 다음날 바로 도착했네요. 가족한테도 추천했어요.,0
O0934,C0179,P0345,PC_Peripherals,2026-02-04,1,3,가격 대비 딱 그만큼입니다. 반품 고민 중입니다.,0
O0935,C0020,P0470,Healthwear,2026-02-05,1,4,가볍고 통기성 좋아서 여름에 신기 좋네요.,0
O0936,C0089,P0038,Cosmetics,2026-02-05,1,5,포장 상태 깔끔하게 잘 왔습니다. 끈적임 없이 촉촉해서 여름에도 부담 없이 발라요. 탄력저하 때문에 계속 고민이었는데 확실히 나아진 느낌입니다.,0
O0937,C0136,P0038,Cosmetics,2026-02-05,2,4,좋아요,0
O0938,C0261,P0435,Healthwear,2026-02-05,1,5,무게 걱정 덜었습니다. 진작 살 걸 그랬어요. 정사이즈로 딱 맞았어요.,1
O0939,C0271,P0112,Cosmetics,2026-02-05,1,5,진정 제품 여러 개 써봤는데 이게 제일 무난하고 좋네요.,0
O0940,C0056,P0345,PC_Peripherals,2026-02-06,1,5,무난하게 좋습니다,0
O0941,C0134,P0166,Cosmetics,2026-02-06,3,4,감초추출물 들어간 제품 찾고 있었는데 딱이네요. 칙칙함 때문에 계속 고민이었는데 확실히 나아진 느낌입니다. 🙂,0
O0942,C0138,P0581,Healthwear,2026-02-06,1,5,칼발이라 신발 고르기 어려웠는데 이건 정말 편해요.,0
O0943,C0161,P0593,Healthwear,2026-02-06,1,3,착화감은 괜찮은데 발땀은 그대로예요.,0
O0944,C0281,P0053,Cosmetics,2026-02-06,1,4,굿굿,0
O0945,C0133,P0095,Cosmetics,2026-02-07,1,3,박스가 찌그러진 채로 도착해서 좀 당황했어요. 무난하게 쓰기 좋은데 드라마틱한 변화는 없어요. 향은 호불호 갈릴 것 같아요.,0
O0946,C0269,P0570,Healthwear,2026-02-07,1,4,무난하게 좋습니다,0
O0947,C0012,P0068,Cosmetics,2026-02-09,1,4,속당김 때문에 계속 고민이었는데 확실히 나아진 느낌입니다. 스쿠알란 들어간 제품 찾고 있었는데 딱이네요. 주문하고 다음날 바로 도착했네요.,0
O0948,C0057,P0221,PC_Peripherals,2026-02-09,2,4,유선 연결 체감이 확실하네요. 가벼워서 장시간 써도 부담 없습니다.,0
O0949,C0108,P0169,Cosmetics,2026-02-11,5,5,건성 피부인데 자극 없이 잘 맞았어요.,0
O0950,C0113,P0038,Cosmetics,2026-02-13,1,5,탄력저하 때문에 계속 고민이었는데 확실히 나아진 느낌입니다.,0
O0951,C0187,P0442,Healthwear,2026-02-13,1,4,무릎충격 걱정 덜었습니다. 진작 살 걸 그랬어요.,0
O0952,C0264,P0179,Cosmetics,2026-02-13,1,4,배송 진짜 빨라요. 민감성 피부인데 자극 없이 잘 맞았어요.,1
O0953,C0062,P0553,Healthwear,2026-02-14,1,5,가성비 좋네요,0
O0954,C0166,P0435,Healthwear,2026-02-14,1,1,,0
O0955,C0167,P0070,Cosmetics,2026-02-14,1,4,순하게 잘 맞아서 두 번째 구매입니다. 안티에이징 제품 여러 개 써봤는데 이게 제일 무난하고 좋네요. 주름 때문에 계속 고민이었는데 확실히 나아진 느낌입니다. ❣️,0
O0956,C0170,P0472,Healthwear,2026-02-14,1,5,일상화로 매일 신고 있는데 발이 안 피곤해요. 디자인도 예쁘고 어디에 매치해도 잘 어울립니다. 가볍고 통기성 좋아서 여름에 신기 좋네요.,0
O0957,C0003,P0476,Healthwear,2026-02-15,1,2,사이즈가 작게 나와서 결국 반품했어요. 발볼이 좁아서 새끼발가락이 너무 아픕니다.,1
O0958,C0015,P0449,Healthwear,2026-02-15,1,4,선물용으로도 괜찮을 만큼 포장이 잘 돼서 왔어요. 런닝화로 매일 신고 있는데 발이 안 피곤해요. 쟁여두려고 하나 더 담았습니다.,0
O0959,C0060,P0592,Healthwear,2026-02-15,1,1,테이프가 다 떨어져서 왔는데 포장에 신경 좀 써주셨으면 해요. 발볼이 좁아서 새끼발가락이 너무 아픕니다. 발볼압박 때문에 샀는데 오히려 더 심해졌습니다. 사이즈가 작게 나와서 결국 반품했어요. 가격 생각하면 좀 아쉽네요.,0
O0960,C0072,P0399,PC_Peripherals,2026-02-15,1,4,65% 배열 체감이 확실하네요. 타건소음 때문에 바꿨는데 아주 만족합니다.,0
O0961,C0265,P0538,Healthwear,2026-02-15,1,3,무난한데 이 가격이면 좀 비싼 느낌입니다. 실물이 사진보다 좀 투박해요. 며칠 신으니 괜찮아졌는데 처음엔 뻣뻣했어요. 테이프가 다 떨어져서 왔는데 포장에 신경 좀 써주셨으면 해요. 가격 생각하면 좀 아쉽네요.,0
O0962,C0015,P0587,Healthwear,2026-02-16,2,5,칼발이라 신발 고르기 어려웠는데 이건 정말 편해요. 가볍고 통기성 좋아서 여름에 신기 좋네요. 다음엔 다른 라인도 사보려고요.,0
O0963,C0145,P0597,Healthwear,2026-02-16,1,2,뒤꿈치가 까져서 못 신겠어요. 재구매는 안 할 것 같아요.,0
O0964,C0065,P0179,Cosmetics,2026-02-17,5,5,끈적임 없이 촉촉해서 여름에도 부담 없이 발라요. 포장 상태 깔끔하게 잘 왔습니다.,0
O0965,C0109,P0556,Healthwear,2026-02-17,1,5,무난하게 좋습니다,0
O0966,C0120,P0263,PC_Peripherals,2026-02-17,1,5,무게부담 때문에 바꿨는데 아주 만족합니다.,0
O0967,C0255,P0578,Healthwear,2026-02-17,1,5,일상화로 매일 신고 있는데 발이 안 피곤해요. 정사이즈로 딱 맞았어요. 다음엔 다른 라인도 사보려고요.,1
O0968,C0063,P0037,Cosmetics,2026-02-18,1,5,건성 피부인데 자극 없이 잘 맞았어요. 발림성 좋고 흡수도 빨라서 아침에 쓰기 편해요. 🙂,0
O0969,C0134,P0588,Healthwear,2026-02-19,1,5,잘 쓰고 있어요,0
O0970,C0168,P0472,Healthwear,2026-02-20,1,5,쿠션감 좋아서 오래 걸어도 무릎이 편합니다.,0
O0971,C0007,P0196,Cosmetics,2026-02-21,2,3,그냥 그래요,1
O0972,C0013,P0230,PC_Peripherals,2026-02-21,1,5,내구성 때문에 바꿨는데 아주 만족합니다. 클릭음이 조용해서 사무실에서 쓰기 딱이에요. 👍,1
O0973,C0058,P0070,Cosmetics,2026-02-21,1,2,복합성 피부에는 좀 자극이 있었어요. 가격 생각하면 좀 아쉽네요.,0
O0974,C0157,P0575,Healthwear,2026-02-21,1,5,칼발이라 신발 고르기 어려웠는데 이건 정말 편해요. 😆,1
O0975,C0162,P0250,PC_Peripherals,2026-02-21,1,5,게이밍 마우스 중에 이 가격대에서 이 정도면 훌륭하죠. 반응속도 빠르고 연결도 안정적이에요. 가벼워서 장시간 써도 부담 없습니다. 다음엔 다른 라인도 사보려고요.,0
O0976,C0225,P0444,Healthwear,2026-02-21,1,1,발볼이 좁아서 새끼발가락이 너무 아픕니다. 쿠션이 두 달 만에 꺼졌네요. 재구매는 안 할 것 같아요.,0
O0977,C0271,P0592,Healthwear,2026-02-21,1,4,워킹화로 매일 신고 있는데 발이 안 피곤해요. 😆,0
O0978,C0158,P0345,PC_Peripherals,2026-02-22,1,5,그립감 좋고 손목 피로가 확실히 덜합니다. 쟁여두려고 하나 더 담았습니다.,0
O0979,C0224,P0598,Healthwear,2026-02-22,1,2,별로예요,0
O0980,C0241,P0027,Cosmetics,2026-02-22,2,4,진정 제품 여러 개 써봤는데 이게 제일 무난하고 좋네요. 선물용으로도 괜찮을 만큼 포장이 잘 돼서 왔어요.,0
O0981,C0298,P0198,Cosmetics,2026-02-22,2,4,순하게 잘 맞아서 두 번째 구매입니다.,0
O0982,C0220,P0298,PC_Peripherals,2026-02-23,1,5,그립감 좋고 손목 피로가 확실히 덜합니다. 키감 때문에 바꿨는데 아주 만족합니다. 다음엔 다른 라인도 사보려고요. 🙂,1
O0983,C0073,P0581,Healthwear,2026-02-24,1,3,실물이 사진보다 좀 투박해요. 며칠 신으니 괜찮아졌는데 처음엔 뻣뻣했어요. 착화감은 괜찮은데 무릎충격은 그대로예요.,0
O0984,C0187,P0576,Healthwear,2026-02-24,1,3,사이즈가 살짝 크게 나온 것 같아요. 반 사이즈 작게 사세요. 택배 박스 안에 완충재가 하나도 없더라고요.,0
O0985,C0265,P0095,Cosmetics,2026-02-24,1,3,지성 피부라 걱정했는데 트러블은 안 났어요. 딱 그 정도입니다. 가격 생각하면 용량이 살짝 아쉽네요. 재구매는 안 할 것 같아요.,1
O0986,C0139,P0421,Healthwear,2026-02-25,1,4,배송 진짜 빨라요. 런닝화로 매일 신고 있는데 발이 안 피곤해요. 정사이즈로 딱 맞았어요. 가볍고 통기성 좋아서 여름에 신기 좋네요. 가족한테도 추천했어요. 🙂,1
O0987,C0171,P0553,Healthwear,2026-02-25,1,5,디자인도 예쁘고 어디에 매치해도 잘 어울립니다. 정사이즈로 딱 맞았어요. 😊,0
O0988,C0216,P0345,PC_Peripherals,2026-02-25,1,5,클릭음이 조용해서 사무실에서 쓰기 딱이에요. 재구매 의사 있습니다. ❤️,1
O0989,C0097,P0038,Cosmetics,2026-02-26,1,4,좋아요,1
O0990,C0119,P0229,PC_Peripherals,2026-02-26,1,5,채터링 때문에 바꿨는데 아주 만족합니다. 클릭음이 조용해서 사무실에서 쓰기 딱이에요. 반응속도 빠르고 연결도 안정적이에요.,1
O0991,C0197,P0306,PC_Peripherals,2026-02-26,1,5,텐키리스 체감이 확실하네요. 가벼워서 장시간 써도 부담 없습니다.,0
O0992,C0042,P0578,Healthwear,2026-02-27,1,5,추천합니다,0
O0993,C0145,P0230,PC_Peripherals,2026-02-27,1,4,게이밍 키보드 중에 이 가격대에서 이 정도면 훌륭하죠.,0
O0994,C0232,P0230,PC_Peripherals,2026-02-27,3,5,그립감 좋고 손목 피로가 확실히 덜합니다. 핫스왑 소켓 체감이 확실하네요. 클릭음이 조용해서 사무실에서 쓰기 딱이에요. 가족한테도 추천했어요. 👍,0
O0995,C0234,P0600,Healthwear,2026-02-27,2,4,평발이라 신발 고르기 어려웠는데 이건 정말 편해요. 주문하고 다음날 바로 도착했네요.,1
O0996,C0058,P0430,Healthwear,2026-02-28,1,5,선물용으로도 괜찮을 만큼 포장이 잘 돼서 왔어요. 디자인도 예쁘고 어디에 매치해도 잘 어울립니다. ❤️,0
O0997,C0069,P0151,Cosmetics,2026-02-28,3,5,미백 제품 여러 개 써봤는데 이게 제일 무난하고 좋네요. 트라넥삼산 들어간 제품 찾고 있었는데 딱이네요. 순하게 잘 맞아서 두 번째 구매입니다. 재구매 의사 있습니다.,1
O0998,C0118,P0280,PC_Peripherals,2026-02-28,1,5,광학식 스위치 체감이 확실하네요. 가벼워서 장시간 써도 부담 없습니다. 배송 빠르고 포장도 꼼꼼해서 좋았어요.,1
O0999,C0028,P0039,Cosmetics,2026-03-01,3,5,순하게 잘 맞아서 두 번째 구매입니다.,0
O1000,C0117,P0178,Cosmetics,2026-03-01,2,4,순하게 잘 맞아서 두 번째 구매입니다. 콜라겐 들어간 제품 찾고 있었는데 딱이네요. 다음엔 다른 라인도 사보려고요. 🥰,0
O1001,C0242,P0169,Cosmetics,2026-03-01,3,5,순하게 잘 맞아서 두 번째 구매입니다. 발림성 좋고 흡수도 빨라서 아침에 쓰기 편해요. 복합성 피부인데 자극 없이 잘 맞았어요. 배송 빠르고 포장도 꼼꼼해서 좋았어요.,1
O1002,C0287,P0458,Healthwear,2026-03-01,2,3,테이프가 다 떨어져서 왔는데 포장에 신경 좀 써주셨으면 해요. 무난한데 이 가격이면 좀 비싼 느낌입니다. 사이즈가 살짝 크게 나온 것 같아요. 반 사이즈 작게 사세요. 가격 생각하면 좀 아쉽네요.,0
O1003,C0056,P0038,Cosmetics,2026-03-02,1,5,순하게 잘 맞아서 두 번째 구매입니다. 세라마이드 들어간 제품 찾고 있었는데 딱이네요.,0
O1004,C0214,P0448,Healthwear,2026-03-02,1,3,착화감은 괜찮은데 뒤꿈치까짐은 그대로예요. 반품 고민 중입니다.,0
O1005,C0296,P0568,Healthwear,2026-03-02,1,4,워킹화로 매일 신고 있는데 발이 안 피곤해요. 발볼압박 걱정 덜었습니다. 진작 살 걸 그랬어요. 다 쓰면 또 살 것 같아요.,1
O1006,C0221,P0543,Healthwear,2026-03-03,2,5,워킹화로 매일 신고 있는데 발이 안 피곤해요. 디자인도 예쁘고 어디에 매치해도 잘 어울립니다.,0
O1007,C0067,P0169,Cosmetics,2026-03-04,1,5,미백 제품 여러 개 써봤는데 이게 제일 무난하고 좋네요. 기미 때문에 계속 고민이었는데 확실히 나아진 느낌입니다.,1
O1008,C0173,P0134,Cosmetics,2026-03-04,1,4,발림성 좋고 흡수도 빨라서 아침에 쓰기 편해요. 🙂,0
O1009,C0185,P0246,PC_Peripherals,2026-03-04,1,5,그립감 좋고 손목 피로가 확실히 덜합니다. 블루투스 멀티페어링 체감이 확실하네요.,0
O1010,C0121,P0413,Healthwear,2026-03-05,1,5,발땀 걱정 덜었습니다. 진작 살 걸 그랬어요. 쿠션감 좋아서 오래 걸어도 무릎이 편합니다. 선물용으로도 괜찮을 만큼 포장이 잘 돼서 왔어요.,0
O1011,C0269,P0169,Cosmetics,2026-03-05,3,5,,0
O1012,C0300,P0417,Healthwear,2026-03-05,1,2,사이즈가 작게 나와서 결국 반품했어요. 쿠션이 두 달 만에 꺼졌네요.,0
O1013,C0022,P0418,Healthwear,2026-03-06,1,5,쿠션감 좋아서 오래 걸어도 무릎이 편합니다. 정사이즈로 딱 맞았어요. 재구매 의사 있습니다. 👍,0
O1014,C0108,P0190,Cosmetics,2026-03-06,3,4,코엔자임Q10 들어간 제품 찾고 있었는데 딱이네요. 안티에이징 제품 여러 개 써봤는데 이게 제일 무난하고 좋네요. 끈적임 없이 촉촉해서 여름에도 부담 없이 발라요. 쟁여두려고 하나 더 담았습니다.,0
O1015,C0269,P0554,Healthwear,2026-03-06,2,3,며칠 신으니 괜찮아졌는데 처음엔 뻣뻣했어요. 실물이 사진보다 좀 투박해요. 가격 생각하면 좀 아쉽네요.,0
O1016,C0226,P0408,Healthwear,2026-03-07,1,5,가볍고 통기성 좋아서 여름에 신기 좋네요. 다음엔 다른 라인도 사보려고요.,0
O1017,C0300,P0378,PC_Peripherals,2026-03-08,1,3,가격 대비 딱 그만큼입니다. 성능은 괜찮은데 소프트웨어가 좀 불편하네요. 가격 생각하면 좀 아쉽네요.,0
O1018,C0073,P0221,PC_Peripherals,2026-03-09,1,1,배송이 생각보다 오래 걸렸네요. 키감 문제가 전혀 해결이 안 됩니다.,0
O1019,C0075,P0095,Cosmetics,2026-03-09,2,3,보통이에요,1
O1020,C0246,P0558,Healthwear,2026-03-09,1,5,쿠션감 좋아서 오래 걸어도 무릎이 편합니다.,0
O1021,C0300,P0421,Healthwear,2026-03-09,1,5,정사이즈로 딱 맞았어요. 포장 상태 깔끔하게 잘 왔습니다.,0
O1022,C0016,P0082,Cosmetics,2026-03-10,2,5,각질 때문에 계속 고민이었는데 확실히 나아진 느낌입니다.,1
O1023,C0248,P0001,Cosmetics,2026-03-10,3,4,판테놀 들어간 제품 찾고 있었는데 딱이네요. 끈적임 없이 촉촉해서 여름에도 부담 없이 발라요.,1
O1024,C0260,P0015,Cosmetics,2026-03-11,3,1,별로예요,0
O1025,C0300,P0573,Healthwear,2026-03-11,2,5,쿠션감 좋아서 오래 걸어도 무릎이 편합니다. 디자인도 예쁘고 어디에 매치해도 잘 어울립니다. 발볼넓음이라 신발 고르기 어려웠는데 이건 정말 편해요.,0
O1026,C0020,P0343,PC_Peripherals,2026-03-12,2,5,손목피로 때문에 바꿨는데 아주 만족합니다. 선물용으로도 괜찮을 만큼 포장이 잘 돼서 왔어요. 😊,0
O1027,C0096,P0364,PC_Peripherals,2026-03-12,1,4,잘 쓰고 있어요,0
O1028,C0184,P0235,PC_Peripherals,2026-03-12,1,3,가격 대비 딱 그만큼입니다. 손 큰 편이라 사이즈가 살짝 작게 느껴져요.,0
O1029,C0298,P0319,PC_Peripherals,2026-03-13,1,3,착용압박은 좀 나아졌는데 마감이 아쉽습니다. 손 큰 편이라 사이즈가 살짝 작게 느껴져요. 가격 생각하면 좀 아쉽네요.,0
O1030,C0148,P0250,PC_Peripherals,2026-03-14,1,4,무난하게 좋습니다,1
O1031,C0156,P0235,PC_Peripherals,2026-03-14,1,5,좋아요,1
O1032,C0172,P0366,PC_Peripherals,2026-03-14,1,5,그립감 좋고 손목 피로가 확실히 덜합니다. 착용압박 때문에 바꿨는데 아주 만족합니다. 다음엔 다른 라인도 사보려고요. 👍🏻,1
O1033,C0229,P0027,Cosmetics,2026-03-15,3,5,,0
O1034,C0282,P0539,Healthwear,2026-03-15,1,5,배송 빨라요 👍,0
O1035,C0048,P0184,Cosmetics,2026-03-16,3,5,모공 때문에 계속 고민이었는데 확실히 나아진 느낌입니다. EGF 들어간 제품 찾고 있었는데 딱이네요.,0
O1036,C0117,P0037,Cosmetics,2026-03-16,1,3,향은 호불호 갈릴 것 같아요. 무난하게 쓰기 좋은데 드라마틱한 변화는 없어요.,0
O1037,C0147,P0515,Healthwear,2026-03-16,1,4,미끄럼 걱정 덜었습니다. 진작 살 걸 그랬어요.,0
O1038,C0088,P0345,PC_Peripherals,2026-03-17,1,5,반응속도 빠르고 연결도 안정적이에요. 재구매 의사 있습니다.,1
O1039,C0229,P0066,Cosmetics,2026-03-17,2,4,,1
O1040,C0260,P0464,Healthwear,2026-03-18,1,4,런닝화로 매일 신고 있는데 발이 안 피곤해요. 정사이즈로 딱 맞았어요.,0
O1041,C0193,P0080,Cosmetics,2026-03-19,2,4,민감성 피부인데 자극 없이 잘 맞았어요. 순하게 잘 맞아서 두 번째 구매입니다. 재구매 의사 있습니다.,0
O1042,C0269,P0487,Healthwear,2026-03-19,2,5,라방에서 싸게 사서 더 만족스러워요. 쿠션감 좋아서 오래 걸어도 무릎이 편합니다. 가볍고 통기성 좋아서 여름에 신기 좋네요. 가족한테도 추천했어요.,1
O1043,C0287,P0479,Healthwear,2026-03-20,1,5,디자인도 예쁘고 어디에 매치해도 잘 어울립니다. 미끄럼 걱정 덜었습니다. 진작 살 걸 그랬어요. 평발이라 신발 고르기 어려웠는데 이건 정말 편해요.,1
O1044,C0035,P0169,Cosmetics,2026-03-21,3,5,트라넥삼산 들어간 제품 찾고 있었는데 딱이네요. 발림성 좋고 흡수도 빨라서 아침에 쓰기 편해요. 주문하고 다음날 바로 도착했네요. 다음엔 다른 라인도 사보려고요.,0
O1045,C0131,P0467,Healthwear,2026-03-21,1,4,가볍고 통기성 좋아서 여름에 신기 좋네요.,1
O1046,C0232,P0345,PC_Peripherals,2026-03-21,2,1,생각보다 무거워서 손목이 더 아파요. 무게부담 문제가 전혀 해결이 안 됩니다. 다음엔 다른 제품 써보려고요.,0
O1047,C0239,P0152,Cosmetics,2026-03-21,1,4,시어버터 들어간 제품 찾고 있었는데 딱이네요. 배송 빠르고 포장도 꼼꼼해서 좋았어요.,0
O1048,C0241,P0091,Cosmetics,2026-03-21,1,2,민감성 피부에는 좀 자극이 있었어요. 배송이 생각보다 오래 걸렸네요.,0
O1049,C0002,P0593,Healthwear,2026-03-22,1,4,디자인도 예쁘고 어디에 매치해도 잘 어울립니다. 정사이즈로 딱 맞았어요. 칼발이라 신발 고르기 어려웠는데 이건 정말 편해요. 재구매 의사 있습니다.,0
O1050,C0038,P0424,Healthwear,2026-03-22,1,5,런닝화로 매일 신고 있는데 발이 안 피곤해요. 포장 상태 깔끔하게 잘 왔습니다.,1
O1051,C0057,P0503,Healthwear,2026-03-22,2,5,발볼넓음이라 신발 고르기 어려웠는데 이건 정말 편해요. 가볍고 통기성 좋아서 여름에 신기 좋네요. 가족한테도 추천했어요. ❤️,0
O1052,C0058,P0129,Cosmetics,2026-03-22,1,5,순하게 잘 맞아서 두 번째 구매입니다. 선물용으로도 괜찮을 만큼 포장이 잘 돼서 왔어요. 가족한테도 추천했어요. 👍🏻,0
O1053,C0252,P0047,Cosmetics,2026-03-22,1,4,포장 상태 깔끔하게 잘 왔습니다. 끈적임 없이 촉촉해서 여름에도 부담 없이 발라요.,1
O1054,C0015,P0321,PC_Peripherals,2026-03-23,2,5,게이밍 키보드 중에 이 가격대에서 이 정도면 훌륭하죠. 반응속도 빠르고 연결도 안정적이에요. 주문하고 다음날 바로 도착했네요. 쟁여두려고 하나 더 담았습니다.,0
O1055,C0104,P0301,PC_Peripherals,2026-03-23,1,4,가벼워서 장시간 써도 부담 없습니다. 배터리부족 때문에 바꿨는데 아주 만족합니다.,0
O1056,C0158,P0251,PC_Peripherals,2026-03-23,1,5,게이밍 마우스 중에 이 가격대에서 이 정도면 훌륭하죠. 선물용으로도 괜찮을 만큼 포장이 잘 돼서 왔어요.,1
O1057,C0028,P0451,Healthwear,2026-03-24,1,5,가성비 좋네요,1
O1058,C0137,P0413,Healthwear,2026-03-24,1,4,포장 상태 깔끔하게 잘 왔습니다. 쿠션감 좋아서 오래 걸어도 무릎이 편합니다. 가볍고 통기성 좋아서 여름에 신기 좋네요. 쟁여두려고 하나 더 담았습니다.,0
O1059,C0161,P0074,Cosmetics,2026-03-24,1,1,건성 피부에는 좀 자극이 있었어요. 재구매는 안 할 것 같아요.,0
O1060,C0223,P0038,Cosmetics,2026-03-24,1,5,콜라겐 들어간 제품 찾고 있었는데 딱이네요. 안티에이징 제품 여러 개 써봤는데 이게 제일 무난하고 좋네요. 끈적임 없이 촉촉해서 여름에도 부담 없이 발라요.,0
O1061,C0100,P0526,Healthwear,2026-03-25,2,4,쿠션감 좋아서 오래 걸어도 무릎이 편합니다. 다 쓰면 또 살 것 같아요. 👍,0
O1062,C0241,P0095,Cosmetics,2026-03-25,1,4,순하게 잘 맞아서 두 번째 구매입니다. 끈적임 없이 촉촉해서 여름에도 부담 없이 발라요. 포장 상태 깔끔하게 잘 왔습니다. 쟁여두려고 하나 더 담았습니다.,0
O1063,C0247,P0221,PC_Peripherals,2026-03-25,1,5,만족합니다,0
O1064,C0031,P0315,PC_Peripherals,2026-03-26,1,5,만족합니다,0
O1065,C0128,P0038,Cosmetics,2026-03-26,1,2,쓰고 나서 오히려 트러블이 올라왔습니다. 테이프가 다 떨어져서 왔는데 포장에 신경 좀 써주셨으면 해요. 다음엔 다른 제품 써보려고요.,0
O1066,C0015,P0074,Cosmetics,2026-03-27,1,4,건조함 때문에 계속 고민이었는데 확실히 나아진 느낌입니다.,0
O1067,C0042,P0086,Cosmetics,2026-03-27,5,4,순하게 잘 맞아서 두 번째 구매입니다. 끈적임 없이 촉촉해서 여름에도 부담 없이 발라요.,1
O1068,C0058,P0486,Healthwear,2026-03-27,1,3,며칠 신으니 괜찮아졌는데 처음엔 뻣뻣했어요. 사이즈가 살짝 크게 나온 것 같아요. 반 사이즈 작게 사세요. 다음엔 다른 제품 써보려고요.,0
O1069,C0115,P0037,Cosmetics,2026-03-27,5,5,지성 피부인데 자극 없이 잘 맞았어요.,0
O1070,C0147,P0106,Cosmetics,2026-03-28,1,5,끈적임 없이 촉촉해서 여름에도 부담 없이 발라요. 순하게 잘 맞아서 두 번째 구매입니다. 미백 제품 여러 개 써봤는데 이게 제일 무난하고 좋네요.,0
O1071,C0145,P0585,Healthwear,2026-03-29,1,3,며칠 신으니 괜찮아졌는데 처음엔 뻣뻣했어요. 가격 생각하면 좀 아쉽네요.,0
O1072,C0161,P0088,Cosmetics,2026-03-29,1,4,끈적임 없이 촉촉해서 여름에도 부담 없이 발라요. 보습 제품 여러 개 써봤는데 이게 제일 무난하고 좋네요. 가족한테도 추천했어요.,0
O1073,C0048,P0148,Cosmetics,2026-03-30,2,3,복합성 피부라 걱정했는데 트러블은 안 났어요. 딱 그 정도입니다. 배송이 생각보다 오래 걸렸네요.,0
O1074,C0232,P0280,PC_Peripherals,2026-03-30,2,5,만족합니다,1
O1075,C0247,P0534,Healthwear,2026-03-30,1,4,디자인도 예쁘고 어디에 매치해도 잘 어울립니다. 정사이즈로 딱 맞았어요.,0
O1076,C0285,P0100,Cosmetics,2026-03-30,1,5,순하게 잘 맞아서 두 번째 구매입니다. 쟁여두려고 하나 더 담았습니다.,0
O1077,C0056,P0280,PC_Peripherals,2026-03-31,1,4,가벼워서 장시간 써도 부담 없습니다. 다음엔 다른 라인도 사보려고요.,0
O1078,C0105,P0329,PC_Peripherals,2026-03-31,1,5,잘 쓰고 있어요,1
O1079,C0124,P0154,Cosmetics,2026-03-31,5,5,건성 피부인데 자극 없이 잘 맞았어요. 순하게 잘 맞아서 두 번째 구매입니다.,0
O1080,C0281,P0040,Cosmetics,2026-03-31,1,5,순하게 잘 맞아서 두 번째 구매입니다. 발림성 좋고 흡수도 빨라서 아침에 쓰기 편해요. 다음엔 다른 라인도 사보려고요.,0
O1081,C0197,P0230,PC_Peripherals,2026-04-01,1,4,선물용으로도 괜찮을 만큼 포장이 잘 돼서 왔어요. 가벼워서 장시간 써도 부담 없습니다. 가족한테도 추천했어요.,0
O1082,C0284,P0102,Cosmetics,2026-04-01,1,5,끈적임 없이 촉촉해서 여름에도 부담 없이 발라요. 😊,1
O1083,C0022,P0530,Healthwear,2026-04-02,1,5,추천합니다,0
O1084,C0035,P0306,PC_Peripherals,2026-04-02,1,2,연결이 자꾸 끊겨서 스트레스입니다. 택배 박스 안에 완충재가 하나도 없더라고요.,1
O1085,C0179,P0242,PC_Peripherals,2026-04-02,1,4,착용압박 때문에 바꿨는데 아주 만족합니다. 클릭음이 조용해서 사무실에서 쓰기 딱이에요. 가벼워서 장시간 써도 부담 없습니다.,0
O1086,C0277,P0345,PC_Peripherals,2026-04-02,1,5,선물용으로도 괜찮을 만큼 포장이 잘 돼서 왔어요. 2.4GHz 무선 체감이 확실하네요.,1
O1087,C0040,P0230,PC_Peripherals,2026-04-03,1,5,그립감 좋고 손목 피로가 확실히 덜합니다. 🥰,0
O1088,C0104,P0141,Cosmetics,2026-04-03,1,2,발림성이 뻑뻑하고 밀려서 못 쓰겠어요.,0
O1089,C0189,P0460,Healthwear,2026-04-03,1,2,실망입니다,0
O1090,C0297,P0080,Cosmetics,2026-04-03,1,4,추천합니다,0
O1091,C0017,P0457,Healthwear,2026-04-04,1,4,가볍고 통기성 좋아서 여름에 신기 좋네요. 정사이즈로 딱 맞았어요. 배송 진짜 빨라요.,0
O1092,C0043,P0142,Cosmetics,2026-04-04,5,3,무난하게 쓰기 좋은데 드라마틱한 변화는 없어요.,1
O1093,C0056,P0449,Healthwear,2026-04-04,2,5,평발이라 신발 고르기 어려웠는데 이건 정말 편해요. 다음엔 다른 라인도 사보려고요. 🥰,0
O1094,C0217,P0019,Cosmetics,2026-04-04,1,5,굿굿,0
O1095,C0246,P0241,PC_Peripherals,2026-04-04,1,1,손땀 문제가 전혀 해결이 안 됩니다. 배송이 생각보다 오래 걸렸네요.,0
O1096,C0017,P0306,PC_Peripherals,2026-04-05,1,4,만족합니다,0
O1097,C0057,P0229,PC_Peripherals,2026-04-05,1,4,반응속도 빠르고 연결도 안정적이에요. 주문하고 다음날 바로 도착했네요. 👍,0
O1098,C0060,P0443,Healthwear,2026-04-05,1,4,가볍고 통기성 좋아서 여름에 신기 좋네요. 칼발이라 신발 고르기 어려웠는데 이건 정말 편해요. 디자인도 예쁘고 어디에 매치해도 잘 어울립니다.,1
O1099,C0171,P0230,PC_Peripherals,2026-04-05,1,3,포장이 부실해서 아쉬웠습니다. 기능은 무난한데 특별할 건 없어요. 가격 대비 딱 그만큼입니다. 타건소음은 좀 나아졌는데 마감이 아쉽습니다.,0
O1100,C0221,P0317,PC_Peripherals,2026-04-05,1,4,게이밍 마우스 중에 이 가격대에서 이 정도면 훌륭하죠.,0
O1101,C0249,P0011,Cosmetics,2026-04-05,2,5,안티에이징 제품 여러 개 써봤는데 이게 제일 무난하고 좋네요. 라방에서 싸게 사서 더 만족스러워요. 😆,0
O1102,C0286,P0042,Cosmetics,2026-04-05,3,5,발림성 좋고 흡수도 빨라서 아침에 쓰기 편해요. 끈적임 없이 촉촉해서 여름에도 부담 없이 발라요.,0
O1103,C0020,P0026,Cosmetics,2026-04-06,1,4,색소침착 때문에 계속 고민이었는데 확실히 나아진 느낌입니다. 쟁여두려고 하나 더 담았습니다.,0
O1104,C0058,P0566,Healthwear,2026-04-06,1,4,무릎충격 걱정 덜었습니다. 진작 살 걸 그랬어요. 쿠션감 좋아서 오래 걸어도 무릎이 편합니다. 배송 진짜 빨라요. 다 쓰면 또 살 것 같아요. 😊,0
O1105,C0108,P0386,PC_Peripherals,2026-04-07,1,5,반응속도 빠르고 연결도 안정적이에요. 가벼워서 장시간 써도 부담 없습니다. 1000Hz 폴링레이트 체감이 확실하네요. 재구매 의사 있습니다.,0
O1106,C0170,P0442,Healthwear,2026-04-07,1,4,가볍고 통기성 좋아서 여름에 신기 좋네요. 다 쓰면 또 살 것 같아요.,0
O1107,C0202,P0567,Healthwear,2026-04-07,1,5,평발이라 신발 고르기 어려웠는데 이건 정말 편해요. 족저근막염 걱정 덜었습니다. 진작 살 걸 그랬어요.,0
O1108,C0224,P0430,Healthwear,2026-04-07,1,4,워킹화로 매일 신고 있는데 발이 안 피곤해요. 쿠션감 좋아서 오래 걸어도 무릎이 편합니다.,0
O1109,C0138,P0053,Cosmetics,2026-04-08,2,4,순하게 잘 맞아서 두 번째 구매입니다.,0
O1110,C0249,P0171,Cosmetics,2026-04-08,1,4,발림성 좋고 흡수도 빨라서 아침에 쓰기 편해요. 선물용으로도 괜찮을 만큼 포장이 잘 돼서 왔어요.,0
O1111,C0168,P0290,PC_Peripherals,2026-04-09,1,3,가격 대비 딱 그만큼입니다. 손목피로은 좀 나아졌는데 마감이 아쉽습니다. 테이프가 다 떨어져서 왔는데 포장에 신경 좀 써주셨으면 해요. 다음엔 다른 제품 써보려고요.,0
O1112,C0256,P0280,PC_Peripherals,2026-04-11,1,3,무난합니다,0
O1113,C0024,P0085,Cosmetics,2026-04-12,1,4,가성비 좋네요,0
O1114,C0221,P0230,PC_Peripherals,2026-04-12,1,1,두 달 만에 채터링 생겼어요. 타건소음 문제가 전혀 해결이 안 됩니다. 생각보다 무거워서 손목이 더 아파요.,1
O1115,C0275,P0539,Healthwear,2026-04-12,2,3,며칠 신으니 괜찮아졌는데 처음엔 뻣뻣했어요.,0
O1116,C0040,P0230,PC_Peripherals,2026-04-13,1,5,좋아요,1
O1117,C0050,P0599,Healthwear,2026-04-13,1,4,배송 진짜 빨라요. 쿠션감 좋아서 오래 걸어도 무릎이 편합니다. 디자인도 예쁘고 어디에 매치해도 잘 어울립니다.,0
O1118,C0116,P0515,Healthwear,2026-04-13,1,4,농구화로 매일 신고 있는데 발이 안 피곤해요. 미끄럼 걱정 덜었습니다. 진작 살 걸 그랬어요.,1
O1119,C0124,P0200,Cosmetics,2026-04-13,1,1,발림성이 뻑뻑하고 밀려서 못 쓰겠어요. 건성 피부에는 좀 자극이 있었어요. 쓰고 나서 오히려 트러블이 올라왔습니다. 가격 생각하면 좀 아쉽네요.,0
O1120,C0125,P0085,Cosmetics,2026-04-13,1,4,지성 피부인데 자극 없이 잘 맞았어요.,0
O1121,C0057,P0437,Healthwear,2026-04-14,1,3,착화감은 괜찮은데 미끄럼은 그대로예요. 포장이 부실해서 아쉬웠습니다. 반품 고민 중입니다.,0
O1122,C0202,P0502,Healthwear,2026-04-14,1,4,농구화로 매일 신고 있는데 발이 안 피곤해요. 배송 빠르고 포장도 꼼꼼해서 좋았어요. 재구매 의사 있습니다. ❤️,1
O1123,C0062,P0134,Cosmetics,2026-04-15,1,5,끈적임 없이 촉촉해서 여름에도 부담 없이 발라요.,0
O1124,C0117,P0135,Cosmetics,2026-04-15,5,5,굿굿,0
O1125,C0161,P0038,Cosmetics,2026-04-16,1,2,박스가 찌그러진 채로 도착해서 좀 당황했어요. 다크서클에는 전혀 변화가 없네요. 건성 피부에는 좀 자극이 있었어요.,0
O1126,C0217,P0479,Healthwear,2026-04-16,1,5,워킹화로 매일 신고 있는데 발이 안 피곤해요. 디자인도 예쁘고 어디에 매치해도 잘 어울립니다. 평발이라 신발 고르기 어려웠는데 이건 정말 편해요. ❣️,1
O1127,C0031,P0207,PC_Peripherals,2026-04-17,1,5,무게부담 때문에 바꿨는데 아주 만족합니다. 그립감 좋고 손목 피로가 확실히 덜합니다. 가벼워서 장시간 써도 부담 없습니다.,0
O1128,C0241,P0096,Cosmetics,2026-04-17,1,3,무난합니다,0
O1129,C0015,P0554,Healthwear,2026-04-18,2,4,쿠션감 좋아서 오래 걸어도 무릎이 편합니다. 디자인도 예쁘고 어디에 매치해도 잘 어울립니다. 주문하고 다음날 바로 도착했네요. 가족한테도 추천했어요.,0
O1130,C0036,P0510,Healthwear,2026-04-18,1,5,좋아요,0
O1131,C0083,P0274,PC_Peripherals,2026-04-18,2,5,가벼워서 장시간 써도 부담 없습니다.,0
O1132,C0110,P0236,PC_Peripherals,2026-04-18,2,4,반응속도 빠르고 연결도 안정적이에요.,0
O1133,C0200,P0038,Cosmetics,2026-04-18,2,5,라방에서 싸게 사서 더 만족스러워요. 안티에이징 제품 여러 개 써봤는데 이게 제일 무난하고 좋네요. 다음엔 다른 라인도 사보려고요.,0
O1134,C0271,P0553,Healthwear,2026-04-18,1,4,무난하게 좋습니다,1
O1135,C0017,P0577,Healthwear,2026-04-19,1,4,쿠션감 좋아서 오래 걸어도 무릎이 편합니다. 농구화로 매일 신고 있는데 발이 안 피곤해요. 재구매 의사 있습니다. 👍,0
O1136,C0094,P0139,Cosmetics,2026-04-19,1,4,순하게 잘 맞아서 두 번째 구매입니다. 발림성 좋고 흡수도 빨라서 아침에 쓰기 편해요. 시어버터 들어간 제품 찾고 있었는데 딱이네요. 😊,0
O1137,C0124,P0038,Cosmetics,2026-04-19,1,4,발림성 좋고 흡수도 빨라서 아침에 쓰기 편해요.,0
O1138,C0201,P0138,Cosmetics,2026-04-19,2,3,다크서클 개선은 아직 잘 모르겠는데 발림성은 좋습니다.,0
O1139,C0244,P0443,Healthwear,2026-04-19,1,5,,1
O1140,C0185,P0296,PC_Peripherals,2026-04-20,1,5,라방에서 싸게 사서 더 만족스러워요. 사무용 마우스 중에 이 가격대에서 이 정도면 훌륭하죠. 다음엔 다른 라인도 사보려고요.,0
O1141,C0290,P0229,PC_Peripherals,2026-04-20,2,5,배송 빠르고 포장도 꼼꼼해서 좋았어요. 반응속도 빠르고 연결도 안정적이에요. 가벼워서 장시간 써도 부담 없습니다. 다 쓰면 또 살 것 같아요.,1
O1142,C0132,P0259,PC_Peripherals,2026-04-22,1,4,핫스왑 소켓 체감이 확실하네요. 가족한테도 추천했어요. 🥰,0
O1143,C0298,P0345,PC_Peripherals,2026-04-22,1,4,2.4GHz 무선 체감이 확실하네요. 가벼워서 장시간 써도 부담 없습니다. 주문하고 다음날 바로 도착했네요. ❣️,0
O1144,C0181,P0169,Cosmetics,2026-04-23,2,3,무난합니다,0
O1145,C0015,P0430,Healthwear,2026-04-24,1,5,워킹화로 매일 신고 있는데 발이 안 피곤해요. 디자인도 예쁘고 어디에 매치해도 잘 어울립니다. 칼발이라 신발 고르기 어려웠는데 이건 정말 편해요. 다음엔 다른 라인도 사보려고요.,0
O1146,C0046,P0154,Cosmetics,2026-04-24,1,4,지성 피부인데 자극 없이 잘 맞았어요. 순하게 잘 맞아서 두 번째 구매입니다. 세라마이드 들어간 제품 찾고 있었는데 딱이네요. 재구매 의사 있습니다.,0
O1147,C0084,P0466,Healthwear,2026-04-24,1,5,워킹화로 매일 신고 있는데 발이 안 피곤해요. 재구매 의사 있습니다.,1
O1148,C0161,P0558,Healthwear,2026-04-24,1,4,워킹화로 매일 신고 있는데 발이 안 피곤해요. 배송 빠르고 포장도 꼼꼼해서 좋았어요. 가족한테도 추천했어요. 🥰,0
O1149,C0179,P0293,PC_Peripherals,2026-04-24,1,5,,0
O1150,C0187,P0095,Cosmetics,2026-04-24,2,4,건성 피부인데 자극 없이 잘 맞았어요. 판테놀 들어간 제품 찾고 있었는데 딱이네요. 다 쓰면 또 살 것 같아요. 👍🏻,1
O1151,C0185,P0095,Cosmetics,2026-04-25,1,5,좋아요,0
O1152,C0260,P0382,PC_Peripherals,2026-04-25,1,5,클릭음이 조용해서 사무실에서 쓰기 딱이에요. 채터링 때문에 바꿨는데 아주 만족합니다. 라방에서 싸게 사서 더 만족스러워요. 재구매 의사 있습니다.,0
O1153,C0021,P0518,Healthwear,2026-04-26,1,5,칼발이라 신발 고르기 어려웠는데 이건 정말 편해요. 다음엔 다른 라인도 사보려고요.,1
O1154,C0039,P0095,Cosmetics,2026-04-26,3,3,트러블 개선은 아직 잘 모르겠는데 발림성은 좋습니다. 가격 생각하면 용량이 살짝 아쉽네요.,0
O1155,C0058,P0530,Healthwear,2026-04-26,1,5,디자인도 예쁘고 어디에 매치해도 잘 어울립니다. 정사이즈로 딱 맞았어요. 가족한테도 추천했어요.,0
O1156,C0048,P0038,Cosmetics,2026-04-27,2,4,안티에이징 제품 여러 개 써봤는데 이게 제일 무난하고 좋네요. 발림성 좋고 흡수도 빨라서 아침에 쓰기 편해요. 쟁여두려고 하나 더 담았습니다.,0
O1157,C0062,P0128,Cosmetics,2026-04-27,1,5,유자추출물 들어간 제품 찾고 있었는데 딱이네요. 🥰,0
O1158,C0145,P0482,Healthwear,2026-04-27,1,4,디자인도 예쁘고 어디에 매치해도 잘 어울립니다.,0
O1159,C0181,P0430,Healthwear,2026-04-27,1,5,워킹화로 매일 신고 있는데 발이 안 피곤해요. 주문하고 다음날 바로 도착했네요.,0
O1160,C0195,P0512,Healthwear,2026-04-27,1,3,착화감은 괜찮은데 장시간보행 피로은 그대로예요. 재구매는 안 할 것 같아요.,0
O1161,C0288,P0216,PC_Peripherals,2026-04-27,1,4,2.4GHz 무선 체감이 확실하네요.,0
O1162,C0081,P0038,Cosmetics,2026-04-28,1,4,순하게 잘 맞아서 두 번째 구매입니다. 발림성 좋고 흡수도 빨라서 아침에 쓰기 편해요. 다음엔 다른 라인도 사보려고요.,1
O1163,C0146,P0221,PC_Peripherals,2026-04-28,2,5,선물용으로도 괜찮을 만큼 포장이 잘 돼서 왔어요. 클릭음이 조용해서 사무실에서 쓰기 딱이에요. 재구매 의사 있습니다.,1
O1164,C0191,P0466,Healthwear,2026-04-28,1,5,발볼넓음이라 신발 고르기 어려웠는데 이건 정말 편해요.,0
O1165,C0280,P0474,Healthwear,2026-04-28,1,5,칼발이라 신발 고르기 어려웠는데 이건 정말 편해요. 다 쓰면 또 살 것 같아요.,0
O1166,C0046,P0082,Cosmetics,2026-04-29,1,4,좋아요,0
O1167,C0190,P0169,Cosmetics,2026-04-29,2,5,무난하게 좋습니다,0
O1168,C0058,P0069,Cosmetics,2026-04-30,1,4,아보카도오일 들어간 제품 찾고 있었는데 딱이네요. 끈적임 없이 촉촉해서 여름에도 부담 없이 발라요. 발림성 좋고 흡수도 빨라서 아침에 쓰기 편해요. 라방에서 싸게 사서 더 만족스러워요. 재구매 의사 있습니다.,1
O1169,C0149,P0467,Healthwear,2026-04-30,1,4,굿굿,0
O1170,C0249,P0013,Cosmetics,2026-04-30,2,4,복합성 피부인데 자극 없이 잘 맞았어요. 색소침착 때문에 계속 고민이었는데 확실히 나아진 느낌입니다.,0
O1171,C0300,P0182,Cosmetics,2026-04-30,1,3,탄력저하 개선은 아직 잘 모르겠는데 발림성은 좋습니다. 가격 생각하면 용량이 살짝 아쉽네요. 다음엔 다른 제품 써보려고요.,0
O1172,C0154,P0188,Cosmetics,2026-05-01,1,3,가격 대비 아쉬움,1
O1173,C0196,P0547,Healthwear,2026-05-01,1,2,뒤꿈치까짐 때문에 샀는데 오히려 더 심해졌습니다. 뒤꿈치가 까져서 못 신겠어요.,0
O1174,C0171,P0503,Healthwear,2026-05-02,1,5,가볍고 통기성 좋아서 여름에 신기 좋네요. 다 쓰면 또 살 것 같아요. ❣️,0
O1175,C0249,P0169,Cosmetics,2026-05-02,3,5,좋아요,1
O1176,C0262,P0078,Cosmetics,2026-05-02,1,3,무난하게 쓰기 좋은데 드라마틱한 변화는 없어요. 가격 생각하면 좀 아쉽네요.,1
O1177,C0286,P0132,Cosmetics,2026-05-02,1,4,순하게 잘 맞아서 두 번째 구매입니다. 민감성 피부인데 자극 없이 잘 맞았어요. 진정 제품 여러 개 써봤는데 이게 제일 무난하고 좋네요. 👍🏻,0
O1178,C0034,P0092,Cosmetics,2026-05-03,2,5,끈적임 없이 촉촉해서 여름에도 부담 없이 발라요. 가족한테도 추천했어요. 😆,1
O1179,C0062,P0015,Cosmetics,2026-05-04,1,5,,0
O1180,C0180,P0169,Cosmetics,2026-05-04,1,5,끈적임 없이 촉촉해서 여름에도 부담 없이 발라요.,0
O1181,C0297,P0366,PC_Peripherals,2026-05-04,1,4,클릭음이 조용해서 사무실에서 쓰기 딱이에요. 👍,0
O1182,C0167,P0038,Cosmetics,2026-05-05,1,4,끈적임 없이 촉촉해서 여름에도 부담 없이 발라요. 복합성 피부인데 자극 없이 잘 맞았어요.,0
O1183,C0191,P0074,Cosmetics,2026-05-05,2,4,주문하고 다음날 바로 도착했네요. 복합성 피부인데 자극 없이 잘 맞았어요. 보습 제품 여러 개 써봤는데 이게 제일 무난하고 좋네요.,0
O1184,C0286,P0070,Cosmetics,2026-05-05,3,5,끈적임 없이 촉촉해서 여름에도 부담 없이 발라요. 순하게 잘 맞아서 두 번째 구매입니다.,0
O1185,C0300,P0169,Cosmetics,2026-05-05,1,5,미백 제품 여러 개 써봤는데 이게 제일 무난하고 좋네요. 🙂,0
O1186,C0089,P0013,Cosmetics,2026-05-06,2,5,건성 피부인데 자극 없이 잘 맞았어요. 다 쓰면 또 살 것 같아요.,0
O1187,C0115,P0154,Cosmetics,2026-05-06,1,5,만족합니다,0
O1188,C0297,P0449,Healthwear,2026-05-06,1,4,칼발이라 신발 고르기 어려웠는데 이건 정말 편해요. 포장 상태 깔끔하게 잘 왔습니다. 재구매 의사 있습니다. 😊,1
O1189,C0017,P0547,Healthwear,2026-05-07,1,4,무난하게 좋습니다,0
O1190,C0092,P0435,Healthwear,2026-05-07,1,1,,0
O1191,C0170,P0519,Healthwear,2026-05-07,1,5,뒤꿈치까짐 걱정 덜었습니다. 진작 살 걸 그랬어요. 쿠션감 좋아서 오래 걸어도 무릎이 편합니다. 🙂,0
O1192,C0286,P0036,Cosmetics,2026-05-07,2,4,굿굿,0
O1193,C0063,P0184,Cosmetics,2026-05-08,2,2,,0
O1194,C0147,P0482,Healthwear,2026-05-08,2,5,일상화로 매일 신고 있는데 발이 안 피곤해요. 배송 진짜 빨라요.,0
O1195,C0162,P0230,PC_Peripherals,2026-05-08,1,5,,0
O1196,C0239,P0345,PC_Peripherals,2026-05-08,2,3,성능은 괜찮은데 소프트웨어가 좀 불편하네요.,0
O1197,C0281,P0546,Healthwear,2026-05-08,1,4,쿠션감 좋아서 오래 걸어도 무릎이 편합니다. 디자인도 예쁘고 어디에 매치해도 잘 어울립니다. 가볍고 통기성 좋아서 여름에 신기 좋네요. 쟁여두려고 하나 더 담았습니다.,0
O1198,C0029,P0429,Healthwear,2026-05-09,1,5,런닝화로 매일 신고 있는데 발이 안 피곤해요.,1
O1199,C0017,P0433,Healthwear,2026-05-10,1,3,사이즈가 살짝 크게 나온 것 같아요. 반 사이즈 작게 사세요. 착화감은 괜찮은데 발땀은 그대로예요.,0
O1200,C0114,P0080,Cosmetics,2026-05-10,1,3,잡티 개선은 아직 잘 모르겠는데 발림성은 좋습니다. 복합성 피부라 걱정했는데 트러블은 안 났어요. 딱 그 정도입니다.,0
O1201,C0168,P0038,Cosmetics,2026-05-10,3,5,굿굿,0
O1202,C0175,P0129,Cosmetics,2026-05-10,3,3,각질 개선은 아직 잘 모르겠는데 발림성은 좋습니다. 가격 생각하면 용량이 살짝 아쉽네요. 무난하게 쓰기 좋은데 드라마틱한 변화는 없어요.,0
O1203,C0231,P0430,Healthwear,2026-05-10,1,5,미끄럼 걱정 덜었습니다. 진작 살 걸 그랬어요.,1
O1204,C0048,P0038,Cosmetics,2026-05-11,1,4,안티에이징 제품 여러 개 써봤는데 이게 제일 무난하고 좋네요. 쟁여두려고 하나 더 담았습니다.,0
O1205,C0224,P0038,Cosmetics,2026-05-11,1,4,좋아요,0
O1206,C0022,P0415,Healthwear,2026-05-12,1,4,가볍고 통기성 좋아서 여름에 신기 좋네요. 일상화로 매일 신고 있는데 발이 안 피곤해요. 발땀 걱정 덜었습니다. 진작 살 걸 그랬어요. 재구매 의사 있습니다.,1
O1207,C0107,P0590,Healthwear,2026-05-12,1,5,발볼넓음이라 신발 고르기 어려웠는데 이건 정말 편해요. 쟁여두려고 하나 더 담았습니다. 🙂,1
O1208,C0179,P0364,PC_Peripherals,2026-05-12,1,4,그립감 좋고 손목 피로가 확실히 덜합니다. 온보드 메모리 체감이 확실하네요. 재구매 의사 있습니다. 🙂,0
O1209,C0206,P0345,PC_Peripherals,2026-05-12,1,5,라방에서 싸게 사서 더 만족스러워요. 반응속도 빠르고 연결도 안정적이에요. 가벼워서 장시간 써도 부담 없습니다.,0
O1210,C0251,P0221,PC_Peripherals,2026-05-12,1,5,잘 쓰고 있어요,0
O1211,C0291,P0419,Healthwear,2026-05-12,1,5,발볼압박 걱정 덜었습니다. 진작 살 걸 그랬어요. 배송 빠르고 포장도 꼼꼼해서 좋았어요. 👍,1
O1212,C0186,P0091,Cosmetics,2026-05-14,2,2,건조함에는 전혀 변화가 없네요. 택배 박스 안에 완충재가 하나도 없더라고요.,0
O1213,C0208,P0526,Healthwear,2026-05-14,2,5,주문하고 다음날 바로 도착했네요. 쿠션감 좋아서 오래 걸어도 무릎이 편합니다. 농구화로 매일 신고 있는데 발이 안 피곤해요. 👍🏻,1
O1214,C0164,P0167,Cosmetics,2026-05-15,1,4,판테놀 들어간 제품 찾고 있었는데 딱이네요. 민감성 피부인데 자극 없이 잘 맞았어요. 쟁여두려고 하나 더 담았습니다. 😊,0
O1215,C0065,P0546,Healthwear,2026-05-16,1,5,디자인도 예쁘고 어디에 매치해도 잘 어울립니다. 가볍고 통기성 좋아서 여름에 신기 좋네요.,1
O1216,C0078,P0038,Cosmetics,2026-05-16,1,5,탄력저하 때문에 계속 고민이었는데 확실히 나아진 느낌입니다.,0
O1217,C0134,P0250,PC_Peripherals,2026-05-16,1,3,포장이 부실해서 아쉬웠습니다. 지연시간은 좀 나아졌는데 마감이 아쉽습니다.,1
O1218,C0151,P0526,Healthwear,2026-05-16,2,5,정사이즈로 딱 맞았어요. 발목불안 걱정 덜었습니다. 진작 살 걸 그랬어요. 👍,0
O1219,C0213,P0345,PC_Peripherals,2026-05-16,1,5,무게부담 때문에 바꿨는데 아주 만족합니다.,1
O1220,C0298,P0266,PC_Peripherals,2026-05-16,1,5,반응속도 빠르고 연결도 안정적이에요.,0
O1221,C0078,P0038,Cosmetics,2026-05-17,1,5,추천합니다,0
O1222,C0160,P0578,Healthwear,2026-05-17,1,5,배송 진짜 빨라요. 가볍고 통기성 좋아서 여름에 신기 좋네요. 평발이라 신발 고르기 어려웠는데 이건 정말 편해요.,1
O1223,C0017,P0526,Healthwear,2026-05-18,1,5,디자인도 예쁘고 어디에 매치해도 잘 어울립니다. 배송 빠르고 포장도 꼼꼼해서 좋았어요.,0
O1224,C0247,P0345,PC_Peripherals,2026-05-18,1,4,게이밍 마우스 중에 이 가격대에서 이 정도면 훌륭하죠. 가벼워서 장시간 써도 부담 없습니다. 그립감 좋고 손목 피로가 확실히 덜합니다. 😆,0
O1225,C0285,P0121,Cosmetics,2026-05-18,1,5,끈적임 없이 촉촉해서 여름에도 부담 없이 발라요. 지성 피부인데 자극 없이 잘 맞았어요. 다음엔 다른 라인도 사보려고요.,0
O1226,C0201,P0167,Cosmetics,2026-05-19,3,3,향은 호불호 갈릴 것 같아요. 반품 고민 중입니다.,1
O1227,C0218,P0037,Cosmetics,2026-05-19,1,4,아줄렌 들어간 제품 찾고 있었는데 딱이네요. 트러블 때문에 계속 고민이었는데 확실히 나아진 느낌입니다. 포장 상태 깔끔하게 잘 왔습니다.,0
O1228,C0138,P0066,Cosmetics,2026-05-20,1,4,굿굿,0
O1229,C0138,P0345,PC_Peripherals,2026-05-21,1,4,반응속도 빠르고 연결도 안정적이에요. 게이밍 마우스 중에 이 가격대에서 이 정도면 훌륭하죠. 라방에서 싸게 사서 더 만족스러워요. 가족한테도 추천했어요.,0
O1230,C0168,P0449,Healthwear,2026-05-21,1,4,라방에서 싸게 사서 더 만족스러워요. 발볼넓음이라 신발 고르기 어려웠는데 이건 정말 편해요. 정사이즈로 딱 맞았어요. 다 쓰면 또 살 것 같아요. 🙂,1
O1231,C0186,P0345,PC_Peripherals,2026-05-21,1,5,배송 진짜 빨라요. 클릭음이 조용해서 사무실에서 쓰기 딱이에요. 쟁여두려고 하나 더 담았습니다.,0
O1232,C0268,P0377,PC_Peripherals,2026-05-21,1,2,내구성 문제가 전혀 해결이 안 됩니다. 생각보다 무거워서 손목이 더 아파요.,1
O1233,C0089,P0551,Healthwear,2026-05-22,1,5,굿굿,0
O1234,C0100,P0567,Healthwear,2026-05-22,1,5,배송 빨라요 👍,1
O1235,C0167,P0038,Cosmetics,2026-05-22,3,4,발림성 좋고 흡수도 빨라서 아침에 쓰기 편해요.,0
O1236,C0179,P0176,Cosmetics,2026-05-22,1,1,쓰고 나서 오히려 트러블이 올라왔습니다.,1
O1237,C0189,P0482,Healthwear,2026-05-22,2,4,좋아요,1
O1238,C0196,P0515,Healthwear,2026-05-22,1,3,실물이 사진보다 좀 투박해요. 반품 고민 중입니다.,0
O1239,C0006,P0252,PC_Peripherals,2026-05-23,1,5,착용압박 때문에 바꿨는데 아주 만족합니다.,1
O1240,C0039,P0466,Healthwear,2026-05-23,1,5,정사이즈로 딱 맞았어요. 쿠션감 좋아서 오래 걸어도 무릎이 편합니다. 디자인도 예쁘고 어디에 매치해도 잘 어울립니다.,0
O1241,C0092,P0038,Cosmetics,2026-05-23,3,5,지성 피부인데 자극 없이 잘 맞았어요. 다 쓰면 또 살 것 같아요. 😆,0
O1242,C0196,P0326,PC_Peripherals,2026-05-23,1,5,가벼워서 장시간 써도 부담 없습니다. 타건소음 때문에 바꿨는데 아주 만족합니다. 포장 상태 깔끔하게 잘 왔습니다. 다 쓰면 또 살 것 같아요.,0
O1243,C0104,P0430,Healthwear,2026-05-24,1,5,디자인도 예쁘고 어디에 매치해도 잘 어울립니다. 쟁여두려고 하나 더 담았습니다.,0
O1244,C0120,P0037,Cosmetics,2026-05-24,1,5,끈적임 없이 촉촉해서 여름에도 부담 없이 발라요. 재구매 의사 있습니다.,0
O1245,C0185,P0038,Cosmetics,2026-05-24,3,5,배송 빠르고 포장도 꼼꼼해서 좋았어요. 안티에이징 제품 여러 개 써봤는데 이게 제일 무난하고 좋네요. 순하게 잘 맞아서 두 번째 구매입니다.,0
O1246,C0186,P0280,PC_Peripherals,2026-05-24,1,4,잘 쓰고 있어요,0
O1247,C0048,P0166,Cosmetics,2026-05-25,2,4,끈적임 없이 촉촉해서 여름에도 부담 없이 발라요.,0
O1248,C0133,P0531,Healthwear,2026-05-25,1,4,,0
O1249,C0173,P0018,Cosmetics,2026-05-25,1,3,가격 생각하면 용량이 살짝 아쉽네요. 무난하게 쓰기 좋은데 드라마틱한 변화는 없어요.,0
O1250,C0184,P0345,PC_Peripherals,2026-05-25,1,5,,0
O1251,C0241,P0038,Cosmetics,2026-05-25,2,3,무난하게 쓰기 좋은데 드라마틱한 변화는 없어요. 다크서클 개선은 아직 잘 모르겠는데 발림성은 좋습니다.,0
O1252,C0018,P0167,Cosmetics,2026-05-26,3,1,향이 너무 강해서 쓰기 힘들었습니다.,0
O1253,C0062,P0015,Cosmetics,2026-05-26,1,5,미백 제품 여러 개 써봤는데 이게 제일 무난하고 좋네요. 트라넥삼산 들어간 제품 찾고 있었는데 딱이네요. 다음엔 다른 라인도 사보려고요.,0
O1254,C0073,P0038,Cosmetics,2026-05-26,5,4,민감성 피부인데 자극 없이 잘 맞았어요. 배송 빠르고 포장도 꼼꼼해서 좋았어요. 가족한테도 추천했어요.,1
O1255,C0091,P0230,PC_Peripherals,2026-05-26,1,4,핫스왑 소켓 체감이 확실하네요. 반응속도 빠르고 연결도 안정적이에요. 클릭음이 조용해서 사무실에서 쓰기 딱이에요. 😆,1
O1256,C0285,P0515,Healthwear,2026-05-26,1,3,착화감은 괜찮은데 미끄럼은 그대로예요.,0
O1257,C0020,P0142,Cosmetics,2026-05-27,2,5,,0
O1258,C0031,P0038,Cosmetics,2026-05-27,2,5,포장 상태 깔끔하게 잘 왔습니다. 끈적임 없이 촉촉해서 여름에도 부담 없이 발라요. 다음엔 다른 라인도 사보려고요.,0
O1259,C0056,P0363,PC_Peripherals,2026-05-27,1,3,기능은 무난한데 특별할 건 없어요. 손 큰 편이라 사이즈가 살짝 작게 느껴져요.,0
O1260,C0224,P0038,Cosmetics,2026-05-28,3,5,가성비 좋네요,0
O1261,C0017,P0037,Cosmetics,2026-05-29,1,3,트러블 개선은 아직 잘 모르겠는데 발림성은 좋습니다. 배송이 생각보다 오래 걸렸네요.,0
O1262,C0072,P0027,Cosmetics,2026-05-29,3,4,여드름 때문에 계속 고민이었는데 확실히 나아진 느낌입니다.,1
O1263,C0094,P0038,Cosmetics,2026-05-29,1,5,배송 빨라요 👍,1
O1264,C0282,P0027,Cosmetics,2026-05-29,2,5,민감 때문에 계속 고민이었는데 확실히 나아진 느낌입니다. 😊,0
O1265,C0036,P0229,PC_Peripherals,2026-05-30,2,4,그립감 좋고 손목 피로가 확실히 덜합니다. 다음엔 다른 라인도 사보려고요.,0
O1266,C0103,P0038,Cosmetics,2026-05-30,1,4,만족합니다,0
O1267,C0212,P0046,Cosmetics,2026-05-30,1,5,포장 상태 깔끔하게 잘 왔습니다. 장벽손상 때문에 계속 고민이었는데 확실히 나아진 느낌입니다. 글리세린 들어간 제품 찾고 있었는데 딱이네요. 🙂,0
O1268,C0045,P0116,Cosmetics,2026-05-31,2,2,,0
O1269,C0144,P0469,Healthwear,2026-06-01,1,4,포장 상태 깔끔하게 잘 왔습니다. 런닝화로 매일 신고 있는데 발이 안 피곤해요.,1
O1270,C0206,P0087,Cosmetics,2026-06-01,2,5,추천합니다,0
O1271,C0033,P0327,PC_Peripherals,2026-06-02,1,4,무난하게 좋습니다,1
O1272,C0130,P0038,Cosmetics,2026-06-02,2,4,선물용으로도 괜찮을 만큼 포장이 잘 돼서 왔어요. 다크서클 때문에 계속 고민이었는데 확실히 나아진 느낌입니다.,0
O1273,C0036,P0503,Healthwear,2026-06-03,1,4,쿠션감 좋아서 오래 걸어도 무릎이 편합니다. 배송 진짜 빨라요. 쟁여두려고 하나 더 담았습니다.,1
O1274,C0212,P0254,PC_Peripherals,2026-06-03,2,5,가벼워서 장시간 써도 부담 없습니다. 2.4GHz 무선 체감이 확실하네요.,0
O1275,C0024,P0027,Cosmetics,2026-06-04,2,5,끈적임 없이 촉촉해서 여름에도 부담 없이 발라요. 피지과다 때문에 계속 고민이었는데 확실히 나아진 느낌입니다. 가족한테도 추천했어요.,1
O1276,C0241,P0038,Cosmetics,2026-06-04,5,5,안티에이징 제품 여러 개 써봤는데 이게 제일 무난하고 좋네요. 🙂,0
O1277,C0047,P0038,Cosmetics,2026-06-05,3,5,순하게 잘 맞아서 두 번째 구매입니다.,0
O1278,C0117,P0059,Cosmetics,2026-06-05,2,5,끈적임 없이 촉촉해서 여름에도 부담 없이 발라요. 보습 제품 여러 개 써봤는데 이게 제일 무난하고 좋네요. 라방에서 싸게 사서 더 만족스러워요. 다 쓰면 또 살 것 같아요.,0
O1279,C0288,P0289,PC_Peripherals,2026-06-05,1,4,무선 이어폰 중에 이 가격대에서 이 정도면 훌륭하죠. 라방에서 싸게 사서 더 만족스러워요.,0
O1280,C0025,P0417,Healthwear,2026-06-07,1,5,좋아요,1
O1281,C0227,P0193,Cosmetics,2026-06-07,1,4,알란토인 들어간 제품 찾고 있었는데 딱이네요. 트러블 때문에 계속 고민이었는데 확실히 나아진 느낌입니다. ❣️,1
O1282,C0241,P0195,Cosmetics,2026-06-07,1,5,판테놀 들어간 제품 찾고 있었는데 딱이네요. 👍🏻,0
O1283,C0281,P0236,PC_Peripherals,2026-06-07,1,3,,0
O1284,C0017,P0578,Healthwear,2026-06-08,1,5,가성비 좋네요,0
O1285,C0170,P0492,Healthwear,2026-06-08,1,5,디자인도 예쁘고 어디에 매치해도 잘 어울립니다.,0
O1286,C0181,P0518,Healthwear,2026-06-08,2,4,발볼넓음이라 신발 고르기 어려웠는데 이건 정말 편해요. 😆,0
O1287,C0197,P0336,PC_Peripherals,2026-06-08,1,5,가벼워서 장시간 써도 부담 없습니다. 라방에서 싸게 사서 더 만족스러워요. ❣️,0
O1288,C0275,P0345,PC_Peripherals,2026-06-08,1,5,클릭음이 조용해서 사무실에서 쓰기 딱이에요. 선물용으로도 괜찮을 만큼 포장이 잘 돼서 왔어요. 가족한테도 추천했어요.,0
O1289,C0125,P0123,Cosmetics,2026-06-09,1,4,진정 제품 여러 개 써봤는데 이게 제일 무난하고 좋네요. 끈적임 없이 촉촉해서 여름에도 부담 없이 발라요. 발림성 좋고 흡수도 빨라서 아침에 쓰기 편해요. 선물용으로도 괜찮을 만큼 포장이 잘 돼서 왔어요.,1
O1290,C0145,P0567,Healthwear,2026-06-09,1,3,착화감은 괜찮은데 족저근막염은 그대로예요. 무난한데 이 가격이면 좀 비싼 느낌입니다.,0
O1291,C0082,P0345,PC_Peripherals,2026-06-10,1,4,가벼워서 장시간 써도 부담 없습니다. 반응속도 빠르고 연결도 안정적이에요. 게이밍 마우스 중에 이 가격대에서 이 정도면 훌륭하죠. 선물용으로도 괜찮을 만큼 포장이 잘 돼서 왔어요.,1
O1292,C0103,P0095,Cosmetics,2026-06-10,2,3,향은 호불호 갈릴 것 같아요. 트러블 개선은 아직 잘 모르겠는데 발림성은 좋습니다.,1
O1293,C0117,P0306,PC_Peripherals,2026-06-10,1,3,성능은 괜찮은데 소프트웨어가 좀 불편하네요. 손 큰 편이라 사이즈가 살짝 작게 느껴져요.,0
O1294,C0279,P0221,PC_Peripherals,2026-06-10,1,5,키감 때문에 바꿨는데 아주 만족합니다. 그립감 좋고 손목 피로가 확실히 덜합니다. 가족한테도 추천했어요.,1
O1295,C0121,P0567,Healthwear,2026-06-11,1,2,뒤꿈치가 까져서 못 신겠어요. 발볼이 좁아서 새끼발가락이 너무 아픕니다. 반품 고민 중입니다.,1
O1296,C0206,P0415,Healthwear,2026-06-11,3,3,실물이 사진보다 좀 투박해요. 사이즈가 살짝 크게 나온 것 같아요. 반 사이즈 작게 사세요. 다음엔 다른 제품 써보려고요.,0
O1297,C0243,P0173,Cosmetics,2026-06-11,3,5,민감성 피부인데 자극 없이 잘 맞았어요. 배송 진짜 빨라요.,1
O1298,C0011,P0441,Healthwear,2026-06-12,1,3,포장이 부실해서 아쉬웠습니다. 무난한데 이 가격이면 좀 비싼 느낌입니다. 사이즈가 살짝 크게 나온 것 같아요. 반 사이즈 작게 사세요. 며칠 신으니 괜찮아졌는데 처음엔 뻣뻣했어요.,1
O1299,C0089,P0120,Cosmetics,2026-06-12,1,5,장벽손상 때문에 계속 고민이었는데 확실히 나아진 느낌입니다. 다 쓰면 또 살 것 같아요. 🥰,0
O1300,C0126,P0100,Cosmetics,2026-06-12,2,5,좋아요,0
O1301,C0181,P0095,Cosmetics,2026-06-12,1,1,포장이 부실해서 아쉬웠습니다. 발림성이 뻑뻑하고 밀려서 못 쓰겠어요. 다음엔 다른 제품 써보려고요.,1
O1302,C0281,P0145,Cosmetics,2026-06-12,1,5,가성비 좋네요,0
O1303,C0032,P0230,PC_Peripherals,2026-06-14,1,2,박스가 찌그러진 채로 도착해서 좀 당황했어요. 연결이 자꾸 끊겨서 스트레스입니다. 생각보다 무거워서 손목이 더 아파요. 다음엔 다른 제품 써보려고요.,1
O1304,C0115,P0129,Cosmetics,2026-06-14,3,4,좋아요,0
O1305,C0132,P0192,Cosmetics,2026-06-15,1,4,끈적임 없이 촉촉해서 여름에도 부담 없이 발라요. 👍🏻,1
O1306,C0151,P0235,PC_Peripherals,2026-06-15,1,5,가벼워서 장시간 써도 부담 없습니다. 반응속도 빠르고 연결도 안정적이에요. 26000DPI 광학센서 체감이 확실하네요.,1
O1307,C0163,P0509,Healthwear,2026-06-15,1,5,포장 상태 깔끔하게 잘 왔습니다. 워킹화로 매일 신고 있는데 발이 안 피곤해요. 재구매 의사 있습니다. 😆,0
O1308,C0184,P0260,PC_Peripherals,2026-06-15,1,5,좋아요,0
O1309,C0185,P0387,PC_Peripherals,2026-06-15,1,3,보통이에요,0
O1310,C0212,P0553,Healthwear,2026-06-15,1,5,,0
O1311,C0112,P0500,Healthwear,2026-06-16,1,4,발볼넓음이라 신발 고르기 어려웠는데 이건 정말 편해요. 다음엔 다른 라인도 사보려고요.,0
O1312,C0166,P0412,Healthwear,2026-06-16,1,3,실물이 사진보다 좀 투박해요. 무난한데 이 가격이면 좀 비싼 느낌입니다. 다음엔 다른 제품 써보려고요.,1
O1313,C0226,P0472,Healthwear,2026-06-16,1,4,선물용으로도 괜찮을 만큼 포장이 잘 돼서 왔어요. 가볍고 통기성 좋아서 여름에 신기 좋네요. 발땀 걱정 덜었습니다. 진작 살 걸 그랬어요.,1
O1314,C0027,P0299,PC_Peripherals,2026-06-17,1,5,가벼워서 장시간 써도 부담 없습니다. 쟁여두려고 하나 더 담았습니다.,0
O1315,C0096,P0264,PC_Peripherals,2026-06-17,1,4,2.4GHz 무선 체감이 확실하네요. 가벼워서 장시간 써도 부담 없습니다. 👍,0
O1316,C0014,P0230,PC_Peripherals,2026-06-18,3,3,키감은 좀 나아졌는데 마감이 아쉽습니다. 테이프가 다 떨어져서 왔는데 포장에 신경 좀 써주셨으면 해요.,1
O1317,C0286,P0165,Cosmetics,2026-06-18,1,4,가성비 좋네요,0
O1318,C0114,P0038,Cosmetics,2026-06-19,1,5,복합성 피부인데 자극 없이 잘 맞았어요. 안티에이징 제품 여러 개 써봤는데 이게 제일 무난하고 좋네요. 발림성 좋고 흡수도 빨라서 아침에 쓰기 편해요.,0
O1319,C0147,P0111,Cosmetics,2026-06-19,2,5,배송 진짜 빨라요. 트라넥삼산 들어간 제품 찾고 있었는데 딱이네요. 순하게 잘 맞아서 두 번째 구매입니다. 민감성 피부인데 자극 없이 잘 맞았어요.,1
O1320,C0167,P0366,PC_Peripherals,2026-06-19,1,5,착용압박 때문에 바꿨는데 아주 만족합니다. 반응속도 빠르고 연결도 안정적이에요. 무선 이어폰 중에 이 가격대에서 이 정도면 훌륭하죠. 재구매 의사 있습니다.,0
O1321,C0017,P0038,Cosmetics,2026-06-20,1,2,다크서클에는 전혀 변화가 없네요. 민감성 피부에는 좀 자극이 있었어요. 향이 너무 강해서 쓰기 힘들었습니다.,0
O1322,C0027,P0212,PC_Peripherals,2026-06-20,1,3,성능은 괜찮은데 소프트웨어가 좀 불편하네요. 가격 생각하면 좀 아쉽네요.,1
O1323,C0048,P0461,Healthwear,2026-06-20,2,5,포장 상태 깔끔하게 잘 왔습니다. 쿠션감 좋아서 오래 걸어도 무릎이 편합니다.,1
O1324,C0259,P0458,Healthwear,2026-06-20,1,3,그냥 그래요,0
O1325,C0117,P0037,Cosmetics,2026-06-21,2,4,좋아요,1
O1326,C0180,P0011,Cosmetics,2026-06-21,3,5,잘 쓰고 있어요,1
O1327,C0197,P0099,Cosmetics,2026-06-22,5,5,추천합니다,0
O1328,C0215,P0446,Healthwear,2026-06-22,1,5,정사이즈로 딱 맞았어요.,1
O1329,C0017,P0430,Healthwear,2026-06-23,2,4,쿠션감 좋아서 오래 걸어도 무릎이 편합니다. ❣️,0
O1330,C0056,P0395,PC_Peripherals,2026-06-23,1,4,클릭음이 조용해서 사무실에서 쓰기 딱이에요. 가족한테도 추천했어요.,0
O1331,C0161,P0256,PC_Peripherals,2026-06-23,1,4,무선 이어폰 중에 이 가격대에서 이 정도면 훌륭하죠. 지연시간 때문에 바꿨는데 아주 만족합니다. 다 쓰면 또 살 것 같아요. 🙂,1
O1332,C0170,P0526,Healthwear,2026-06-23,1,5,디자인도 예쁘고 어디에 매치해도 잘 어울립니다. 발볼넓음이라 신발 고르기 어려웠는데 이건 정말 편해요.,0
O1333,C0241,P0582,Healthwear,2026-06-23,1,5,정사이즈로 딱 맞았어요. 라방에서 싸게 사서 더 만족스러워요. 다음엔 다른 라인도 사보려고요.,0
O1334,C0246,P0313,PC_Peripherals,2026-06-23,1,5,게이밍 마우스 중에 이 가격대에서 이 정도면 훌륭하죠.,1
O1335,C0300,P0438,Healthwear,2026-06-23,1,4,발볼넓음이라 신발 고르기 어려웠는데 이건 정말 편해요. 쟁여두려고 하나 더 담았습니다.,0
O1336,C0114,P0066,Cosmetics,2026-06-24,1,5,주문하고 다음날 바로 도착했네요. 복합성 피부인데 자극 없이 잘 맞았어요. 쟁여두려고 하나 더 담았습니다.,0
O1337,C0120,P0482,Healthwear,2026-06-24,1,4,발볼압박 걱정 덜었습니다. 진작 살 걸 그랬어요. 쿠션감 좋아서 오래 걸어도 무릎이 편합니다. 다음엔 다른 라인도 사보려고요.,1
O1338,C0256,P0345,PC_Peripherals,2026-06-25,1,5,2.4GHz 무선 체감이 확실하네요. 쟁여두려고 하나 더 담았습니다.,1
O1339,C0018,P0169,Cosmetics,2026-06-26,1,5,글루타치온 들어간 제품 찾고 있었는데 딱이네요. 재구매 의사 있습니다.,0
O1340,C0175,P0461,Healthwear,2026-06-26,1,4,런닝화로 매일 신고 있는데 발이 안 피곤해요. 가볍고 통기성 좋아서 여름에 신기 좋네요. 배송 진짜 빨라요. 쟁여두려고 하나 더 담았습니다.,1
O1341,C0092,P0038,Cosmetics,2026-06-27,3,5,EGF 들어간 제품 찾고 있었는데 딱이네요.,1
O1342,C0109,P0592,Healthwear,2026-06-27,1,4,배송 빨라요 👍,1
O1343,C0206,P0449,Healthwear,2026-06-27,1,5,디자인도 예쁘고 어디에 매치해도 잘 어울립니다.,0
O1344,C0289,P0145,Cosmetics,2026-06-27,1,5,민감성 피부인데 자극 없이 잘 맞았어요. 피지과다 때문에 계속 고민이었는데 확실히 나아진 느낌입니다. 쟁여두려고 하나 더 담았습니다.,1
O1345,C0047,P0053,Cosmetics,2026-06-28,1,5,안티에이징 제품 여러 개 써봤는데 이게 제일 무난하고 좋네요.,1
O1346,C0093,P0442,Healthwear,2026-06-28,1,5,선물용으로도 괜찮을 만큼 포장이 잘 돼서 왔어요. 쿠션감 좋아서 오래 걸어도 무릎이 편합니다. 가볍고 통기성 좋아서 여름에 신기 좋네요. 가족한테도 추천했어요.,1
O1347,C0018,P0067,Cosmetics,2026-06-29,1,5,끈적임 없이 촉촉해서 여름에도 부담 없이 발라요. 발림성 좋고 흡수도 빨라서 아침에 쓰기 편해요.,0
O1348,C0102,P0532,Healthwear,2026-06-29,1,4,정사이즈로 딱 맞았어요.,1
O1349,C0124,P0038,Cosmetics,2026-06-29,1,5,발림성 좋고 흡수도 빨라서 아침에 쓰기 편해요. 재구매 의사 있습니다.,0
O1350,C0211,P0472,Healthwear,2026-06-29,1,1,별로예요,1
O1351,C0235,P0183,Cosmetics,2026-06-29,1,5,미백 제품 여러 개 써봤는데 이게 제일 무난하고 좋네요. 지성 피부인데 자극 없이 잘 맞았어요.,0
O1352,C0282,P0515,Healthwear,2026-06-29,1,5,무난하게 좋습니다,0
O1353,C0300,P0403,Healthwear,2026-06-29,1,5,정사이즈로 딱 맞았어요. 발볼넓음이라 신발 고르기 어려웠는데 이건 정말 편해요. 다음엔 다른 라인도 사보려고요.,1
O1354,C0017,P0423,Healthwear,2026-06-30,1,2,뒤꿈치가 까져서 못 신겠어요.,0
O1355,C0062,P0169,Cosmetics,2026-06-30,1,2,테이프가 다 떨어져서 왔는데 포장에 신경 좀 써주셨으면 해요. 기미에는 전혀 변화가 없네요.,1
O1356,C0149,P0445,Healthwear,2026-06-30,1,1,발볼이 좁아서 새끼발가락이 너무 아픕니다.,0
O1357,C0206,P0285,PC_Peripherals,2026-06-30,2,4,반응속도 빠르고 연결도 안정적이에요.,0
O1358,C0096,P0068,Cosmetics,2026-07-01,1,5,세라마이드 들어간 제품 찾고 있었는데 딱이네요. 건조함 때문에 계속 고민이었는데 확실히 나아진 느낌입니다. 발림성 좋고 흡수도 빨라서 아침에 쓰기 편해요. 다음엔 다른 라인도 사보려고요.,0
O1359,C0235,P0256,PC_Peripherals,2026-07-01,2,4,무선 이어폰 중에 이 가격대에서 이 정도면 훌륭하죠. 지연시간 때문에 바꿨는데 아주 만족합니다. 라방에서 싸게 사서 더 만족스러워요. 다음엔 다른 라인도 사보려고요.,1
O1360,C0263,P0576,Healthwear,2026-07-01,1,5,발볼넓음이라 신발 고르기 어려웠는데 이건 정말 편해요. 일상화로 매일 신고 있는데 발이 안 피곤해요. 라방에서 싸게 사서 더 만족스러워요.,0
O1361,C0005,P0386,PC_Peripherals,2026-07-02,1,5,클릭음이 조용해서 사무실에서 쓰기 딱이에요. 그립감 좋고 손목 피로가 확실히 덜합니다. 쟁여두려고 하나 더 담았습니다.,1
O1362,C0224,P0403,Healthwear,2026-07-02,1,4,가볍고 통기성 좋아서 여름에 신기 좋네요. 디자인도 예쁘고 어디에 매치해도 잘 어울립니다. 일상화로 매일 신고 있는데 발이 안 피곤해요.,0
O1363,C0046,P0028,Cosmetics,2026-07-03,2,4,주문하고 다음날 바로 도착했네요. 진정 제품 여러 개 써봤는데 이게 제일 무난하고 좋네요. 지성 피부인데 자극 없이 잘 맞았어요. ❣️,0
O1364,C0078,P0169,Cosmetics,2026-07-03,1,5,배송 진짜 빨라요. 건성 피부인데 자극 없이 잘 맞았어요.,1
O1365,C0104,P0038,Cosmetics,2026-07-03,1,4,안티에이징 제품 여러 개 써봤는데 이게 제일 무난하고 좋네요. 발림성 좋고 흡수도 빨라서 아침에 쓰기 편해요. 가족한테도 추천했어요.,1
O1366,C0115,P0274,PC_Peripherals,2026-07-03,1,4,라방에서 싸게 사서 더 만족스러워요. 게이밍 키보드 중에 이 가격대에서 이 정도면 훌륭하죠. 채터링 때문에 바꿨는데 아주 만족합니다. 풀배열 체감이 확실하네요. 다음엔 다른 라인도 사보려고요.,1
O1367,C0260,P0230,PC_Peripherals,2026-07-03,1,4,만족합니다,1
O1368,C0275,P0539,Healthwear,2026-07-03,1,5,정사이즈로 딱 맞았어요.,1
O1369,C0017,P0028,Cosmetics,2026-07-04,3,4,포장 상태 깔끔하게 잘 왔습니다. 프로폴리스 들어간 제품 찾고 있었는데 딱이네요. 다음엔 다른 라인도 사보려고요.,0
O1370,C0184,P0335,PC_Peripherals,2026-07-04,1,5,배송 진짜 빨라요. 무선 이어폰 중에 이 가격대에서 이 정도면 훌륭하죠. 반응속도 빠르고 연결도 안정적이에요. 그립감 좋고 손목 피로가 확실히 덜합니다.,1
O1371,C0017,P0230,PC_Peripherals,2026-07-05,1,1,돈 아까워요,0
O1372,C0143,P0504,Healthwear,2026-07-05,1,5,,0
O1373,C0191,P0038,Cosmetics,2026-07-05,3,4,배송 빠르고 포장도 꼼꼼해서 좋았어요. 발림성 좋고 흡수도 빨라서 아침에 쓰기 편해요. 끈적임 없이 촉촉해서 여름에도 부담 없이 발라요.,0
O1374,C0196,P0306,PC_Peripherals,2026-07-05,1,5,게이밍 키보드 중에 이 가격대에서 이 정도면 훌륭하죠. 쟁여두려고 하나 더 담았습니다. 👍,0
O1375,C0143,P0345,PC_Peripherals,2026-07-06,1,5,그립감 좋고 손목 피로가 확실히 덜합니다. 반응속도 빠르고 연결도 안정적이에요.,0
O1376,C0281,P0330,PC_Peripherals,2026-07-06,2,5,26000DPI 광학센서 체감이 확실하네요. 그립감 때문에 바꿨는데 아주 만족합니다. 가벼워서 장시간 써도 부담 없습니다. 라방에서 싸게 사서 더 만족스러워요. ❣️,0
O1377,C0152,P0449,Healthwear,2026-07-07,1,4,쿠션감 좋아서 오래 걸어도 무릎이 편합니다. 칼발이라 신발 고르기 어려웠는데 이건 정말 편해요.,1
O1378,C0173,P0306,PC_Peripherals,2026-07-07,1,4,그립감 좋고 손목 피로가 확실히 덜합니다. 쟁여두려고 하나 더 담았습니다.,1
O1379,C0190,P0449,Healthwear,2026-07-07,1,4,잘 쓰고 있어요,0
O1380,C0020,P0430,Healthwear,2026-07-08,1,4,워킹화로 매일 신고 있는데 발이 안 피곤해요. 배송 빠르고 포장도 꼼꼼해서 좋았어요. 가족한테도 추천했어요.,0
O1381,C0051,P0185,Cosmetics,2026-07-08,2,5,라방에서 싸게 사서 더 만족스러워요. 순하게 잘 맞아서 두 번째 구매입니다.,1
O1382,C0236,P0038,Cosmetics,2026-07-08,1,3,가격 생각하면 용량이 살짝 아쉽네요. 무난하게 쓰기 좋은데 드라마틱한 변화는 없어요.,1
O1383,C0010,P0553,Healthwear,2026-07-09,1,3,무난한데 이 가격이면 좀 비싼 느낌입니다. 며칠 신으니 괜찮아졌는데 처음엔 뻣뻣했어요. 착화감은 괜찮은데 발땀은 그대로예요. 택배 박스 안에 완충재가 하나도 없더라고요.,1
O1384,C0212,P0397,PC_Peripherals,2026-07-09,1,4,무소음 클릭 체감이 확실하네요. 가벼워서 장시간 써도 부담 없습니다. 사무용 마우스 중에 이 가격대에서 이 정도면 훌륭하죠. 가족한테도 추천했어요. 😊,1
O1385,C0113,P0103,Cosmetics,2026-07-10,2,3,,1
O1386,C0162,P0360,PC_Peripherals,2026-07-10,1,5,그립감 좋고 손목 피로가 확실히 덜합니다. 유선 연결 체감이 확실하네요. 클릭음이 조용해서 사무실에서 쓰기 딱이에요. 가족한테도 추천했어요. ❣️,0
O1387,C0214,P0547,Healthwear,2026-07-10,1,5,쿠션감 좋아서 오래 걸어도 무릎이 편합니다. 정사이즈로 딱 맞았어요. 주문하고 다음날 바로 도착했네요. 다 쓰면 또 살 것 같아요.,1
O1388,C0145,P0526,Healthwear,2026-07-11,1,2,테이프가 다 떨어져서 왔는데 포장에 신경 좀 써주셨으면 해요. 발볼이 좁아서 새끼발가락이 너무 아픕니다.,0
O1389,C0206,P0538,Healthwear,2026-07-11,1,5,잘 쓰고 있어요,0
O1390,C0133,P0546,Healthwear,2026-07-12,1,4,쿠션감 좋아서 오래 걸어도 무릎이 편합니다. 다 쓰면 또 살 것 같아요.,0
O1391,C0197,P0306,PC_Peripherals,2026-07-12,1,4,가벼워서 장시간 써도 부담 없습니다.,0
O1392,C0089,P0052,Cosmetics,2026-07-13,2,5,탄력저하 때문에 계속 고민이었는데 확실히 나아진 느낌입니다. 👍,0
O1393,C0114,P0093,Cosmetics,2026-07-13,1,4,잘 쓰고 있어요,1
O1394,C0190,P0463,Healthwear,2026-07-13,1,5,일상화로 매일 신고 있는데 발이 안 피곤해요. 쟁여두려고 하나 더 담았습니다.,1
O1395,C0218,P0060,Cosmetics,2026-07-13,2,5,순하게 잘 맞아서 두 번째 구매입니다. 나이아신아마이드 들어간 제품 찾고 있었는데 딱이네요. 다 쓰면 또 살 것 같아요.,1
O1396,C0219,P0310,PC_Peripherals,2026-07-13,1,5,클릭음이 조용해서 사무실에서 쓰기 딱이에요. 재구매 의사 있습니다.,1
O1397,C0241,P0082,Cosmetics,2026-07-13,2,4,발림성 좋고 흡수도 빨라서 아침에 쓰기 편해요. 포장 상태 깔끔하게 잘 왔습니다.,0
O1398,C0259,P0052,Cosmetics,2026-07-13,1,4,순하게 잘 맞아서 두 번째 구매입니다.,0
O1399,C0283,P0553,Healthwear,2026-07-13,1,3,착화감은 괜찮은데 발땀은 그대로예요. 실물이 사진보다 좀 투박해요. 무난한데 이 가격이면 좀 비싼 느낌입니다. 가격 생각하면 좀 아쉽네요.,1
O1400,C0196,P0410,Healthwear,2026-07-14,1,4,정사이즈로 딱 맞았어요.,1
O1401,C0224,P0284,PC_Peripherals,2026-07-14,1,5,가성비 좋네요,0
O1402,C0288,P0532,Healthwear,2026-07-14,1,4,쿠션감 좋아서 오래 걸어도 무릎이 편합니다. 다음엔 다른 라인도 사보려고요. 😆,0
O1403,C0031,P0037,Cosmetics,2026-07-15,3,5,진정 제품 여러 개 써봤는데 이게 제일 무난하고 좋네요. 홍조 때문에 계속 고민이었는데 확실히 나아진 느낌입니다. 가족한테도 추천했어요.,1
O1404,C0137,P0276,PC_Peripherals,2026-07-16,1,4,잘 쓰고 있어요,1
O1405,C0128,P0364,PC_Peripherals,2026-07-17,1,4,온보드 메모리 체감이 확실하네요. 그립감 좋고 손목 피로가 확실히 덜합니다. 가벼워서 장시간 써도 부담 없습니다. 배송 진짜 빨라요.,1
O1406,C0286,P0046,Cosmetics,2026-07-17,2,5,보습 제품 여러 개 써봤는데 이게 제일 무난하고 좋네요. 시어버터 들어간 제품 찾고 있었는데 딱이네요.,0
O1407,C0046,P0101,Cosmetics,2026-07-18,2,4,순하게 잘 맞아서 두 번째 구매입니다. 보습 제품 여러 개 써봤는데 이게 제일 무난하고 좋네요. 라방에서 싸게 사서 더 만족스러워요.,1
O1408,C0143,P0157,Cosmetics,2026-07-18,1,5,복합성 피부인데 자극 없이 잘 맞았어요. 세라마이드 들어간 제품 찾고 있었는데 딱이네요. 끈적임 없이 촉촉해서 여름에도 부담 없이 발라요. 배송 진짜 빨라요. 가족한테도 추천했어요.,1
O1409,C0185,P0027,Cosmetics,2026-07-18,1,3,가격 대비 아쉬움,0
O1410,C0241,P0167,Cosmetics,2026-07-18,1,5,추천합니다,0
O1411,C0247,P0578,Healthwear,2026-07-18,1,4,발땀 걱정 덜었습니다. 진작 살 걸 그랬어요. 디자인도 예쁘고 어디에 매치해도 잘 어울립니다. 다 쓰면 또 살 것 같아요.,1
O1412,C0281,P0328,PC_Peripherals,2026-07-18,1,1,생각보다 무거워서 손목이 더 아파요. 두 달 만에 채터링 생겼어요. 재구매는 안 할 것 같아요.,1
O1413,C0285,P0091,Cosmetics,2026-07-18,1,4,지성 피부인데 자극 없이 잘 맞았어요. 가족한테도 추천했어요.,1
O1414,C0286,P0090,Cosmetics,2026-07-18,1,4,발림성 좋고 흡수도 빨라서 아침에 쓰기 편해요. 포장 상태 깔끔하게 잘 왔습니다.,0
O1415,C0288,P0230,PC_Peripherals,2026-07-18,1,2,키감 문제가 전혀 해결이 안 됩니다. 배송이 생각보다 오래 걸렸네요.,1
O1416,C0185,P0195,Cosmetics,2026-07-19,2,3,포장이 부실해서 아쉬웠습니다. 각질 개선은 아직 잘 모르겠는데 발림성은 좋습니다. 재구매는 안 할 것 같아요.,0
O1417,C0145,P0571,Healthwear,2026-07-20,1,4,쿠션감 좋아서 오래 걸어도 무릎이 편합니다. 평발이라 신발 고르기 어려웠는데 이건 정말 편해요. 장시간보행 피로 걱정 덜었습니다. 진작 살 걸 그랬어요.,0
O1418,C0186,P0291,PC_Peripherals,2026-07-20,1,5,굿굿,0
O1419,C0206,P0038,Cosmetics,2026-07-20,1,4,복합성 피부인데 자극 없이 잘 맞았어요. 끈적임 없이 촉촉해서 여름에도 부담 없이 발라요. 포장 상태 깔끔하게 잘 왔습니다. 쟁여두려고 하나 더 담았습니다. 🙂,0
O1420,C0039,P0038,Cosmetics,2026-07-21,1,5,순하게 잘 맞아서 두 번째 구매입니다. 다 쓰면 또 살 것 같아요.,0
O1421,C0239,P0129,Cosmetics,2026-07-21,2,3,가격 생각하면 용량이 살짝 아쉽네요. 지성 피부라 걱정했는데 트러블은 안 났어요. 딱 그 정도입니다.,1
O1422,C0167,P0504,Healthwear,2026-07-22,1,5,잘 쓰고 있어요,1
O1423,C0197,P0254,PC_Peripherals,2026-07-22,1,5,클릭음이 조용해서 사무실에서 쓰기 딱이에요. 😆,1
O1424,C0110,P0261,PC_Peripherals,2026-07-23,1,1,가격 대비 마감이 너무 조악합니다. 테이프가 다 떨어져서 왔는데 포장에 신경 좀 써주셨으면 해요.,1
O1425,C0145,P0578,Healthwear,2026-07-23,1,5,,1
O1426,C0170,P0482,Healthwear,2026-07-23,1,1,발볼이 좁아서 새끼발가락이 너무 아픕니다. 재구매는 안 할 것 같아요.,1
O1427,C0223,P0345,PC_Peripherals,2026-07-23,1,4,주문하고 다음날 바로 도착했네요. 클릭음이 조용해서 사무실에서 쓰기 딱이에요. 게이밍 마우스 중에 이 가격대에서 이 정도면 훌륭하죠.,1
O1428,C0259,P0382,PC_Peripherals,2026-07-23,1,5,가성비 좋네요,1
O1429,C0133,P0487,Healthwear,2026-07-24,2,5,,1
O1430,C0002,P0027,Cosmetics,2026-07-25,2,3,향은 호불호 갈릴 것 같아요. 포장이 부실해서 아쉬웠습니다.,1
O1431,C0056,P0297,PC_Peripherals,2026-07-25,1,4,만족합니다,1
O1432,C0138,P0145,Cosmetics,2026-07-25,1,2,지성 피부에는 좀 자극이 있었어요. 재구매는 안 할 것 같아요.,0
O1433,C0185,P0099,Cosmetics,2026-07-25,1,4,무난하게 좋습니다,0
O1434,C0015,P0038,Cosmetics,2026-07-26,2,5,순하게 잘 맞아서 두 번째 구매입니다. 발림성 좋고 흡수도 빨라서 아침에 쓰기 편해요. 배송 빠르고 포장도 꼼꼼해서 좋았어요.,0
O1435,C0063,P0296,PC_Peripherals,2026-07-26,1,3,클릭소음은 좀 나아졌는데 마감이 아쉽습니다. 기능은 무난한데 특별할 건 없어요.,1
O1436,C0096,P0250,PC_Peripherals,2026-07-26,1,4,클릭음이 조용해서 사무실에서 쓰기 딱이에요. 반응속도 빠르고 연결도 안정적이에요. 배송 빠르고 포장도 꼼꼼해서 좋았어요.,0
O1437,C0241,P0091,Cosmetics,2026-07-26,2,3,건조함 개선은 아직 잘 모르겠는데 발림성은 좋습니다.,0
O1438,C0295,P0128,Cosmetics,2026-07-26,1,4,끈적임 없이 촉촉해서 여름에도 부담 없이 발라요. 지성 피부인데 자극 없이 잘 맞았어요. 🙂,1
O1439,C0054,P0449,Healthwear,2026-07-27,1,1,사이즈가 작게 나와서 결국 반품했어요.,1
O1440,C0142,P0495,Healthwear,2026-07-27,1,2,발목불안 때문에 샀는데 오히려 더 심해졌습니다. 사이즈가 작게 나와서 결국 반품했어요.,1
O1441,C0200,P0412,Healthwear,2026-07-27,1,5,디자인도 예쁘고 어디에 매치해도 잘 어울립니다. 발땀 걱정 덜었습니다. 진작 살 걸 그랬어요. 주문하고 다음날 바로 도착했네요. 재구매 의사 있습니다.,1
O1442,C0241,P0472,Healthwear,2026-07-27,1,5,선물용으로도 괜찮을 만큼 포장이 잘 돼서 왔어요. 발볼넓음이라 신발 고르기 어려웠는데 이건 정말 편해요. 가족한테도 추천했어요. 🙂,1
O1443,C0015,P0548,Healthwear,2026-07-28,1,4,잘 쓰고 있어요,0
O1444,C0039,P0515,Healthwear,2026-07-28,1,5,디자인도 예쁘고 어디에 매치해도 잘 어울립니다. 정사이즈로 딱 맞았어요. 주문하고 다음날 바로 도착했네요. ❣️,0
O1445,C0050,P0225,PC_Peripherals,2026-07-28,1,1,생각보다 무거워서 손목이 더 아파요. 포장이 부실해서 아쉬웠습니다.,1
O1446,C0163,P0403,Healthwear,2026-07-28,1,5,배송 빨라요 👍,1
O1447,C0182,P0296,PC_Peripherals,2026-07-28,1,5,가벼워서 장시간 써도 부담 없습니다.,1
O1448,C0191,P0015,Cosmetics,2026-07-28,1,5,끈적임 없이 촉촉해서 여름에도 부담 없이 발라요. 재구매 의사 있습니다. 👍,0
O1449,C0263,P0190,Cosmetics,2026-07-28,2,5,탄력저하 때문에 계속 고민이었는데 확실히 나아진 느낌입니다. 가족한테도 추천했어요. 👍🏻,0
O1450,C0015,P0472,Healthwear,2026-07-29,1,4,,0
O1451,C0018,P0091,Cosmetics,2026-07-29,2,5,배송 진짜 빨라요. 순하게 잘 맞아서 두 번째 구매입니다. 세라마이드 들어간 제품 찾고 있었는데 딱이네요. 재구매 의사 있습니다.,0
O1452,C0083,P0345,PC_Peripherals,2026-07-30,1,5,지연시간 때문에 바꿨는데 아주 만족합니다. 가벼워서 장시간 써도 부담 없습니다. 가족한테도 추천했어요.,1
O1453,C0263,P0316,PC_Peripherals,2026-07-30,1,4,무난하게 좋습니다,1
O1454,C0298,P0415,Healthwear,2026-07-30,1,3,사이즈가 살짝 크게 나온 것 같아요. 반 사이즈 작게 사세요.,1
O1455,C0123,P0274,PC_Peripherals,2026-07-31,1,5,반응속도 빠르고 연결도 안정적이에요. 클릭음이 조용해서 사무실에서 쓰기 딱이에요.,1
O1456,C0130,P0167,Cosmetics,2026-07-31,2,4,추천합니다,1
O1457,C0138,P0157,Cosmetics,2026-07-31,1,4,다크서클 때문에 계속 고민이었는데 확실히 나아진 느낌입니다. 😆,0
O1458,C0162,P0221,PC_Peripherals,2026-07-31,1,4,잘 쓰고 있어요,1
O1459,C0193,P0063,Cosmetics,2026-07-31,2,3,가격 대비 아쉬움,1
O1460,C0282,P0496,Healthwear,2026-07-31,1,5,쿠션감 좋아서 오래 걸어도 무릎이 편합니다. 쟁여두려고 하나 더 담았습니다. ❤️,1
O1461,C0171,P0345,PC_Peripherals,2026-08-01,1,5,배송 빨라요 👍,1
O1462,C0191,P0316,PC_Peripherals,2026-08-01,1,5,2.4GHz 무선 체감이 확실하네요. 라방에서 싸게 사서 더 만족스러워요.,0
O1463,C0224,P0472,Healthwear,2026-08-01,1,5,발볼넓음이라 신발 고르기 어려웠는데 이건 정말 편해요.,1
O1464,C0017,P0562,Healthwear,2026-08-02,1,2,쿠션이 두 달 만에 꺼졌네요. 사이즈가 작게 나와서 결국 반품했어요.,1
O1465,C0089,P0094,Cosmetics,2026-08-02,1,5,콜라겐 들어간 제품 찾고 있었는데 딱이네요.,1
O1466,C0280,P0403,Healthwear,2026-08-02,1,1,사이즈가 작게 나와서 결국 반품했어요. 재구매는 안 할 것 같아요.,1
O1467,C0068,P0193,Cosmetics,2026-08-03,1,4,마데카소사이드 들어간 제품 찾고 있었는데 딱이네요.,0
O1468,C0124,P0013,Cosmetics,2026-08-03,2,5,감초추출물 들어간 제품 찾고 있었는데 딱이네요.,1
O1469,C0191,P0114,Cosmetics,2026-08-03,3,3,테이프가 다 떨어져서 왔는데 포장에 신경 좀 써주셨으면 해요. 가격 생각하면 용량이 살짝 아쉽네요.,1
O1470,C0018,P0526,Healthwear,2026-08-04,1,4,무난하게 좋습니다,1
O1471,C0098,P0345,PC_Peripherals,2026-08-04,1,5,클릭음이 조용해서 사무실에서 쓰기 딱이에요. 가벼워서 장시간 써도 부담 없습니다. 다음엔 다른 라인도 사보려고요.,1
O1472,C0185,P0044,Cosmetics,2026-08-04,1,5,안티에이징 제품 여러 개 써봤는데 이게 제일 무난하고 좋네요. 다 쓰면 또 살 것 같아요.,0
O1473,C0225,P0452,Healthwear,2026-08-04,1,4,워킹화로 매일 신고 있는데 발이 안 피곤해요. 발볼넓음이라 신발 고르기 어려웠는데 이건 정말 편해요. ❣️,1
O1474,C0020,P0037,Cosmetics,2026-08-05,2,5,트러블 때문에 계속 고민이었는데 확실히 나아진 느낌입니다. 다음엔 다른 라인도 사보려고요.,0
O1475,C0057,P0526,Healthwear,2026-08-05,1,5,발볼넓음이라 신발 고르기 어려웠는데 이건 정말 편해요. ❣️,1
O1476,C0136,P0345,PC_Peripherals,2026-08-05,1,4,2.4GHz 무선 체감이 확실하네요.,1
O1477,C0185,P0154,Cosmetics,2026-08-05,5,5,굿굿,1
O1478,C0286,P0027,Cosmetics,2026-08-05,2,5,진정 제품 여러 개 써봤는데 이게 제일 무난하고 좋네요. 발림성 좋고 흡수도 빨라서 아침에 쓰기 편해요.,1
O1479,C0183,P0229,PC_Peripherals,2026-08-06,1,2,내구성 문제가 전혀 해결이 안 됩니다.,1
O1480,C0210,P0503,Healthwear,2026-08-06,1,4,가볍고 통기성 좋아서 여름에 신기 좋네요. 정사이즈로 딱 맞았어요.,1
O1481,C0250,P0578,Healthwear,2026-08-06,1,5,정사이즈로 딱 맞았어요. 디자인도 예쁘고 어디에 매치해도 잘 어울립니다. 발땀 걱정 덜었습니다. 진작 살 걸 그랬어요. 😆,1
O1482,C0251,P0038,Cosmetics,2026-08-06,1,5,좋아요,1
O1483,C0039,P0261,PC_Peripherals,2026-08-07,2,5,추천합니다,1
O1484,C0186,P0538,Healthwear,2026-08-07,2,4,가볍고 통기성 좋아서 여름에 신기 좋네요. 쿠션감 좋아서 오래 걸어도 무릎이 편합니다. 가족한테도 추천했어요.,1
O1485,C0209,P0230,PC_Peripherals,2026-08-07,1,5,클릭음이 조용해서 사무실에서 쓰기 딱이에요.,1
O1486,C0012,P0229,PC_Peripherals,2026-08-08,1,4,배송 진짜 빨라요. 반응속도 빠르고 연결도 안정적이에요. 유선 연결 체감이 확실하네요. 게이밍 키보드 중에 이 가격대에서 이 정도면 훌륭하죠. 재구매 의사 있습니다. 👍,1
O1487,C0020,P0482,Healthwear,2026-08-08,1,1,발볼이 좁아서 새끼발가락이 너무 아픕니다. 발볼압박 때문에 샀는데 오히려 더 심해졌습니다. 반품 고민 중입니다.,1
O1488,C0068,P0592,Healthwear,2026-08-08,1,4,,0
O1489,C0138,P0115,Cosmetics,2026-08-08,1,5,발림성 좋고 흡수도 빨라서 아침에 쓰기 편해요. ❣️,1
O1490,C0149,P0518,Healthwear,2026-08-08,1,5,포장 상태 깔끔하게 잘 왔습니다. 족저근막염 걱정 덜었습니다. 진작 살 걸 그랬어요.,1
O1491,C0164,P0453,Healthwear,2026-08-08,1,3,보통이에요,1
O1492,C0045,P0562,Healthwear,2026-08-09,1,5,가볍고 통기성 좋아서 여름에 신기 좋네요. 정사이즈로 딱 맞았어요.,1
O1493,C0068,P0505,Healthwear,2026-08-09,1,5,가볍고 통기성 좋아서 여름에 신기 좋네요. 쿠션감 좋아서 오래 걸어도 무릎이 편합니다. 다음엔 다른 라인도 사보려고요.,1
O1494,C0112,P0345,PC_Peripherals,2026-08-10,2,3,그냥 그래요,1
O1495,C0126,P0037,Cosmetics,2026-08-10,1,3,배송이 생각보다 오래 걸렸네요. 가격 생각하면 용량이 살짝 아쉽네요. 재구매는 안 할 것 같아요.,1
O1496,C0015,P0535,Healthwear,2026-08-11,2,3,박스가 찌그러진 채로 도착해서 좀 당황했어요. 실물이 사진보다 좀 투박해요. 착화감은 괜찮은데 족저근막염은 그대로예요. 재구매는 안 할 것 같아요.,1
O1497,C0096,P0038,Cosmetics,2026-08-11,2,5,,1
O1498,C0108,P0038,Cosmetics,2026-08-11,1,5,잘 쓰고 있어요,1
O1499,C0195,P0082,Cosmetics,2026-08-11,1,4,복합성 피부인데 자극 없이 잘 맞았어요. 순하게 잘 맞아서 두 번째 구매입니다. 스쿠알란 들어간 제품 찾고 있었는데 딱이네요. 다음엔 다른 라인도 사보려고요.,1
O1500,C0206,P0599,Healthwear,2026-08-11,1,4,일상화로 매일 신고 있는데 발이 안 피곤해요. 디자인도 예쁘고 어디에 매치해도 잘 어울립니다.,1
